photo_id,path,angle_label,width,height,file_size,split,extension
90__none__84631,C:\Users\aryan\OneDrive\Desktop\project_new\semantic-photo-intelligence\car_angle_dataset\90\84631.jpeg,90,256,144,5307,none,.jpeg
130__none__390127,C:\Users\aryan\OneDrive\Desktop\project_new\semantic-photo-intelligence\car_angle_dataset\130\390127.jpeg,130,256,192,3989,none,.jpeg
180__none__271303,C:\Users\aryan\OneDrive\Desktop\project_new\semantic-photo-intelligence\car_angle_dataset\180\271303.jpeg,180,256,144,3270,none,.jpeg
130__none__275166,C:\Users\aryan\OneDrive\Desktop\project_new\semantic-photo-intelligence\car_angle_dataset\130\275166.jpeg,130,256,144,5482,none,.jpeg
90__none__158672,C:\Users\aryan\OneDrive\Desktop\project_new\semantic-photo-intelligence\car_angle_dataset\90\158672.jpeg,90,256,192,5240,none,.jpeg
0__none__129829,C:\Users\aryan\OneDrive\Desktop\project_new\semantic-photo-intelligence\car_angle_dataset\0\129829.jpeg,0,256,144,2561,none,.jpeg
180__none__378486,C:\Users\aryan\OneDrive\Desktop\project_new\semantic-photo-intelligence\car_angle_dataset\180\378486.jpeg,180,256,144,3647,none,.jpeg
90__none__107266,C:\Users\aryan\OneDrive\Desktop\project_new\semantic-photo-intelligence\car_angle_dataset\90\107266.jpeg,90,256,192,5172,none,.jpeg
130__none__88962,C:\Users\aryan\OneDrive\Desktop\project_new\semantic-photo-intelligence\car_angle_dataset\130\88962.jpeg,130,256,144,4294,none,.jpeg
270__none__259367,C:\Users\aryan\OneDrive\Desktop\project_new\semantic-photo-intelligence\car_angle_dataset\270\259367.jpeg,270,256,144,3931,none,.jpeg
180__none__317135,C:\Users\aryan\OneDrive\Desktop\project_new\semantic-photo-intelligence\car_angle_dataset\180\317135.jpeg,180,256,192,6244,none,.jpeg
0__none__298567,C:\Users\aryan\OneDrive\Desktop\project_new\semantic-photo-intelligence\car_angle_dataset\0\298567.jpeg,0,256,144,2758,none,.jpeg
270__none__285874,C:\Users\aryan\OneDrive\Desktop\project_new\semantic-photo-intelligence\car_angle_dataset\270\285874.jpeg,270,256,115,5283,none,.jpeg
0__none__488037,C:\Users\aryan\OneDrive\Desktop\project_new\semantic-photo-intelligence\car_angle_dataset\0\488037.jpeg,0,256,192,7445,none,.jpeg
130__none__94170,C:\Users\aryan\OneDrive\Desktop\project_new\semantic-photo-intelligence\car_angle_dataset\130\94170.jpeg,130,256,144,4510,none,.jpeg
130__none__383445,C:\Users\aryan\OneDrive\Desktop\project_new\semantic-photo-intelligence\car_angle_dataset\130\383445.jpeg,130,256,192,3446,none,.jpeg
180__none__117648,C:\Users\aryan\OneDrive\Desktop\project_new\semantic-photo-intelligence\car_angle_dataset\180\117648.jpeg,180,256,144,3474,none,.jpeg
130__none__469070,C:\Users\aryan\OneDrive\Desktop\project_new\semantic-photo-intelligence\car_angle_dataset\130\469070.jpeg,130,256,192,4785,none,.jpeg
180__none__87004,C:\Users\aryan\OneDrive\Desktop\project_new\semantic-photo-intelligence\car_angle_dataset\180\87004.jpeg,180,256,191,5731,none,.jpeg
180__none__217659,C:\Users\aryan\OneDrive\Desktop\project_new\semantic-photo-intelligence\car_angle_dataset\180\217659.jpeg,180,256,144,4191,none,.jpeg
0__none__264724,C:\Users\aryan\OneDrive\Desktop\project_new\semantic-photo-intelligence\car_angle_dataset\0\264724.jpeg,0,256,192,8775,none,.jpeg
0__none__100727,C:\Users\aryan\OneDrive\Desktop\project_new\semantic-photo-intelligence\car_angle_dataset\0\100727.jpeg,0,256,192,5914,none,.jpeg
90__none__148178,C:\Users\aryan\OneDrive\Desktop\project_new\semantic-photo-intelligence\car_angle_dataset\90\148178.jpeg,90,256,192,4608,none,.jpeg
90__none__210182,C:\Users\aryan\OneDrive\Desktop\project_new\semantic-photo-intelligence\car_angle_dataset\90\210182.jpeg,90,256,192,4849,none,.jpeg
270__none__383812,C:\Users\aryan\OneDrive\Desktop\project_new\semantic-photo-intelligence\car_angle_dataset\270\383812.jpeg,270,256,192,5422,none,.jpeg
130__none__365162,C:\Users\aryan\OneDrive\Desktop\project_new\semantic-photo-intelligence\car_angle_dataset\130\365162.jpeg,130,256,144,3832,none,.jpeg
270__none__354675,C:\Users\aryan\OneDrive\Desktop\project_new\semantic-photo-intelligence\car_angle_dataset\270\354675.jpeg,270,256,144,3605,none,.jpeg
130__none__123730,C:\Users\aryan\OneDrive\Desktop\project_new\semantic-photo-intelligence\car_angle_dataset\130\123730.jpeg,130,256,144,5119,none,.jpeg
180__none__87123,C:\Users\aryan\OneDrive\Desktop\project_new\semantic-photo-intelligence\car_angle_dataset\180\87123.jpeg,180,256,144,5184,none,.jpeg
90__none__243019,C:\Users\aryan\OneDrive\Desktop\project_new\semantic-photo-intelligence\car_angle_dataset\90\243019.jpeg,90,256,144,5201,none,.jpeg
0__none__316543,C:\Users\aryan\OneDrive\Desktop\project_new\semantic-photo-intelligence\car_angle_dataset\0\316543.jpeg,0,256,192,6706,none,.jpeg
90__none__93961,C:\Users\aryan\OneDrive\Desktop\project_new\semantic-photo-intelligence\car_angle_dataset\90\93961.jpeg,90,256,192,5728,none,.jpeg
270__none__231732,C:\Users\aryan\OneDrive\Desktop\project_new\semantic-photo-intelligence\car_angle_dataset\270\231732.jpeg,270,256,144,4888,none,.jpeg
180__none__82400,C:\Users\aryan\OneDrive\Desktop\project_new\semantic-photo-intelligence\car_angle_dataset\180\82400.jpeg,180,256,144,4347,none,.jpeg
0__none__414112,C:\Users\aryan\OneDrive\Desktop\project_new\semantic-photo-intelligence\car_angle_dataset\0\414112.jpeg,0,256,144,2636,none,.jpeg
0__none__483195,C:\Users\aryan\OneDrive\Desktop\project_new\semantic-photo-intelligence\car_angle_dataset\0\483195.jpeg,0,256,192,5897,none,.jpeg
180__none__127908,C:\Users\aryan\OneDrive\Desktop\project_new\semantic-photo-intelligence\car_angle_dataset\180\127908.jpeg,180,256,192,4912,none,.jpeg
270__none__452038,C:\Users\aryan\OneDrive\Desktop\project_new\semantic-photo-intelligence\car_angle_dataset\270\452038.jpeg,270,256,170,3958,none,.jpeg
270__none__209535,C:\Users\aryan\OneDrive\Desktop\project_new\semantic-photo-intelligence\car_angle_dataset\270\209535.jpeg,270,256,192,5451,none,.jpeg
180__none__68788,C:\Users\aryan\OneDrive\Desktop\project_new\semantic-photo-intelligence\car_angle_dataset\180\68788.jpeg,180,256,236,7734,none,.jpeg
130__none__288894,C:\Users\aryan\OneDrive\Desktop\project_new\semantic-photo-intelligence\car_angle_dataset\130\288894.jpeg,130,256,144,4535,none,.jpeg
90__none__124111,C:\Users\aryan\OneDrive\Desktop\project_new\semantic-photo-intelligence\car_angle_dataset\90\124111.jpeg,90,256,144,5536,none,.jpeg
270__none__480999,C:\Users\aryan\OneDrive\Desktop\project_new\semantic-photo-intelligence\car_angle_dataset\270\480999.jpeg,270,256,192,4604,none,.jpeg
270__none__190760,C:\Users\aryan\OneDrive\Desktop\project_new\semantic-photo-intelligence\car_angle_dataset\270\190760.jpeg,270,256,144,4218,none,.jpeg
180__none__433887,C:\Users\aryan\OneDrive\Desktop\project_new\semantic-photo-intelligence\car_angle_dataset\180\433887.jpeg,180,256,144,2522,none,.jpeg
130__none__464335,C:\Users\aryan\OneDrive\Desktop\project_new\semantic-photo-intelligence\car_angle_dataset\130\464335.jpeg,130,256,192,5597,none,.jpeg
270__none__207554,C:\Users\aryan\OneDrive\Desktop\project_new\semantic-photo-intelligence\car_angle_dataset\270\207554.jpeg,270,256,144,4344,none,.jpeg
180__none__132534,C:\Users\aryan\OneDrive\Desktop\project_new\semantic-photo-intelligence\car_angle_dataset\180\132534.jpeg,180,256,192,5591,none,.jpeg
90__none__234183,C:\Users\aryan\OneDrive\Desktop\project_new\semantic-photo-intelligence\car_angle_dataset\90\234183.jpeg,90,256,144,3569,none,.jpeg
180__none__374684,C:\Users\aryan\OneDrive\Desktop\project_new\semantic-photo-intelligence\car_angle_dataset\180\374684.jpeg,180,256,192,4798,none,.jpeg
270__none__332750,C:\Users\aryan\OneDrive\Desktop\project_new\semantic-photo-intelligence\car_angle_dataset\270\332750.jpeg,270,256,144,3864,none,.jpeg
90__none__296449,C:\Users\aryan\OneDrive\Desktop\project_new\semantic-photo-intelligence\car_angle_dataset\90\296449.jpeg,90,256,192,4548,none,.jpeg
180__none__301853,C:\Users\aryan\OneDrive\Desktop\project_new\semantic-photo-intelligence\car_angle_dataset\180\301853.jpeg,180,256,144,3017,none,.jpeg
130__none__157815,C:\Users\aryan\OneDrive\Desktop\project_new\semantic-photo-intelligence\car_angle_dataset\130\157815.jpeg,130,256,192,4668,none,.jpeg
270__none__251332,C:\Users\aryan\OneDrive\Desktop\project_new\semantic-photo-intelligence\car_angle_dataset\270\251332.jpeg,270,256,192,5605,none,.jpeg
270__none__389477,C:\Users\aryan\OneDrive\Desktop\project_new\semantic-photo-intelligence\car_angle_dataset\270\389477.jpeg,270,256,192,3277,none,.jpeg
130__none__353753,C:\Users\aryan\OneDrive\Desktop\project_new\semantic-photo-intelligence\car_angle_dataset\130\353753.jpeg,130,256,144,5069,none,.jpeg
180__none__467073,C:\Users\aryan\OneDrive\Desktop\project_new\semantic-photo-intelligence\car_angle_dataset\180\467073.jpeg,180,256,192,3182,none,.jpeg
130__none__474825,C:\Users\aryan\OneDrive\Desktop\project_new\semantic-photo-intelligence\car_angle_dataset\130\474825.jpeg,130,256,192,3986,none,.jpeg
180__none__432975,C:\Users\aryan\OneDrive\Desktop\project_new\semantic-photo-intelligence\car_angle_dataset\180\432975.jpeg,180,256,170,6759,none,.jpeg
270__none__294000,C:\Users\aryan\OneDrive\Desktop\project_new\semantic-photo-intelligence\car_angle_dataset\270\294000.jpeg,270,256,192,5404,none,.jpeg
270__none__405180,C:\Users\aryan\OneDrive\Desktop\project_new\semantic-photo-intelligence\car_angle_dataset\270\405180.jpeg,270,256,192,4060,none,.jpeg
0__none__390846,C:\Users\aryan\OneDrive\Desktop\project_new\semantic-photo-intelligence\car_angle_dataset\0\390846.jpeg,0,256,192,7935,none,.jpeg
0__none__82973,C:\Users\aryan\OneDrive\Desktop\project_new\semantic-photo-intelligence\car_angle_dataset\0\82973.jpeg,0,256,144,4833,none,.jpeg
0__none__456374,C:\Users\aryan\OneDrive\Desktop\project_new\semantic-photo-intelligence\car_angle_dataset\0\456374.jpeg,0,256,144,5265,none,.jpeg
90__none__115502,C:\Users\aryan\OneDrive\Desktop\project_new\semantic-photo-intelligence\car_angle_dataset\90\115502.jpeg,90,256,144,5016,none,.jpeg
130__none__410525,C:\Users\aryan\OneDrive\Desktop\project_new\semantic-photo-intelligence\car_angle_dataset\130\410525.jpeg,130,256,192,4631,none,.jpeg
130__none__119719,C:\Users\aryan\OneDrive\Desktop\project_new\semantic-photo-intelligence\car_angle_dataset\130\119719.jpeg,130,256,144,4007,none,.jpeg
90__none__12702,C:\Users\aryan\OneDrive\Desktop\project_new\semantic-photo-intelligence\car_angle_dataset\90\12702.jpeg,90,256,144,4750,none,.jpeg
180__none__240009,C:\Users\aryan\OneDrive\Desktop\project_new\semantic-photo-intelligence\car_angle_dataset\180\240009.jpeg,180,256,144,3395,none,.jpeg
130__none__130478,C:\Users\aryan\OneDrive\Desktop\project_new\semantic-photo-intelligence\car_angle_dataset\130\130478.jpeg,130,256,144,4332,none,.jpeg
90__none__182294,C:\Users\aryan\OneDrive\Desktop\project_new\semantic-photo-intelligence\car_angle_dataset\90\182294.jpeg,90,256,144,5075,none,.jpeg
90__none__223897,C:\Users\aryan\OneDrive\Desktop\project_new\semantic-photo-intelligence\car_angle_dataset\90\223897.jpeg,90,256,191,5472,none,.jpeg
0__none__81829,C:\Users\aryan\OneDrive\Desktop\project_new\semantic-photo-intelligence\car_angle_dataset\0\81829.jpeg,0,256,144,3398,none,.jpeg
130__none__87985,C:\Users\aryan\OneDrive\Desktop\project_new\semantic-photo-intelligence\car_angle_dataset\130\87985.jpeg,130,256,144,3807,none,.jpeg
180__none__318120,C:\Users\aryan\OneDrive\Desktop\project_new\semantic-photo-intelligence\car_angle_dataset\180\318120.jpeg,180,256,144,4513,none,.jpeg
0__none__163811,C:\Users\aryan\OneDrive\Desktop\project_new\semantic-photo-intelligence\car_angle_dataset\0\163811.jpeg,0,256,144,4288,none,.jpeg
130__none__330224,C:\Users\aryan\OneDrive\Desktop\project_new\semantic-photo-intelligence\car_angle_dataset\130\330224.jpeg,130,256,144,4000,none,.jpeg
180__none__169967,C:\Users\aryan\OneDrive\Desktop\project_new\semantic-photo-intelligence\car_angle_dataset\180\169967.jpeg,180,256,192,2729,none,.jpeg
90__none__196914,C:\Users\aryan\OneDrive\Desktop\project_new\semantic-photo-intelligence\car_angle_dataset\90\196914.jpeg,90,256,144,4812,none,.jpeg
180__none__192166,C:\Users\aryan\OneDrive\Desktop\project_new\semantic-photo-intelligence\car_angle_dataset\180\192166.jpeg,180,256,144,5370,none,.jpeg
0__none__496050,C:\Users\aryan\OneDrive\Desktop\project_new\semantic-photo-intelligence\car_angle_dataset\0\496050.jpeg,0,256,192,5459,none,.jpeg
130__none__379915,C:\Users\aryan\OneDrive\Desktop\project_new\semantic-photo-intelligence\car_angle_dataset\130\379915.jpeg,130,256,144,4558,none,.jpeg
270__none__482544,C:\Users\aryan\OneDrive\Desktop\project_new\semantic-photo-intelligence\car_angle_dataset\270\482544.jpeg,270,256,192,5988,none,.jpeg
0__none__432402,C:\Users\aryan\OneDrive\Desktop\project_new\semantic-photo-intelligence\car_angle_dataset\0\432402.jpeg,0,256,192,6610,none,.jpeg
0__none__143197,C:\Users\aryan\OneDrive\Desktop\project_new\semantic-photo-intelligence\car_angle_dataset\0\143197.jpeg,0,256,192,9222,none,.jpeg
90__none__45847,C:\Users\aryan\OneDrive\Desktop\project_new\semantic-photo-intelligence\car_angle_dataset\90\45847.jpeg,90,256,144,3694,none,.jpeg
180__none__306611,C:\Users\aryan\OneDrive\Desktop\project_new\semantic-photo-intelligence\car_angle_dataset\180\306611.jpeg,180,256,144,3246,none,.jpeg
130__none__292263,C:\Users\aryan\OneDrive\Desktop\project_new\semantic-photo-intelligence\car_angle_dataset\130\292263.jpeg,130,256,144,4144,none,.jpeg
130__none__156614,C:\Users\aryan\OneDrive\Desktop\project_new\semantic-photo-intelligence\car_angle_dataset\130\156614.jpeg,130,256,192,3986,none,.jpeg
130__none__134681,C:\Users\aryan\OneDrive\Desktop\project_new\semantic-photo-intelligence\car_angle_dataset\130\134681.jpeg,130,256,144,5060,none,.jpeg
0__none__214327,C:\Users\aryan\OneDrive\Desktop\project_new\semantic-photo-intelligence\car_angle_dataset\0\214327.jpeg,0,256,144,3526,none,.jpeg
90__none__22624,C:\Users\aryan\OneDrive\Desktop\project_new\semantic-photo-intelligence\car_angle_dataset\90\22624.jpeg,90,256,191,3361,none,.jpeg
0__none__151766,C:\Users\aryan\OneDrive\Desktop\project_new\semantic-photo-intelligence\car_angle_dataset\0\151766.jpeg,0,256,192,5897,none,.jpeg
90__none__16040,C:\Users\aryan\OneDrive\Desktop\project_new\semantic-photo-intelligence\car_angle_dataset\90\16040.jpeg,90,256,192,5152,none,.jpeg
130__none__123189,C:\Users\aryan\OneDrive\Desktop\project_new\semantic-photo-intelligence\car_angle_dataset\130\123189.jpeg,130,256,144,4131,none,.jpeg
90__none__270838,C:\Users\aryan\OneDrive\Desktop\project_new\semantic-photo-intelligence\car_angle_dataset\90\270838.jpeg,90,256,144,3838,none,.jpeg
270__none__334187,C:\Users\aryan\OneDrive\Desktop\project_new\semantic-photo-intelligence\car_angle_dataset\270\334187.jpeg,270,256,144,4671,none,.jpeg
0__none__398032,C:\Users\aryan\OneDrive\Desktop\project_new\semantic-photo-intelligence\car_angle_dataset\0\398032.jpeg,0,256,192,9575,none,.jpeg
90__none__211122,C:\Users\aryan\OneDrive\Desktop\project_new\semantic-photo-intelligence\car_angle_dataset\90\211122.jpeg,90,256,192,2545,none,.jpeg
0__none__417735,C:\Users\aryan\OneDrive\Desktop\project_new\semantic-photo-intelligence\car_angle_dataset\0\417735.jpeg,0,256,144,4704,none,.jpeg
90__none__288003,C:\Users\aryan\OneDrive\Desktop\project_new\semantic-photo-intelligence\car_angle_dataset\90\288003.jpeg,90,256,144,6451,none,.jpeg
90__none__144010,C:\Users\aryan\OneDrive\Desktop\project_new\semantic-photo-intelligence\car_angle_dataset\90\144010.jpeg,90,256,144,5052,none,.jpeg
180__none__177062,C:\Users\aryan\OneDrive\Desktop\project_new\semantic-photo-intelligence\car_angle_dataset\180\177062.jpeg,180,256,144,4050,none,.jpeg
180__none__183271,C:\Users\aryan\OneDrive\Desktop\project_new\semantic-photo-intelligence\car_angle_dataset\180\183271.jpeg,180,256,144,4440,none,.jpeg
270__none__439504,C:\Users\aryan\OneDrive\Desktop\project_new\semantic-photo-intelligence\car_angle_dataset\270\439504.jpeg,270,256,144,3812,none,.jpeg
90__none__336258,C:\Users\aryan\OneDrive\Desktop\project_new\semantic-photo-intelligence\car_angle_dataset\90\336258.jpeg,90,256,192,5704,none,.jpeg
180__none__190240,C:\Users\aryan\OneDrive\Desktop\project_new\semantic-photo-intelligence\car_angle_dataset\180\190240.jpeg,180,256,192,6773,none,.jpeg
0__none__132725,C:\Users\aryan\OneDrive\Desktop\project_new\semantic-photo-intelligence\car_angle_dataset\0\132725.jpeg,0,256,192,6233,none,.jpeg
180__none__391973,C:\Users\aryan\OneDrive\Desktop\project_new\semantic-photo-intelligence\car_angle_dataset\180\391973.jpeg,180,256,144,3439,none,.jpeg
270__none__369005,C:\Users\aryan\OneDrive\Desktop\project_new\semantic-photo-intelligence\car_angle_dataset\270\369005.jpeg,270,256,144,3825,none,.jpeg
180__none__215762,C:\Users\aryan\OneDrive\Desktop\project_new\semantic-photo-intelligence\car_angle_dataset\180\215762.jpeg,180,256,144,3612,none,.jpeg
0__none__446494,C:\Users\aryan\OneDrive\Desktop\project_new\semantic-photo-intelligence\car_angle_dataset\0\446494.jpeg,0,256,192,3433,none,.jpeg
0__none__272192,C:\Users\aryan\OneDrive\Desktop\project_new\semantic-photo-intelligence\car_angle_dataset\0\272192.jpeg,0,256,191,8809,none,.jpeg
90__none__24306,C:\Users\aryan\OneDrive\Desktop\project_new\semantic-photo-intelligence\car_angle_dataset\90\24306.jpeg,90,256,192,4503,none,.jpeg
180__none__262885,C:\Users\aryan\OneDrive\Desktop\project_new\semantic-photo-intelligence\car_angle_dataset\180\262885.jpeg,180,256,144,2872,none,.jpeg
0__none__172675,C:\Users\aryan\OneDrive\Desktop\project_new\semantic-photo-intelligence\car_angle_dataset\0\172675.jpeg,0,256,144,3684,none,.jpeg
0__none__96500,C:\Users\aryan\OneDrive\Desktop\project_new\semantic-photo-intelligence\car_angle_dataset\0\96500.jpeg,0,256,192,8082,none,.jpeg
180__none__259812,C:\Users\aryan\OneDrive\Desktop\project_new\semantic-photo-intelligence\car_angle_dataset\180\259812.jpeg,180,256,144,3699,none,.jpeg
0__none__125463,C:\Users\aryan\OneDrive\Desktop\project_new\semantic-photo-intelligence\car_angle_dataset\0\125463.jpeg,0,256,144,3294,none,.jpeg
0__none__209351,C:\Users\aryan\OneDrive\Desktop\project_new\semantic-photo-intelligence\car_angle_dataset\0\209351.jpeg,0,256,192,5515,none,.jpeg
180__none__234066,C:\Users\aryan\OneDrive\Desktop\project_new\semantic-photo-intelligence\car_angle_dataset\180\234066.jpeg,180,256,144,4854,none,.jpeg
180__none__265040,C:\Users\aryan\OneDrive\Desktop\project_new\semantic-photo-intelligence\car_angle_dataset\180\265040.jpeg,180,256,144,3840,none,.jpeg
180__none__133447,C:\Users\aryan\OneDrive\Desktop\project_new\semantic-photo-intelligence\car_angle_dataset\180\133447.jpeg,180,256,144,2596,none,.jpeg
90__none__205998,C:\Users\aryan\OneDrive\Desktop\project_new\semantic-photo-intelligence\car_angle_dataset\90\205998.jpeg,90,256,192,4970,none,.jpeg
0__none__282392,C:\Users\aryan\OneDrive\Desktop\project_new\semantic-photo-intelligence\car_angle_dataset\0\282392.jpeg,0,256,192,7000,none,.jpeg
130__none__94575,C:\Users\aryan\OneDrive\Desktop\project_new\semantic-photo-intelligence\car_angle_dataset\130\94575.jpeg,130,256,144,3940,none,.jpeg
270__none__361094,C:\Users\aryan\OneDrive\Desktop\project_new\semantic-photo-intelligence\car_angle_dataset\270\361094.jpeg,270,256,192,5783,none,.jpeg
130__none__491032,C:\Users\aryan\OneDrive\Desktop\project_new\semantic-photo-intelligence\car_angle_dataset\130\491032.jpeg,130,256,144,2759,none,.jpeg
90__none__194460,C:\Users\aryan\OneDrive\Desktop\project_new\semantic-photo-intelligence\car_angle_dataset\90\194460.jpeg,90,256,192,7227,none,.jpeg
90__none__5564,C:\Users\aryan\OneDrive\Desktop\project_new\semantic-photo-intelligence\car_angle_dataset\90\5564.jpeg,90,256,170,5113,none,.jpeg
0__none__226593,C:\Users\aryan\OneDrive\Desktop\project_new\semantic-photo-intelligence\car_angle_dataset\0\226593.jpeg,0,256,192,5959,none,.jpeg
180__none__72368,C:\Users\aryan\OneDrive\Desktop\project_new\semantic-photo-intelligence\car_angle_dataset\180\72368.jpeg,180,256,144,3493,none,.jpeg
270__none__274394,C:\Users\aryan\OneDrive\Desktop\project_new\semantic-photo-intelligence\car_angle_dataset\270\274394.jpeg,270,256,192,4075,none,.jpeg
0__none__381844,C:\Users\aryan\OneDrive\Desktop\project_new\semantic-photo-intelligence\car_angle_dataset\0\381844.jpeg,0,256,192,3750,none,.jpeg
0__none__237206,C:\Users\aryan\OneDrive\Desktop\project_new\semantic-photo-intelligence\car_angle_dataset\0\237206.jpeg,0,256,192,7358,none,.jpeg
270__none__322125,C:\Users\aryan\OneDrive\Desktop\project_new\semantic-photo-intelligence\car_angle_dataset\270\322125.jpeg,270,256,192,4786,none,.jpeg
90__none__282631,C:\Users\aryan\OneDrive\Desktop\project_new\semantic-photo-intelligence\car_angle_dataset\90\282631.jpeg,90,256,192,5913,none,.jpeg
130__none__391113,C:\Users\aryan\OneDrive\Desktop\project_new\semantic-photo-intelligence\car_angle_dataset\130\391113.jpeg,130,256,192,5159,none,.jpeg
130__none__294919,C:\Users\aryan\OneDrive\Desktop\project_new\semantic-photo-intelligence\car_angle_dataset\130\294919.jpeg,130,256,192,6209,none,.jpeg
270__none__222906,C:\Users\aryan\OneDrive\Desktop\project_new\semantic-photo-intelligence\car_angle_dataset\270\222906.jpeg,270,256,144,3756,none,.jpeg
0__none__300381,C:\Users\aryan\OneDrive\Desktop\project_new\semantic-photo-intelligence\car_angle_dataset\0\300381.jpeg,0,256,181,6975,none,.jpeg
130__none__418067,C:\Users\aryan\OneDrive\Desktop\project_new\semantic-photo-intelligence\car_angle_dataset\130\418067.jpeg,130,256,144,4675,none,.jpeg
90__none__333756,C:\Users\aryan\OneDrive\Desktop\project_new\semantic-photo-intelligence\car_angle_dataset\90\333756.jpeg,90,256,144,4156,none,.jpeg
180__none__227380,C:\Users\aryan\OneDrive\Desktop\project_new\semantic-photo-intelligence\car_angle_dataset\180\227380.jpeg,180,256,191,3494,none,.jpeg
180__none__469958,C:\Users\aryan\OneDrive\Desktop\project_new\semantic-photo-intelligence\car_angle_dataset\180\469958.jpeg,180,256,256,9263,none,.jpeg
180__none__474423,C:\Users\aryan\OneDrive\Desktop\project_new\semantic-photo-intelligence\car_angle_dataset\180\474423.jpeg,180,256,192,4631,none,.jpeg
270__none__313276,C:\Users\aryan\OneDrive\Desktop\project_new\semantic-photo-intelligence\car_angle_dataset\270\313276.jpeg,270,256,144,3708,none,.jpeg
130__none__343996,C:\Users\aryan\OneDrive\Desktop\project_new\semantic-photo-intelligence\car_angle_dataset\130\343996.jpeg,130,256,144,4827,none,.jpeg
90__none__65847,C:\Users\aryan\OneDrive\Desktop\project_new\semantic-photo-intelligence\car_angle_dataset\90\65847.jpeg,90,256,144,4483,none,.jpeg
90__none__11312,C:\Users\aryan\OneDrive\Desktop\project_new\semantic-photo-intelligence\car_angle_dataset\90\11312.jpeg,90,256,144,4700,none,.jpeg
130__none__272919,C:\Users\aryan\OneDrive\Desktop\project_new\semantic-photo-intelligence\car_angle_dataset\130\272919.jpeg,130,256,192,6033,none,.jpeg
270__none__288325,C:\Users\aryan\OneDrive\Desktop\project_new\semantic-photo-intelligence\car_angle_dataset\270\288325.jpeg,270,256,192,4834,none,.jpeg
90__none__158381,C:\Users\aryan\OneDrive\Desktop\project_new\semantic-photo-intelligence\car_angle_dataset\90\158381.jpeg,90,256,192,5564,none,.jpeg
180__none__318198,C:\Users\aryan\OneDrive\Desktop\project_new\semantic-photo-intelligence\car_angle_dataset\180\318198.jpeg,180,256,192,8940,none,.jpeg
270__none__497617,C:\Users\aryan\OneDrive\Desktop\project_new\semantic-photo-intelligence\car_angle_dataset\270\497617.jpeg,270,256,192,5052,none,.jpeg
0__none__169217,C:\Users\aryan\OneDrive\Desktop\project_new\semantic-photo-intelligence\car_angle_dataset\0\169217.jpeg,0,256,144,3344,none,.jpeg
270__none__333311,C:\Users\aryan\OneDrive\Desktop\project_new\semantic-photo-intelligence\car_angle_dataset\270\333311.jpeg,270,256,191,4683,none,.jpeg
90__none__136783,C:\Users\aryan\OneDrive\Desktop\project_new\semantic-photo-intelligence\car_angle_dataset\90\136783.jpeg,90,256,144,5067,none,.jpeg
0__none__483654,C:\Users\aryan\OneDrive\Desktop\project_new\semantic-photo-intelligence\car_angle_dataset\0\483654.jpeg,0,256,192,8634,none,.jpeg
180__none__413706,C:\Users\aryan\OneDrive\Desktop\project_new\semantic-photo-intelligence\car_angle_dataset\180\413706.jpeg,180,256,192,3464,none,.jpeg
180__none__189709,C:\Users\aryan\OneDrive\Desktop\project_new\semantic-photo-intelligence\car_angle_dataset\180\189709.jpeg,180,256,192,3755,none,.jpeg
0__none__272674,C:\Users\aryan\OneDrive\Desktop\project_new\semantic-photo-intelligence\car_angle_dataset\0\272674.jpeg,0,256,192,4900,none,.jpeg
130__none__80491,C:\Users\aryan\OneDrive\Desktop\project_new\semantic-photo-intelligence\car_angle_dataset\130\80491.jpeg,130,256,144,4738,none,.jpeg
130__none__294790,C:\Users\aryan\OneDrive\Desktop\project_new\semantic-photo-intelligence\car_angle_dataset\130\294790.jpeg,130,256,192,8216,none,.jpeg
0__none__447240,C:\Users\aryan\OneDrive\Desktop\project_new\semantic-photo-intelligence\car_angle_dataset\0\447240.jpeg,0,256,144,3368,none,.jpeg
90__none__295743,C:\Users\aryan\OneDrive\Desktop\project_new\semantic-photo-intelligence\car_angle_dataset\90\295743.jpeg,90,256,192,5790,none,.jpeg
0__none__490742,C:\Users\aryan\OneDrive\Desktop\project_new\semantic-photo-intelligence\car_angle_dataset\0\490742.jpeg,0,256,192,4136,none,.jpeg
270__none__272787,C:\Users\aryan\OneDrive\Desktop\project_new\semantic-photo-intelligence\car_angle_dataset\270\272787.jpeg,270,256,192,5183,none,.jpeg
130__none__359705,C:\Users\aryan\OneDrive\Desktop\project_new\semantic-photo-intelligence\car_angle_dataset\130\359705.jpeg,130,256,144,4637,none,.jpeg
0__none__373235,C:\Users\aryan\OneDrive\Desktop\project_new\semantic-photo-intelligence\car_angle_dataset\0\373235.jpeg,0,256,192,4153,none,.jpeg
130__none__165477,C:\Users\aryan\OneDrive\Desktop\project_new\semantic-photo-intelligence\car_angle_dataset\130\165477.jpeg,130,256,192,4668,none,.jpeg
0__none__489653,C:\Users\aryan\OneDrive\Desktop\project_new\semantic-photo-intelligence\car_angle_dataset\0\489653.jpeg,0,256,192,6787,none,.jpeg
180__none__330296,C:\Users\aryan\OneDrive\Desktop\project_new\semantic-photo-intelligence\car_angle_dataset\180\330296.jpeg,180,256,144,3685,none,.jpeg
130__none__152229,C:\Users\aryan\OneDrive\Desktop\project_new\semantic-photo-intelligence\car_angle_dataset\130\152229.jpeg,130,256,162,6122,none,.jpeg
180__none__413098,C:\Users\aryan\OneDrive\Desktop\project_new\semantic-photo-intelligence\car_angle_dataset\180\413098.jpeg,180,256,192,6353,none,.jpeg
0__none__388587,C:\Users\aryan\OneDrive\Desktop\project_new\semantic-photo-intelligence\car_angle_dataset\0\388587.jpeg,0,256,192,5672,none,.jpeg
90__none__84806,C:\Users\aryan\OneDrive\Desktop\project_new\semantic-photo-intelligence\car_angle_dataset\90\84806.jpeg,90,256,192,4325,none,.jpeg
270__none__488895,C:\Users\aryan\OneDrive\Desktop\project_new\semantic-photo-intelligence\car_angle_dataset\270\488895.jpeg,270,256,192,5128,none,.jpeg
270__none__262090,C:\Users\aryan\OneDrive\Desktop\project_new\semantic-photo-intelligence\car_angle_dataset\270\262090.jpeg,270,256,144,3927,none,.jpeg
180__none__429516,C:\Users\aryan\OneDrive\Desktop\project_new\semantic-photo-intelligence\car_angle_dataset\180\429516.jpeg,180,256,170,3641,none,.jpeg
270__none__420762,C:\Users\aryan\OneDrive\Desktop\project_new\semantic-photo-intelligence\car_angle_dataset\270\420762.jpeg,270,256,191,5215,none,.jpeg
180__none__268431,C:\Users\aryan\OneDrive\Desktop\project_new\semantic-photo-intelligence\car_angle_dataset\180\268431.jpeg,180,256,170,3903,none,.jpeg
270__none__289948,C:\Users\aryan\OneDrive\Desktop\project_new\semantic-photo-intelligence\car_angle_dataset\270\289948.jpeg,270,256,144,3555,none,.jpeg
130__none__123893,C:\Users\aryan\OneDrive\Desktop\project_new\semantic-photo-intelligence\car_angle_dataset\130\123893.jpeg,130,256,144,4557,none,.jpeg
0__none__201691,C:\Users\aryan\OneDrive\Desktop\project_new\semantic-photo-intelligence\car_angle_dataset\0\201691.jpeg,0,256,144,2981,none,.jpeg
270__none__403667,C:\Users\aryan\OneDrive\Desktop\project_new\semantic-photo-intelligence\car_angle_dataset\270\403667.jpeg,270,256,192,4557,none,.jpeg
0__none__243100,C:\Users\aryan\OneDrive\Desktop\project_new\semantic-photo-intelligence\car_angle_dataset\0\243100.jpeg,0,256,144,3102,none,.jpeg
90__none__124215,C:\Users\aryan\OneDrive\Desktop\project_new\semantic-photo-intelligence\car_angle_dataset\90\124215.jpeg,90,256,144,3768,none,.jpeg
90__none__118120,C:\Users\aryan\OneDrive\Desktop\project_new\semantic-photo-intelligence\car_angle_dataset\90\118120.jpeg,90,256,191,3765,none,.jpeg
270__none__456591,C:\Users\aryan\OneDrive\Desktop\project_new\semantic-photo-intelligence\car_angle_dataset\270\456591.jpeg,270,256,192,4738,none,.jpeg
270__none__259508,C:\Users\aryan\OneDrive\Desktop\project_new\semantic-photo-intelligence\car_angle_dataset\270\259508.jpeg,270,256,192,4966,none,.jpeg
130__none__350920,C:\Users\aryan\OneDrive\Desktop\project_new\semantic-photo-intelligence\car_angle_dataset\130\350920.jpeg,130,256,144,4794,none,.jpeg
180__none__301609,C:\Users\aryan\OneDrive\Desktop\project_new\semantic-photo-intelligence\car_angle_dataset\180\301609.jpeg,180,256,192,5742,none,.jpeg
0__none__358365,C:\Users\aryan\OneDrive\Desktop\project_new\semantic-photo-intelligence\car_angle_dataset\0\358365.jpeg,0,256,144,4489,none,.jpeg
90__none__197137,C:\Users\aryan\OneDrive\Desktop\project_new\semantic-photo-intelligence\car_angle_dataset\90\197137.jpeg,90,256,192,5163,none,.jpeg
130__none__486184,C:\Users\aryan\OneDrive\Desktop\project_new\semantic-photo-intelligence\car_angle_dataset\130\486184.jpeg,130,256,162,6122,none,.jpeg
130__none__119042,C:\Users\aryan\OneDrive\Desktop\project_new\semantic-photo-intelligence\car_angle_dataset\130\119042.jpeg,130,256,144,3248,none,.jpeg
0__none__383199,C:\Users\aryan\OneDrive\Desktop\project_new\semantic-photo-intelligence\car_angle_dataset\0\383199.jpeg,0,256,192,4067,none,.jpeg
90__none__307010,C:\Users\aryan\OneDrive\Desktop\project_new\semantic-photo-intelligence\car_angle_dataset\90\307010.jpeg,90,256,144,3677,none,.jpeg
0__none__301933,C:\Users\aryan\OneDrive\Desktop\project_new\semantic-photo-intelligence\car_angle_dataset\0\301933.jpeg,0,256,170,5798,none,.jpeg
270__none__200442,C:\Users\aryan\OneDrive\Desktop\project_new\semantic-photo-intelligence\car_angle_dataset\270\200442.jpeg,270,256,144,4363,none,.jpeg
0__none__445715,C:\Users\aryan\OneDrive\Desktop\project_new\semantic-photo-intelligence\car_angle_dataset\0\445715.jpeg,0,256,192,4700,none,.jpeg
90__none__209197,C:\Users\aryan\OneDrive\Desktop\project_new\semantic-photo-intelligence\car_angle_dataset\90\209197.jpeg,90,256,192,3539,none,.jpeg
270__none__356083,C:\Users\aryan\OneDrive\Desktop\project_new\semantic-photo-intelligence\car_angle_dataset\270\356083.jpeg,270,256,144,4780,none,.jpeg
180__none__213562,C:\Users\aryan\OneDrive\Desktop\project_new\semantic-photo-intelligence\car_angle_dataset\180\213562.jpeg,180,256,144,4365,none,.jpeg
0__none__140216,C:\Users\aryan\OneDrive\Desktop\project_new\semantic-photo-intelligence\car_angle_dataset\0\140216.jpeg,0,256,144,4111,none,.jpeg
90__none__128726,C:\Users\aryan\OneDrive\Desktop\project_new\semantic-photo-intelligence\car_angle_dataset\90\128726.jpeg,90,256,144,3239,none,.jpeg
130__none__145937,C:\Users\aryan\OneDrive\Desktop\project_new\semantic-photo-intelligence\car_angle_dataset\130\145937.jpeg,130,256,144,4234,none,.jpeg
180__none__120624,C:\Users\aryan\OneDrive\Desktop\project_new\semantic-photo-intelligence\car_angle_dataset\180\120624.jpeg,180,256,192,6428,none,.jpeg
130__none__218965,C:\Users\aryan\OneDrive\Desktop\project_new\semantic-photo-intelligence\car_angle_dataset\130\218965.jpeg,130,256,144,3292,none,.jpeg
180__none__94821,C:\Users\aryan\OneDrive\Desktop\project_new\semantic-photo-intelligence\car_angle_dataset\180\94821.jpeg,180,256,144,3259,none,.jpeg
130__none__483189,C:\Users\aryan\OneDrive\Desktop\project_new\semantic-photo-intelligence\car_angle_dataset\130\483189.jpeg,130,256,192,5588,none,.jpeg
180__none__103905,C:\Users\aryan\OneDrive\Desktop\project_new\semantic-photo-intelligence\car_angle_dataset\180\103905.jpeg,180,256,192,8297,none,.jpeg
0__none__186816,C:\Users\aryan\OneDrive\Desktop\project_new\semantic-photo-intelligence\car_angle_dataset\0\186816.jpeg,0,256,144,4307,none,.jpeg
90__none__260167,C:\Users\aryan\OneDrive\Desktop\project_new\semantic-photo-intelligence\car_angle_dataset\90\260167.jpeg,90,256,144,3998,none,.jpeg
180__none__155606,C:\Users\aryan\OneDrive\Desktop\project_new\semantic-photo-intelligence\car_angle_dataset\180\155606.jpeg,180,256,192,4580,none,.jpeg
130__none__153304,C:\Users\aryan\OneDrive\Desktop\project_new\semantic-photo-intelligence\car_angle_dataset\130\153304.jpeg,130,256,144,4160,none,.jpeg
130__none__447604,C:\Users\aryan\OneDrive\Desktop\project_new\semantic-photo-intelligence\car_angle_dataset\130\447604.jpeg,130,256,144,3886,none,.jpeg
180__none__497408,C:\Users\aryan\OneDrive\Desktop\project_new\semantic-photo-intelligence\car_angle_dataset\180\497408.jpeg,180,256,192,3109,none,.jpeg
130__none__176629,C:\Users\aryan\OneDrive\Desktop\project_new\semantic-photo-intelligence\car_angle_dataset\130\176629.jpeg,130,256,144,3903,none,.jpeg
0__none__333992,C:\Users\aryan\OneDrive\Desktop\project_new\semantic-photo-intelligence\car_angle_dataset\0\333992.jpeg,0,256,191,6664,none,.jpeg
270__none__271786,C:\Users\aryan\OneDrive\Desktop\project_new\semantic-photo-intelligence\car_angle_dataset\270\271786.jpeg,270,256,143,4320,none,.jpeg
90__none__211958,C:\Users\aryan\OneDrive\Desktop\project_new\semantic-photo-intelligence\car_angle_dataset\90\211958.jpeg,90,256,144,3068,none,.jpeg
270__none__419377,C:\Users\aryan\OneDrive\Desktop\project_new\semantic-photo-intelligence\car_angle_dataset\270\419377.jpeg,270,256,144,5472,none,.jpeg
180__none__103185,C:\Users\aryan\OneDrive\Desktop\project_new\semantic-photo-intelligence\car_angle_dataset\180\103185.jpeg,180,256,144,3759,none,.jpeg
90__none__196125,C:\Users\aryan\OneDrive\Desktop\project_new\semantic-photo-intelligence\car_angle_dataset\90\196125.jpeg,90,256,192,7247,none,.jpeg
180__none__205961,C:\Users\aryan\OneDrive\Desktop\project_new\semantic-photo-intelligence\car_angle_dataset\180\205961.jpeg,180,256,192,12096,none,.jpeg
90__none__28757,C:\Users\aryan\OneDrive\Desktop\project_new\semantic-photo-intelligence\car_angle_dataset\90\28757.jpeg,90,256,192,5340,none,.jpeg
180__none__403473,C:\Users\aryan\OneDrive\Desktop\project_new\semantic-photo-intelligence\car_angle_dataset\180\403473.jpeg,180,256,192,4837,none,.jpeg
130__none__146122,C:\Users\aryan\OneDrive\Desktop\project_new\semantic-photo-intelligence\car_angle_dataset\130\146122.jpeg,130,256,192,6008,none,.jpeg
90__none__64912,C:\Users\aryan\OneDrive\Desktop\project_new\semantic-photo-intelligence\car_angle_dataset\90\64912.jpeg,90,256,192,5651,none,.jpeg
90__none__51801,C:\Users\aryan\OneDrive\Desktop\project_new\semantic-photo-intelligence\car_angle_dataset\90\51801.jpeg,90,256,144,4197,none,.jpeg
270__none__282031,C:\Users\aryan\OneDrive\Desktop\project_new\semantic-photo-intelligence\car_angle_dataset\270\282031.jpeg,270,256,192,5683,none,.jpeg
0__none__482812,C:\Users\aryan\OneDrive\Desktop\project_new\semantic-photo-intelligence\car_angle_dataset\0\482812.jpeg,0,256,192,5897,none,.jpeg
180__none__141777,C:\Users\aryan\OneDrive\Desktop\project_new\semantic-photo-intelligence\car_angle_dataset\180\141777.jpeg,180,256,192,4716,none,.jpeg
180__none__196713,C:\Users\aryan\OneDrive\Desktop\project_new\semantic-photo-intelligence\car_angle_dataset\180\196713.jpeg,180,256,192,1398,none,.jpeg
0__none__329924,C:\Users\aryan\OneDrive\Desktop\project_new\semantic-photo-intelligence\car_angle_dataset\0\329924.jpeg,0,256,191,5719,none,.jpeg
0__none__166904,C:\Users\aryan\OneDrive\Desktop\project_new\semantic-photo-intelligence\car_angle_dataset\0\166904.jpeg,0,256,144,5217,none,.jpeg
180__none__106840,C:\Users\aryan\OneDrive\Desktop\project_new\semantic-photo-intelligence\car_angle_dataset\180\106840.jpeg,180,256,144,3894,none,.jpeg
180__none__451733,C:\Users\aryan\OneDrive\Desktop\project_new\semantic-photo-intelligence\car_angle_dataset\180\451733.jpeg,180,256,192,3097,none,.jpeg
180__none__162710,C:\Users\aryan\OneDrive\Desktop\project_new\semantic-photo-intelligence\car_angle_dataset\180\162710.jpeg,180,256,192,7152,none,.jpeg
130__none__191794,C:\Users\aryan\OneDrive\Desktop\project_new\semantic-photo-intelligence\car_angle_dataset\130\191794.jpeg,130,256,144,2837,none,.jpeg
130__none__77197,C:\Users\aryan\OneDrive\Desktop\project_new\semantic-photo-intelligence\car_angle_dataset\130\77197.jpeg,130,256,144,3409,none,.jpeg
180__none__72863,C:\Users\aryan\OneDrive\Desktop\project_new\semantic-photo-intelligence\car_angle_dataset\180\72863.jpeg,180,256,192,3832,none,.jpeg
130__none__355828,C:\Users\aryan\OneDrive\Desktop\project_new\semantic-photo-intelligence\car_angle_dataset\130\355828.jpeg,130,256,144,5041,none,.jpeg
130__none__310829,C:\Users\aryan\OneDrive\Desktop\project_new\semantic-photo-intelligence\car_angle_dataset\130\310829.jpeg,130,256,144,4653,none,.jpeg
270__none__273518,C:\Users\aryan\OneDrive\Desktop\project_new\semantic-photo-intelligence\car_angle_dataset\270\273518.jpeg,270,256,192,4412,none,.jpeg
130__none__357088,C:\Users\aryan\OneDrive\Desktop\project_new\semantic-photo-intelligence\car_angle_dataset\130\357088.jpeg,130,256,144,5058,none,.jpeg
130__none__389312,C:\Users\aryan\OneDrive\Desktop\project_new\semantic-photo-intelligence\car_angle_dataset\130\389312.jpeg,130,256,192,4284,none,.jpeg
130__none__343596,C:\Users\aryan\OneDrive\Desktop\project_new\semantic-photo-intelligence\car_angle_dataset\130\343596.jpeg,130,256,144,4363,none,.jpeg
0__none__477665,C:\Users\aryan\OneDrive\Desktop\project_new\semantic-photo-intelligence\car_angle_dataset\0\477665.jpeg,0,256,192,5038,none,.jpeg
0__none__287252,C:\Users\aryan\OneDrive\Desktop\project_new\semantic-photo-intelligence\car_angle_dataset\0\287252.jpeg,0,256,192,3517,none,.jpeg
0__none__166831,C:\Users\aryan\OneDrive\Desktop\project_new\semantic-photo-intelligence\car_angle_dataset\0\166831.jpeg,0,256,192,5897,none,.jpeg
0__none__369920,C:\Users\aryan\OneDrive\Desktop\project_new\semantic-photo-intelligence\car_angle_dataset\0\369920.jpeg,0,256,192,5165,none,.jpeg
0__none__311536,C:\Users\aryan\OneDrive\Desktop\project_new\semantic-photo-intelligence\car_angle_dataset\0\311536.jpeg,0,256,144,3002,none,.jpeg
130__none__417885,C:\Users\aryan\OneDrive\Desktop\project_new\semantic-photo-intelligence\car_angle_dataset\130\417885.jpeg,130,256,144,4668,none,.jpeg
90__none__324608,C:\Users\aryan\OneDrive\Desktop\project_new\semantic-photo-intelligence\car_angle_dataset\90\324608.jpeg,90,256,144,4931,none,.jpeg
270__none__450638,C:\Users\aryan\OneDrive\Desktop\project_new\semantic-photo-intelligence\car_angle_dataset\270\450638.jpeg,270,256,192,4779,none,.jpeg
0__none__103012,C:\Users\aryan\OneDrive\Desktop\project_new\semantic-photo-intelligence\car_angle_dataset\0\103012.jpeg,0,256,144,3548,none,.jpeg
0__none__383410,C:\Users\aryan\OneDrive\Desktop\project_new\semantic-photo-intelligence\car_angle_dataset\0\383410.jpeg,0,256,192,5913,none,.jpeg
130__none__376412,C:\Users\aryan\OneDrive\Desktop\project_new\semantic-photo-intelligence\car_angle_dataset\130\376412.jpeg,130,256,144,4445,none,.jpeg
180__none__281531,C:\Users\aryan\OneDrive\Desktop\project_new\semantic-photo-intelligence\car_angle_dataset\180\281531.jpeg,180,256,192,9512,none,.jpeg
0__none__304183,C:\Users\aryan\OneDrive\Desktop\project_new\semantic-photo-intelligence\car_angle_dataset\0\304183.jpeg,0,256,144,2683,none,.jpeg
180__none__489854,C:\Users\aryan\OneDrive\Desktop\project_new\semantic-photo-intelligence\car_angle_dataset\180\489854.jpeg,180,256,192,5234,none,.jpeg
270__none__329245,C:\Users\aryan\OneDrive\Desktop\project_new\semantic-photo-intelligence\car_angle_dataset\270\329245.jpeg,270,256,144,3657,none,.jpeg
180__none__223213,C:\Users\aryan\OneDrive\Desktop\project_new\semantic-photo-intelligence\car_angle_dataset\180\223213.jpeg,180,256,144,3350,none,.jpeg
130__none__151378,C:\Users\aryan\OneDrive\Desktop\project_new\semantic-photo-intelligence\car_angle_dataset\130\151378.jpeg,130,256,192,3986,none,.jpeg
0__none__257798,C:\Users\aryan\OneDrive\Desktop\project_new\semantic-photo-intelligence\car_angle_dataset\0\257798.jpeg,0,256,144,3945,none,.jpeg
130__none__214389,C:\Users\aryan\OneDrive\Desktop\project_new\semantic-photo-intelligence\car_angle_dataset\130\214389.jpeg,130,256,144,2593,none,.jpeg
180__none__381478,C:\Users\aryan\OneDrive\Desktop\project_new\semantic-photo-intelligence\car_angle_dataset\180\381478.jpeg,180,192,256,3634,none,.jpeg
180__none__463916,C:\Users\aryan\OneDrive\Desktop\project_new\semantic-photo-intelligence\car_angle_dataset\180\463916.jpeg,180,256,192,4283,none,.jpeg
270__none__488006,C:\Users\aryan\OneDrive\Desktop\project_new\semantic-photo-intelligence\car_angle_dataset\270\488006.jpeg,270,256,192,4868,none,.jpeg
270__none__327604,C:\Users\aryan\OneDrive\Desktop\project_new\semantic-photo-intelligence\car_angle_dataset\270\327604.jpeg,270,256,192,5036,none,.jpeg
180__none__452418,C:\Users\aryan\OneDrive\Desktop\project_new\semantic-photo-intelligence\car_angle_dataset\180\452418.jpeg,180,256,144,3304,none,.jpeg
130__none__385019,C:\Users\aryan\OneDrive\Desktop\project_new\semantic-photo-intelligence\car_angle_dataset\130\385019.jpeg,130,256,192,4622,none,.jpeg
270__none__378817,C:\Users\aryan\OneDrive\Desktop\project_new\semantic-photo-intelligence\car_angle_dataset\270\378817.jpeg,270,256,144,4306,none,.jpeg
180__none__289198,C:\Users\aryan\OneDrive\Desktop\project_new\semantic-photo-intelligence\car_angle_dataset\180\289198.jpeg,180,256,144,2430,none,.jpeg
270__none__421060,C:\Users\aryan\OneDrive\Desktop\project_new\semantic-photo-intelligence\car_angle_dataset\270\421060.jpeg,270,256,192,4656,none,.jpeg
130__none__178742,C:\Users\aryan\OneDrive\Desktop\project_new\semantic-photo-intelligence\car_angle_dataset\130\178742.jpeg,130,256,144,4901,none,.jpeg
0__none__422573,C:\Users\aryan\OneDrive\Desktop\project_new\semantic-photo-intelligence\car_angle_dataset\0\422573.jpeg,0,256,192,6348,none,.jpeg
0__none__230269,C:\Users\aryan\OneDrive\Desktop\project_new\semantic-photo-intelligence\car_angle_dataset\0\230269.jpeg,0,256,192,3347,none,.jpeg
180__none__267239,C:\Users\aryan\OneDrive\Desktop\project_new\semantic-photo-intelligence\car_angle_dataset\180\267239.jpeg,180,256,170,4599,none,.jpeg
130__none__151286,C:\Users\aryan\OneDrive\Desktop\project_new\semantic-photo-intelligence\car_angle_dataset\130\151286.jpeg,130,256,192,6009,none,.jpeg
270__none__185679,C:\Users\aryan\OneDrive\Desktop\project_new\semantic-photo-intelligence\car_angle_dataset\270\185679.jpeg,270,256,144,3973,none,.jpeg
270__none__381839,C:\Users\aryan\OneDrive\Desktop\project_new\semantic-photo-intelligence\car_angle_dataset\270\381839.jpeg,270,256,192,3823,none,.jpeg
0__none__112625,C:\Users\aryan\OneDrive\Desktop\project_new\semantic-photo-intelligence\car_angle_dataset\0\112625.jpeg,0,256,192,6437,none,.jpeg
130__none__376693,C:\Users\aryan\OneDrive\Desktop\project_new\semantic-photo-intelligence\car_angle_dataset\130\376693.jpeg,130,256,144,5043,none,.jpeg
270__none__254987,C:\Users\aryan\OneDrive\Desktop\project_new\semantic-photo-intelligence\car_angle_dataset\270\254987.jpeg,270,256,191,5959,none,.jpeg
180__none__229504,C:\Users\aryan\OneDrive\Desktop\project_new\semantic-photo-intelligence\car_angle_dataset\180\229504.jpeg,180,256,192,8238,none,.jpeg
90__none__35398,C:\Users\aryan\OneDrive\Desktop\project_new\semantic-photo-intelligence\car_angle_dataset\90\35398.jpeg,90,256,144,3626,none,.jpeg
90__none__78934,C:\Users\aryan\OneDrive\Desktop\project_new\semantic-photo-intelligence\car_angle_dataset\90\78934.jpeg,90,256,144,4964,none,.jpeg
180__none__349891,C:\Users\aryan\OneDrive\Desktop\project_new\semantic-photo-intelligence\car_angle_dataset\180\349891.jpeg,180,256,144,4284,none,.jpeg
0__none__292819,C:\Users\aryan\OneDrive\Desktop\project_new\semantic-photo-intelligence\car_angle_dataset\0\292819.jpeg,0,256,192,8419,none,.jpeg
130__none__167023,C:\Users\aryan\OneDrive\Desktop\project_new\semantic-photo-intelligence\car_angle_dataset\130\167023.jpeg,130,256,192,4668,none,.jpeg
130__none__299684,C:\Users\aryan\OneDrive\Desktop\project_new\semantic-photo-intelligence\car_angle_dataset\130\299684.jpeg,130,256,144,4713,none,.jpeg
130__none__234883,C:\Users\aryan\OneDrive\Desktop\project_new\semantic-photo-intelligence\car_angle_dataset\130\234883.jpeg,130,256,144,5449,none,.jpeg
0__none__207469,C:\Users\aryan\OneDrive\Desktop\project_new\semantic-photo-intelligence\car_angle_dataset\0\207469.jpeg,0,256,144,4886,none,.jpeg
130__none__390403,C:\Users\aryan\OneDrive\Desktop\project_new\semantic-photo-intelligence\car_angle_dataset\130\390403.jpeg,130,256,192,4479,none,.jpeg
90__none__224789,C:\Users\aryan\OneDrive\Desktop\project_new\semantic-photo-intelligence\car_angle_dataset\90\224789.jpeg,90,256,144,3917,none,.jpeg
270__none__226559,C:\Users\aryan\OneDrive\Desktop\project_new\semantic-photo-intelligence\car_angle_dataset\270\226559.jpeg,270,256,192,3842,none,.jpeg
90__none__10442,C:\Users\aryan\OneDrive\Desktop\project_new\semantic-photo-intelligence\car_angle_dataset\90\10442.jpeg,90,256,144,4580,none,.jpeg
130__none__355037,C:\Users\aryan\OneDrive\Desktop\project_new\semantic-photo-intelligence\car_angle_dataset\130\355037.jpeg,130,256,144,3387,none,.jpeg
130__none__166358,C:\Users\aryan\OneDrive\Desktop\project_new\semantic-photo-intelligence\car_angle_dataset\130\166358.jpeg,130,256,144,5205,none,.jpeg
0__none__212435,C:\Users\aryan\OneDrive\Desktop\project_new\semantic-photo-intelligence\car_angle_dataset\0\212435.jpeg,0,256,144,3657,none,.jpeg
130__none__467699,C:\Users\aryan\OneDrive\Desktop\project_new\semantic-photo-intelligence\car_angle_dataset\130\467699.jpeg,130,256,192,3559,none,.jpeg
130__none__248147,C:\Users\aryan\OneDrive\Desktop\project_new\semantic-photo-intelligence\car_angle_dataset\130\248147.jpeg,130,256,144,4828,none,.jpeg
130__none__259998,C:\Users\aryan\OneDrive\Desktop\project_new\semantic-photo-intelligence\car_angle_dataset\130\259998.jpeg,130,256,144,3343,none,.jpeg
180__none__325108,C:\Users\aryan\OneDrive\Desktop\project_new\semantic-photo-intelligence\car_angle_dataset\180\325108.jpeg,180,256,144,4529,none,.jpeg
180__none__161729,C:\Users\aryan\OneDrive\Desktop\project_new\semantic-photo-intelligence\car_angle_dataset\180\161729.jpeg,180,256,144,2953,none,.jpeg
90__none__119198,C:\Users\aryan\OneDrive\Desktop\project_new\semantic-photo-intelligence\car_angle_dataset\90\119198.jpeg,90,256,144,3839,none,.jpeg
90__none__161813,C:\Users\aryan\OneDrive\Desktop\project_new\semantic-photo-intelligence\car_angle_dataset\90\161813.jpeg,90,256,144,2885,none,.jpeg
180__none__484149,C:\Users\aryan\OneDrive\Desktop\project_new\semantic-photo-intelligence\car_angle_dataset\180\484149.jpeg,180,256,192,8235,none,.jpeg
270__none__468434,C:\Users\aryan\OneDrive\Desktop\project_new\semantic-photo-intelligence\car_angle_dataset\270\468434.jpeg,270,256,192,5477,none,.jpeg
130__none__192168,C:\Users\aryan\OneDrive\Desktop\project_new\semantic-photo-intelligence\car_angle_dataset\130\192168.jpeg,130,256,192,5235,none,.jpeg
180__none__248169,C:\Users\aryan\OneDrive\Desktop\project_new\semantic-photo-intelligence\car_angle_dataset\180\248169.jpeg,180,256,144,3492,none,.jpeg
180__none__59649,C:\Users\aryan\OneDrive\Desktop\project_new\semantic-photo-intelligence\car_angle_dataset\180\59649.jpeg,180,256,144,3098,none,.jpeg
0__none__95563,C:\Users\aryan\OneDrive\Desktop\project_new\semantic-photo-intelligence\car_angle_dataset\0\95563.jpeg,0,256,192,5014,none,.jpeg
90__none__191743,C:\Users\aryan\OneDrive\Desktop\project_new\semantic-photo-intelligence\car_angle_dataset\90\191743.jpeg,90,256,144,3959,none,.jpeg
180__none__117999,C:\Users\aryan\OneDrive\Desktop\project_new\semantic-photo-intelligence\car_angle_dataset\180\117999.jpeg,180,256,144,3652,none,.jpeg
180__none__466044,C:\Users\aryan\OneDrive\Desktop\project_new\semantic-photo-intelligence\car_angle_dataset\180\466044.jpeg,180,256,192,3376,none,.jpeg
270__none__368158,C:\Users\aryan\OneDrive\Desktop\project_new\semantic-photo-intelligence\car_angle_dataset\270\368158.jpeg,270,256,192,4835,none,.jpeg
0__none__386177,C:\Users\aryan\OneDrive\Desktop\project_new\semantic-photo-intelligence\car_angle_dataset\0\386177.jpeg,0,256,192,5055,none,.jpeg
180__none__325882,C:\Users\aryan\OneDrive\Desktop\project_new\semantic-photo-intelligence\car_angle_dataset\180\325882.jpeg,180,256,192,8093,none,.jpeg
90__none__310741,C:\Users\aryan\OneDrive\Desktop\project_new\semantic-photo-intelligence\car_angle_dataset\90\310741.jpeg,90,256,144,4196,none,.jpeg
130__none__158220,C:\Users\aryan\OneDrive\Desktop\project_new\semantic-photo-intelligence\car_angle_dataset\130\158220.jpeg,130,256,192,3986,none,.jpeg
130__none__327321,C:\Users\aryan\OneDrive\Desktop\project_new\semantic-photo-intelligence\car_angle_dataset\130\327321.jpeg,130,256,144,3959,none,.jpeg
180__none__73288,C:\Users\aryan\OneDrive\Desktop\project_new\semantic-photo-intelligence\car_angle_dataset\180\73288.jpeg,180,256,191,6349,none,.jpeg
130__none__374381,C:\Users\aryan\OneDrive\Desktop\project_new\semantic-photo-intelligence\car_angle_dataset\130\374381.jpeg,130,256,192,3641,none,.jpeg
0__none__85249,C:\Users\aryan\OneDrive\Desktop\project_new\semantic-photo-intelligence\car_angle_dataset\0\85249.jpeg,0,256,192,5812,none,.jpeg
270__none__302425,C:\Users\aryan\OneDrive\Desktop\project_new\semantic-photo-intelligence\car_angle_dataset\270\302425.jpeg,270,256,124,5957,none,.jpeg
180__none__488407,C:\Users\aryan\OneDrive\Desktop\project_new\semantic-photo-intelligence\car_angle_dataset\180\488407.jpeg,180,256,192,8230,none,.jpeg
180__none__453562,C:\Users\aryan\OneDrive\Desktop\project_new\semantic-photo-intelligence\car_angle_dataset\180\453562.jpeg,180,256,191,7604,none,.jpeg
0__none__349680,C:\Users\aryan\OneDrive\Desktop\project_new\semantic-photo-intelligence\car_angle_dataset\0\349680.jpeg,0,256,191,7800,none,.jpeg
270__none__424008,C:\Users\aryan\OneDrive\Desktop\project_new\semantic-photo-intelligence\car_angle_dataset\270\424008.jpeg,270,256,191,6370,none,.jpeg
0__none__157313,C:\Users\aryan\OneDrive\Desktop\project_new\semantic-photo-intelligence\car_angle_dataset\0\157313.jpeg,0,256,192,11258,none,.jpeg
0__none__136959,C:\Users\aryan\OneDrive\Desktop\project_new\semantic-photo-intelligence\car_angle_dataset\0\136959.jpeg,0,256,192,6626,none,.jpeg
270__none__387319,C:\Users\aryan\OneDrive\Desktop\project_new\semantic-photo-intelligence\car_angle_dataset\270\387319.jpeg,270,256,192,4915,none,.jpeg
0__none__348782,C:\Users\aryan\OneDrive\Desktop\project_new\semantic-photo-intelligence\car_angle_dataset\0\348782.jpeg,0,256,144,2719,none,.jpeg
130__none__222499,C:\Users\aryan\OneDrive\Desktop\project_new\semantic-photo-intelligence\car_angle_dataset\130\222499.jpeg,130,256,144,4404,none,.jpeg
90__none__106613,C:\Users\aryan\OneDrive\Desktop\project_new\semantic-photo-intelligence\car_angle_dataset\90\106613.jpeg,90,256,144,4401,none,.jpeg
180__none__344249,C:\Users\aryan\OneDrive\Desktop\project_new\semantic-photo-intelligence\car_angle_dataset\180\344249.jpeg,180,256,144,3240,none,.jpeg
90__none__111152,C:\Users\aryan\OneDrive\Desktop\project_new\semantic-photo-intelligence\car_angle_dataset\90\111152.jpeg,90,256,144,3890,none,.jpeg
0__none__228264,C:\Users\aryan\OneDrive\Desktop\project_new\semantic-photo-intelligence\car_angle_dataset\0\228264.jpeg,0,256,192,7735,none,.jpeg
90__none__30691,C:\Users\aryan\OneDrive\Desktop\project_new\semantic-photo-intelligence\car_angle_dataset\90\30691.jpeg,90,256,144,4002,none,.jpeg
180__none__409654,C:\Users\aryan\OneDrive\Desktop\project_new\semantic-photo-intelligence\car_angle_dataset\180\409654.jpeg,180,256,192,4602,none,.jpeg
0__none__184558,C:\Users\aryan\OneDrive\Desktop\project_new\semantic-photo-intelligence\car_angle_dataset\0\184558.jpeg,0,256,192,5897,none,.jpeg
130__none__179255,C:\Users\aryan\OneDrive\Desktop\project_new\semantic-photo-intelligence\car_angle_dataset\130\179255.jpeg,130,256,144,4215,none,.jpeg
130__none__302828,C:\Users\aryan\OneDrive\Desktop\project_new\semantic-photo-intelligence\car_angle_dataset\130\302828.jpeg,130,256,192,5159,none,.jpeg
270__none__345233,C:\Users\aryan\OneDrive\Desktop\project_new\semantic-photo-intelligence\car_angle_dataset\270\345233.jpeg,270,256,144,4660,none,.jpeg
180__none__118735,C:\Users\aryan\OneDrive\Desktop\project_new\semantic-photo-intelligence\car_angle_dataset\180\118735.jpeg,180,256,144,4322,none,.jpeg
130__none__151712,C:\Users\aryan\OneDrive\Desktop\project_new\semantic-photo-intelligence\car_angle_dataset\130\151712.jpeg,130,256,192,6009,none,.jpeg
90__none__326138,C:\Users\aryan\OneDrive\Desktop\project_new\semantic-photo-intelligence\car_angle_dataset\90\326138.jpeg,90,256,144,4480,none,.jpeg
90__none__89091,C:\Users\aryan\OneDrive\Desktop\project_new\semantic-photo-intelligence\car_angle_dataset\90\89091.jpeg,90,256,144,4125,none,.jpeg
130__none__409525,C:\Users\aryan\OneDrive\Desktop\project_new\semantic-photo-intelligence\car_angle_dataset\130\409525.jpeg,130,256,192,4601,none,.jpeg
90__none__157560,C:\Users\aryan\OneDrive\Desktop\project_new\semantic-photo-intelligence\car_angle_dataset\90\157560.jpeg,90,256,192,5564,none,.jpeg
180__none__365170,C:\Users\aryan\OneDrive\Desktop\project_new\semantic-photo-intelligence\car_angle_dataset\180\365170.jpeg,180,256,144,4186,none,.jpeg
0__none__436282,C:\Users\aryan\OneDrive\Desktop\project_new\semantic-photo-intelligence\car_angle_dataset\0\436282.jpeg,0,256,144,4124,none,.jpeg
130__none__419522,C:\Users\aryan\OneDrive\Desktop\project_new\semantic-photo-intelligence\car_angle_dataset\130\419522.jpeg,130,256,144,4507,none,.jpeg
270__none__317085,C:\Users\aryan\OneDrive\Desktop\project_new\semantic-photo-intelligence\car_angle_dataset\270\317085.jpeg,270,256,192,4788,none,.jpeg
270__none__259134,C:\Users\aryan\OneDrive\Desktop\project_new\semantic-photo-intelligence\car_angle_dataset\270\259134.jpeg,270,256,192,5912,none,.jpeg
130__none__99285,C:\Users\aryan\OneDrive\Desktop\project_new\semantic-photo-intelligence\car_angle_dataset\130\99285.jpeg,130,256,144,4029,none,.jpeg
130__none__191844,C:\Users\aryan\OneDrive\Desktop\project_new\semantic-photo-intelligence\car_angle_dataset\130\191844.jpeg,130,256,144,3615,none,.jpeg
90__none__156919,C:\Users\aryan\OneDrive\Desktop\project_new\semantic-photo-intelligence\car_angle_dataset\90\156919.jpeg,90,256,179,3570,none,.jpeg
0__none__230774,C:\Users\aryan\OneDrive\Desktop\project_new\semantic-photo-intelligence\car_angle_dataset\0\230774.jpeg,0,256,192,4882,none,.jpeg
130__none__421145,C:\Users\aryan\OneDrive\Desktop\project_new\semantic-photo-intelligence\car_angle_dataset\130\421145.jpeg,130,256,192,6773,none,.jpeg
90__none__206793,C:\Users\aryan\OneDrive\Desktop\project_new\semantic-photo-intelligence\car_angle_dataset\90\206793.jpeg,90,256,144,5687,none,.jpeg
130__none__254342,C:\Users\aryan\OneDrive\Desktop\project_new\semantic-photo-intelligence\car_angle_dataset\130\254342.jpeg,130,256,192,7973,none,.jpeg
130__none__245872,C:\Users\aryan\OneDrive\Desktop\project_new\semantic-photo-intelligence\car_angle_dataset\130\245872.jpeg,130,256,192,4708,none,.jpeg
270__none__361312,C:\Users\aryan\OneDrive\Desktop\project_new\semantic-photo-intelligence\car_angle_dataset\270\361312.jpeg,270,256,191,4219,none,.jpeg
0__none__151112,C:\Users\aryan\OneDrive\Desktop\project_new\semantic-photo-intelligence\car_angle_dataset\0\151112.jpeg,0,256,192,5897,none,.jpeg
130__none__251207,C:\Users\aryan\OneDrive\Desktop\project_new\semantic-photo-intelligence\car_angle_dataset\130\251207.jpeg,130,256,144,4194,none,.jpeg
0__none__227322,C:\Users\aryan\OneDrive\Desktop\project_new\semantic-photo-intelligence\car_angle_dataset\0\227322.jpeg,0,256,144,3518,none,.jpeg
90__none__284552,C:\Users\aryan\OneDrive\Desktop\project_new\semantic-photo-intelligence\car_angle_dataset\90\284552.jpeg,90,256,192,4415,none,.jpeg
0__none__325770,C:\Users\aryan\OneDrive\Desktop\project_new\semantic-photo-intelligence\car_angle_dataset\0\325770.jpeg,0,256,192,7248,none,.jpeg
90__none__95199,C:\Users\aryan\OneDrive\Desktop\project_new\semantic-photo-intelligence\car_angle_dataset\90\95199.jpeg,90,256,144,4549,none,.jpeg
180__none__98888,C:\Users\aryan\OneDrive\Desktop\project_new\semantic-photo-intelligence\car_angle_dataset\180\98888.jpeg,180,256,144,3615,none,.jpeg
180__none__468132,C:\Users\aryan\OneDrive\Desktop\project_new\semantic-photo-intelligence\car_angle_dataset\180\468132.jpeg,180,256,163,4592,none,.jpeg
130__none__416722,C:\Users\aryan\OneDrive\Desktop\project_new\semantic-photo-intelligence\car_angle_dataset\130\416722.jpeg,130,256,144,5052,none,.jpeg
270__none__300560,C:\Users\aryan\OneDrive\Desktop\project_new\semantic-photo-intelligence\car_angle_dataset\270\300560.jpeg,270,256,144,4705,none,.jpeg
270__none__478045,C:\Users\aryan\OneDrive\Desktop\project_new\semantic-photo-intelligence\car_angle_dataset\270\478045.jpeg,270,256,192,6250,none,.jpeg
0__none__341089,C:\Users\aryan\OneDrive\Desktop\project_new\semantic-photo-intelligence\car_angle_dataset\0\341089.jpeg,0,256,192,5644,none,.jpeg
180__none__374603,C:\Users\aryan\OneDrive\Desktop\project_new\semantic-photo-intelligence\car_angle_dataset\180\374603.jpeg,180,256,192,8941,none,.jpeg
180__none__345781,C:\Users\aryan\OneDrive\Desktop\project_new\semantic-photo-intelligence\car_angle_dataset\180\345781.jpeg,180,256,144,3104,none,.jpeg
270__none__238800,C:\Users\aryan\OneDrive\Desktop\project_new\semantic-photo-intelligence\car_angle_dataset\270\238800.jpeg,270,256,144,4455,none,.jpeg
180__none__84240,C:\Users\aryan\OneDrive\Desktop\project_new\semantic-photo-intelligence\car_angle_dataset\180\84240.jpeg,180,256,170,9165,none,.jpeg
270__none__424747,C:\Users\aryan\OneDrive\Desktop\project_new\semantic-photo-intelligence\car_angle_dataset\270\424747.jpeg,270,256,144,3984,none,.jpeg
270__none__420491,C:\Users\aryan\OneDrive\Desktop\project_new\semantic-photo-intelligence\car_angle_dataset\270\420491.jpeg,270,256,192,5470,none,.jpeg
270__none__445425,C:\Users\aryan\OneDrive\Desktop\project_new\semantic-photo-intelligence\car_angle_dataset\270\445425.jpeg,270,256,170,5031,none,.jpeg
270__none__242672,C:\Users\aryan\OneDrive\Desktop\project_new\semantic-photo-intelligence\car_angle_dataset\270\242672.jpeg,270,256,144,5328,none,.jpeg
0__none__202727,C:\Users\aryan\OneDrive\Desktop\project_new\semantic-photo-intelligence\car_angle_dataset\0\202727.jpeg,0,256,144,2289,none,.jpeg
270__none__352399,C:\Users\aryan\OneDrive\Desktop\project_new\semantic-photo-intelligence\car_angle_dataset\270\352399.jpeg,270,256,144,4997,none,.jpeg
0__none__95940,C:\Users\aryan\OneDrive\Desktop\project_new\semantic-photo-intelligence\car_angle_dataset\0\95940.jpeg,0,256,192,5457,none,.jpeg
180__none__294759,C:\Users\aryan\OneDrive\Desktop\project_new\semantic-photo-intelligence\car_angle_dataset\180\294759.jpeg,180,256,144,3540,none,.jpeg
0__none__481368,C:\Users\aryan\OneDrive\Desktop\project_new\semantic-photo-intelligence\car_angle_dataset\0\481368.jpeg,0,256,170,3493,none,.jpeg
130__none__498827,C:\Users\aryan\OneDrive\Desktop\project_new\semantic-photo-intelligence\car_angle_dataset\130\498827.jpeg,130,256,192,4668,none,.jpeg
90__none__295190,C:\Users\aryan\OneDrive\Desktop\project_new\semantic-photo-intelligence\car_angle_dataset\90\295190.jpeg,90,256,144,5263,none,.jpeg
270__none__448989,C:\Users\aryan\OneDrive\Desktop\project_new\semantic-photo-intelligence\car_angle_dataset\270\448989.jpeg,270,256,192,5860,none,.jpeg
180__none__116843,C:\Users\aryan\OneDrive\Desktop\project_new\semantic-photo-intelligence\car_angle_dataset\180\116843.jpeg,180,256,144,3040,none,.jpeg
130__none__186888,C:\Users\aryan\OneDrive\Desktop\project_new\semantic-photo-intelligence\car_angle_dataset\130\186888.jpeg,130,256,144,4544,none,.jpeg
180__none__194244,C:\Users\aryan\OneDrive\Desktop\project_new\semantic-photo-intelligence\car_angle_dataset\180\194244.jpeg,180,256,192,7058,none,.jpeg
90__none__333031,C:\Users\aryan\OneDrive\Desktop\project_new\semantic-photo-intelligence\car_angle_dataset\90\333031.jpeg,90,256,144,4787,none,.jpeg
90__none__293254,C:\Users\aryan\OneDrive\Desktop\project_new\semantic-photo-intelligence\car_angle_dataset\90\293254.jpeg,90,256,144,5026,none,.jpeg
270__none__292253,C:\Users\aryan\OneDrive\Desktop\project_new\semantic-photo-intelligence\car_angle_dataset\270\292253.jpeg,270,256,144,4577,none,.jpeg
90__none__249030,C:\Users\aryan\OneDrive\Desktop\project_new\semantic-photo-intelligence\car_angle_dataset\90\249030.jpeg,90,256,144,5420,none,.jpeg
0__none__196304,C:\Users\aryan\OneDrive\Desktop\project_new\semantic-photo-intelligence\car_angle_dataset\0\196304.jpeg,0,256,192,6127,none,.jpeg
0__none__203293,C:\Users\aryan\OneDrive\Desktop\project_new\semantic-photo-intelligence\car_angle_dataset\0\203293.jpeg,0,256,192,7392,none,.jpeg
180__none__360193,C:\Users\aryan\OneDrive\Desktop\project_new\semantic-photo-intelligence\car_angle_dataset\180\360193.jpeg,180,256,144,3336,none,.jpeg
0__none__254112,C:\Users\aryan\OneDrive\Desktop\project_new\semantic-photo-intelligence\car_angle_dataset\0\254112.jpeg,0,256,191,9693,none,.jpeg
270__none__319198,C:\Users\aryan\OneDrive\Desktop\project_new\semantic-photo-intelligence\car_angle_dataset\270\319198.jpeg,270,256,144,5849,none,.jpeg
180__none__440578,C:\Users\aryan\OneDrive\Desktop\project_new\semantic-photo-intelligence\car_angle_dataset\180\440578.jpeg,180,256,144,3896,none,.jpeg
130__none__156981,C:\Users\aryan\OneDrive\Desktop\project_new\semantic-photo-intelligence\car_angle_dataset\130\156981.jpeg,130,256,192,4668,none,.jpeg
130__none__261780,C:\Users\aryan\OneDrive\Desktop\project_new\semantic-photo-intelligence\car_angle_dataset\130\261780.jpeg,130,256,144,4366,none,.jpeg
180__none__377469,C:\Users\aryan\OneDrive\Desktop\project_new\semantic-photo-intelligence\car_angle_dataset\180\377469.jpeg,180,256,144,3075,none,.jpeg
0__none__315572,C:\Users\aryan\OneDrive\Desktop\project_new\semantic-photo-intelligence\car_angle_dataset\0\315572.jpeg,0,256,192,7008,none,.jpeg
0__none__403928,C:\Users\aryan\OneDrive\Desktop\project_new\semantic-photo-intelligence\car_angle_dataset\0\403928.jpeg,0,256,170,6381,none,.jpeg
180__none__212609,C:\Users\aryan\OneDrive\Desktop\project_new\semantic-photo-intelligence\car_angle_dataset\180\212609.jpeg,180,256,144,3324,none,.jpeg
180__none__200462,C:\Users\aryan\OneDrive\Desktop\project_new\semantic-photo-intelligence\car_angle_dataset\180\200462.jpeg,180,256,144,6264,none,.jpeg
130__none__349440,C:\Users\aryan\OneDrive\Desktop\project_new\semantic-photo-intelligence\car_angle_dataset\130\349440.jpeg,130,256,144,3962,none,.jpeg
130__none__252808,C:\Users\aryan\OneDrive\Desktop\project_new\semantic-photo-intelligence\car_angle_dataset\130\252808.jpeg,130,256,144,4237,none,.jpeg
130__none__460541,C:\Users\aryan\OneDrive\Desktop\project_new\semantic-photo-intelligence\car_angle_dataset\130\460541.jpeg,130,256,144,3598,none,.jpeg
130__none__257775,C:\Users\aryan\OneDrive\Desktop\project_new\semantic-photo-intelligence\car_angle_dataset\130\257775.jpeg,130,256,144,3620,none,.jpeg
0__none__399458,C:\Users\aryan\OneDrive\Desktop\project_new\semantic-photo-intelligence\car_angle_dataset\0\399458.jpeg,0,256,170,6124,none,.jpeg
130__none__395620,C:\Users\aryan\OneDrive\Desktop\project_new\semantic-photo-intelligence\car_angle_dataset\130\395620.jpeg,130,256,143,6482,none,.jpeg
180__none__359273,C:\Users\aryan\OneDrive\Desktop\project_new\semantic-photo-intelligence\car_angle_dataset\180\359273.jpeg,180,256,191,5575,none,.jpeg
270__none__409024,C:\Users\aryan\OneDrive\Desktop\project_new\semantic-photo-intelligence\car_angle_dataset\270\409024.jpeg,270,256,192,4606,none,.jpeg
90__none__331385,C:\Users\aryan\OneDrive\Desktop\project_new\semantic-photo-intelligence\car_angle_dataset\90\331385.jpeg,90,256,144,3695,none,.jpeg
130__none__257338,C:\Users\aryan\OneDrive\Desktop\project_new\semantic-photo-intelligence\car_angle_dataset\130\257338.jpeg,130,256,144,3428,none,.jpeg
90__none__228900,C:\Users\aryan\OneDrive\Desktop\project_new\semantic-photo-intelligence\car_angle_dataset\90\228900.jpeg,90,256,192,4742,none,.jpeg
130__none__489247,C:\Users\aryan\OneDrive\Desktop\project_new\semantic-photo-intelligence\car_angle_dataset\130\489247.jpeg,130,256,192,4032,none,.jpeg
0__none__371039,C:\Users\aryan\OneDrive\Desktop\project_new\semantic-photo-intelligence\car_angle_dataset\0\371039.jpeg,0,256,192,7439,none,.jpeg
130__none__257821,C:\Users\aryan\OneDrive\Desktop\project_new\semantic-photo-intelligence\car_angle_dataset\130\257821.jpeg,130,256,144,4538,none,.jpeg
130__none__239709,C:\Users\aryan\OneDrive\Desktop\project_new\semantic-photo-intelligence\car_angle_dataset\130\239709.jpeg,130,256,192,6428,none,.jpeg
180__none__89515,C:\Users\aryan\OneDrive\Desktop\project_new\semantic-photo-intelligence\car_angle_dataset\180\89515.jpeg,180,256,192,5505,none,.jpeg
180__none__197390,C:\Users\aryan\OneDrive\Desktop\project_new\semantic-photo-intelligence\car_angle_dataset\180\197390.jpeg,180,256,144,3633,none,.jpeg
180__none__75945,C:\Users\aryan\OneDrive\Desktop\project_new\semantic-photo-intelligence\car_angle_dataset\180\75945.jpeg,180,256,179,6991,none,.jpeg
270__none__497044,C:\Users\aryan\OneDrive\Desktop\project_new\semantic-photo-intelligence\car_angle_dataset\270\497044.jpeg,270,256,192,4714,none,.jpeg
130__none__240640,C:\Users\aryan\OneDrive\Desktop\project_new\semantic-photo-intelligence\car_angle_dataset\130\240640.jpeg,130,256,144,3782,none,.jpeg
130__none__426666,C:\Users\aryan\OneDrive\Desktop\project_new\semantic-photo-intelligence\car_angle_dataset\130\426666.jpeg,130,256,144,4084,none,.jpeg
0__none__452978,C:\Users\aryan\OneDrive\Desktop\project_new\semantic-photo-intelligence\car_angle_dataset\0\452978.jpeg,0,256,170,5594,none,.jpeg
90__none__337104,C:\Users\aryan\OneDrive\Desktop\project_new\semantic-photo-intelligence\car_angle_dataset\90\337104.jpeg,90,256,192,3906,none,.jpeg
180__none__182104,C:\Users\aryan\OneDrive\Desktop\project_new\semantic-photo-intelligence\car_angle_dataset\180\182104.jpeg,180,256,144,2651,none,.jpeg
0__none__149927,C:\Users\aryan\OneDrive\Desktop\project_new\semantic-photo-intelligence\car_angle_dataset\0\149927.jpeg,0,256,192,4301,none,.jpeg
180__none__331772,C:\Users\aryan\OneDrive\Desktop\project_new\semantic-photo-intelligence\car_angle_dataset\180\331772.jpeg,180,256,144,4038,none,.jpeg
130__none__445750,C:\Users\aryan\OneDrive\Desktop\project_new\semantic-photo-intelligence\car_angle_dataset\130\445750.jpeg,130,256,192,6868,none,.jpeg
0__none__99547,C:\Users\aryan\OneDrive\Desktop\project_new\semantic-photo-intelligence\car_angle_dataset\0\99547.jpeg,0,256,144,3458,none,.jpeg
130__none__237573,C:\Users\aryan\OneDrive\Desktop\project_new\semantic-photo-intelligence\car_angle_dataset\130\237573.jpeg,130,256,144,4237,none,.jpeg
270__none__375731,C:\Users\aryan\OneDrive\Desktop\project_new\semantic-photo-intelligence\car_angle_dataset\270\375731.jpeg,270,256,192,5049,none,.jpeg
130__none__325865,C:\Users\aryan\OneDrive\Desktop\project_new\semantic-photo-intelligence\car_angle_dataset\130\325865.jpeg,130,256,144,4205,none,.jpeg
90__none__136395,C:\Users\aryan\OneDrive\Desktop\project_new\semantic-photo-intelligence\car_angle_dataset\90\136395.jpeg,90,256,192,4278,none,.jpeg
270__none__395510,C:\Users\aryan\OneDrive\Desktop\project_new\semantic-photo-intelligence\car_angle_dataset\270\395510.jpeg,270,256,170,4908,none,.jpeg
270__none__413684,C:\Users\aryan\OneDrive\Desktop\project_new\semantic-photo-intelligence\car_angle_dataset\270\413684.jpeg,270,256,192,4084,none,.jpeg
270__none__358983,C:\Users\aryan\OneDrive\Desktop\project_new\semantic-photo-intelligence\car_angle_dataset\270\358983.jpeg,270,256,144,5024,none,.jpeg
130__none__111207,C:\Users\aryan\OneDrive\Desktop\project_new\semantic-photo-intelligence\car_angle_dataset\130\111207.jpeg,130,256,144,4041,none,.jpeg
180__none__75170,C:\Users\aryan\OneDrive\Desktop\project_new\semantic-photo-intelligence\car_angle_dataset\180\75170.jpeg,180,256,144,3647,none,.jpeg
90__none__227369,C:\Users\aryan\OneDrive\Desktop\project_new\semantic-photo-intelligence\car_angle_dataset\90\227369.jpeg,90,256,192,4598,none,.jpeg
270__none__191687,C:\Users\aryan\OneDrive\Desktop\project_new\semantic-photo-intelligence\car_angle_dataset\270\191687.jpeg,270,256,144,2133,none,.jpeg
270__none__463449,C:\Users\aryan\OneDrive\Desktop\project_new\semantic-photo-intelligence\car_angle_dataset\270\463449.jpeg,270,256,192,5436,none,.jpeg
0__none__418796,C:\Users\aryan\OneDrive\Desktop\project_new\semantic-photo-intelligence\car_angle_dataset\0\418796.jpeg,0,256,144,2581,none,.jpeg
180__none__453900,C:\Users\aryan\OneDrive\Desktop\project_new\semantic-photo-intelligence\car_angle_dataset\180\453900.jpeg,180,256,192,6609,none,.jpeg
90__none__193487,C:\Users\aryan\OneDrive\Desktop\project_new\semantic-photo-intelligence\car_angle_dataset\90\193487.jpeg,90,256,192,5417,none,.jpeg
270__none__434299,C:\Users\aryan\OneDrive\Desktop\project_new\semantic-photo-intelligence\car_angle_dataset\270\434299.jpeg,270,256,144,4196,none,.jpeg
130__none__447373,C:\Users\aryan\OneDrive\Desktop\project_new\semantic-photo-intelligence\car_angle_dataset\130\447373.jpeg,130,256,144,5133,none,.jpeg
0__none__188756,C:\Users\aryan\OneDrive\Desktop\project_new\semantic-photo-intelligence\car_angle_dataset\0\188756.jpeg,0,256,144,4984,none,.jpeg
0__none__401347,C:\Users\aryan\OneDrive\Desktop\project_new\semantic-photo-intelligence\car_angle_dataset\0\401347.jpeg,0,256,192,5468,none,.jpeg
90__none__131075,C:\Users\aryan\OneDrive\Desktop\project_new\semantic-photo-intelligence\car_angle_dataset\90\131075.jpeg,90,256,144,5129,none,.jpeg
0__none__246149,C:\Users\aryan\OneDrive\Desktop\project_new\semantic-photo-intelligence\car_angle_dataset\0\246149.jpeg,0,256,192,5524,none,.jpeg
180__none__462761,C:\Users\aryan\OneDrive\Desktop\project_new\semantic-photo-intelligence\car_angle_dataset\180\462761.jpeg,180,256,192,5757,none,.jpeg
180__none__365871,C:\Users\aryan\OneDrive\Desktop\project_new\semantic-photo-intelligence\car_angle_dataset\180\365871.jpeg,180,256,192,3354,none,.jpeg
270__none__276021,C:\Users\aryan\OneDrive\Desktop\project_new\semantic-photo-intelligence\car_angle_dataset\270\276021.jpeg,270,256,144,4816,none,.jpeg
130__none__393263,C:\Users\aryan\OneDrive\Desktop\project_new\semantic-photo-intelligence\car_angle_dataset\130\393263.jpeg,130,256,144,4516,none,.jpeg
180__none__229072,C:\Users\aryan\OneDrive\Desktop\project_new\semantic-photo-intelligence\car_angle_dataset\180\229072.jpeg,180,256,144,3001,none,.jpeg
0__none__452633,C:\Users\aryan\OneDrive\Desktop\project_new\semantic-photo-intelligence\car_angle_dataset\0\452633.jpeg,0,256,191,3838,none,.jpeg
130__none__129772,C:\Users\aryan\OneDrive\Desktop\project_new\semantic-photo-intelligence\car_angle_dataset\130\129772.jpeg,130,256,192,3821,none,.jpeg
0__none__298465,C:\Users\aryan\OneDrive\Desktop\project_new\semantic-photo-intelligence\car_angle_dataset\0\298465.jpeg,0,256,144,3575,none,.jpeg
270__none__187731,C:\Users\aryan\OneDrive\Desktop\project_new\semantic-photo-intelligence\car_angle_dataset\270\187731.jpeg,270,256,144,3882,none,.jpeg
180__none__451232,C:\Users\aryan\OneDrive\Desktop\project_new\semantic-photo-intelligence\car_angle_dataset\180\451232.jpeg,180,256,170,5411,none,.jpeg
130__none__449419,C:\Users\aryan\OneDrive\Desktop\project_new\semantic-photo-intelligence\car_angle_dataset\130\449419.jpeg,130,256,144,4673,none,.jpeg
180__none__179352,C:\Users\aryan\OneDrive\Desktop\project_new\semantic-photo-intelligence\car_angle_dataset\180\179352.jpeg,180,256,192,4054,none,.jpeg
0__none__340541,C:\Users\aryan\OneDrive\Desktop\project_new\semantic-photo-intelligence\car_angle_dataset\0\340541.jpeg,0,256,144,3881,none,.jpeg
130__none__224455,C:\Users\aryan\OneDrive\Desktop\project_new\semantic-photo-intelligence\car_angle_dataset\130\224455.jpeg,130,256,144,4420,none,.jpeg
180__none__407663,C:\Users\aryan\OneDrive\Desktop\project_new\semantic-photo-intelligence\car_angle_dataset\180\407663.jpeg,180,256,192,3965,none,.jpeg
270__none__466185,C:\Users\aryan\OneDrive\Desktop\project_new\semantic-photo-intelligence\car_angle_dataset\270\466185.jpeg,270,256,144,4151,none,.jpeg
270__none__206570,C:\Users\aryan\OneDrive\Desktop\project_new\semantic-photo-intelligence\car_angle_dataset\270\206570.jpeg,270,256,192,5162,none,.jpeg
0__none__390635,C:\Users\aryan\OneDrive\Desktop\project_new\semantic-photo-intelligence\car_angle_dataset\0\390635.jpeg,0,256,192,3862,none,.jpeg
0__none__242551,C:\Users\aryan\OneDrive\Desktop\project_new\semantic-photo-intelligence\car_angle_dataset\0\242551.jpeg,0,256,144,4039,none,.jpeg
0__none__302275,C:\Users\aryan\OneDrive\Desktop\project_new\semantic-photo-intelligence\car_angle_dataset\0\302275.jpeg,0,256,191,5141,none,.jpeg
0__none__321370,C:\Users\aryan\OneDrive\Desktop\project_new\semantic-photo-intelligence\car_angle_dataset\0\321370.jpeg,0,256,144,3216,none,.jpeg
90__none__216809,C:\Users\aryan\OneDrive\Desktop\project_new\semantic-photo-intelligence\car_angle_dataset\90\216809.jpeg,90,256,192,4940,none,.jpeg
90__none__86256,C:\Users\aryan\OneDrive\Desktop\project_new\semantic-photo-intelligence\car_angle_dataset\90\86256.jpeg,90,256,144,3735,none,.jpeg
180__none__384750,C:\Users\aryan\OneDrive\Desktop\project_new\semantic-photo-intelligence\car_angle_dataset\180\384750.jpeg,180,256,192,3825,none,.jpeg
0__none__422852,C:\Users\aryan\OneDrive\Desktop\project_new\semantic-photo-intelligence\car_angle_dataset\0\422852.jpeg,0,256,192,5934,none,.jpeg
270__none__377036,C:\Users\aryan\OneDrive\Desktop\project_new\semantic-photo-intelligence\car_angle_dataset\270\377036.jpeg,270,256,192,5532,none,.jpeg
90__none__262080,C:\Users\aryan\OneDrive\Desktop\project_new\semantic-photo-intelligence\car_angle_dataset\90\262080.jpeg,90,256,144,3176,none,.jpeg
0__none__141710,C:\Users\aryan\OneDrive\Desktop\project_new\semantic-photo-intelligence\car_angle_dataset\0\141710.jpeg,0,256,144,3290,none,.jpeg
0__none__150320,C:\Users\aryan\OneDrive\Desktop\project_new\semantic-photo-intelligence\car_angle_dataset\0\150320.jpeg,0,256,192,10673,none,.jpeg
0__none__241421,C:\Users\aryan\OneDrive\Desktop\project_new\semantic-photo-intelligence\car_angle_dataset\0\241421.jpeg,0,256,144,3106,none,.jpeg
90__none__299331,C:\Users\aryan\OneDrive\Desktop\project_new\semantic-photo-intelligence\car_angle_dataset\90\299331.jpeg,90,256,144,4168,none,.jpeg
90__none__294174,C:\Users\aryan\OneDrive\Desktop\project_new\semantic-photo-intelligence\car_angle_dataset\90\294174.jpeg,90,256,192,4829,none,.jpeg
90__none__87746,C:\Users\aryan\OneDrive\Desktop\project_new\semantic-photo-intelligence\car_angle_dataset\90\87746.jpeg,90,256,192,4182,none,.jpeg
90__none__281144,C:\Users\aryan\OneDrive\Desktop\project_new\semantic-photo-intelligence\car_angle_dataset\90\281144.jpeg,90,256,144,3044,none,.jpeg
130__none__98382,C:\Users\aryan\OneDrive\Desktop\project_new\semantic-photo-intelligence\car_angle_dataset\130\98382.jpeg,130,256,144,3815,none,.jpeg
180__none__226746,C:\Users\aryan\OneDrive\Desktop\project_new\semantic-photo-intelligence\car_angle_dataset\180\226746.jpeg,180,256,191,6049,none,.jpeg
180__none__264621,C:\Users\aryan\OneDrive\Desktop\project_new\semantic-photo-intelligence\car_angle_dataset\180\264621.jpeg,180,256,191,5539,none,.jpeg
130__none__370413,C:\Users\aryan\OneDrive\Desktop\project_new\semantic-photo-intelligence\car_angle_dataset\130\370413.jpeg,130,256,192,3979,none,.jpeg
130__none__179039,C:\Users\aryan\OneDrive\Desktop\project_new\semantic-photo-intelligence\car_angle_dataset\130\179039.jpeg,130,256,144,4880,none,.jpeg
130__none__293423,C:\Users\aryan\OneDrive\Desktop\project_new\semantic-photo-intelligence\car_angle_dataset\130\293423.jpeg,130,256,192,5565,none,.jpeg
0__none__486298,C:\Users\aryan\OneDrive\Desktop\project_new\semantic-photo-intelligence\car_angle_dataset\0\486298.jpeg,0,256,256,12828,none,.jpeg
0__none__209247,C:\Users\aryan\OneDrive\Desktop\project_new\semantic-photo-intelligence\car_angle_dataset\0\209247.jpeg,0,256,192,7292,none,.jpeg
0__none__88584,C:\Users\aryan\OneDrive\Desktop\project_new\semantic-photo-intelligence\car_angle_dataset\0\88584.jpeg,0,256,144,3811,none,.jpeg
90__none__337891,C:\Users\aryan\OneDrive\Desktop\project_new\semantic-photo-intelligence\car_angle_dataset\90\337891.jpeg,90,256,144,4230,none,.jpeg
90__none__83973,C:\Users\aryan\OneDrive\Desktop\project_new\semantic-photo-intelligence\car_angle_dataset\90\83973.jpeg,90,256,144,4075,none,.jpeg
130__none__307084,C:\Users\aryan\OneDrive\Desktop\project_new\semantic-photo-intelligence\car_angle_dataset\130\307084.jpeg,130,256,144,5110,none,.jpeg
0__none__341409,C:\Users\aryan\OneDrive\Desktop\project_new\semantic-photo-intelligence\car_angle_dataset\0\341409.jpeg,0,256,192,6807,none,.jpeg
130__none__499028,C:\Users\aryan\OneDrive\Desktop\project_new\semantic-photo-intelligence\car_angle_dataset\130\499028.jpeg,130,256,192,5588,none,.jpeg
0__none__87198,C:\Users\aryan\OneDrive\Desktop\project_new\semantic-photo-intelligence\car_angle_dataset\0\87198.jpeg,0,256,144,3264,none,.jpeg
180__none__167130,C:\Users\aryan\OneDrive\Desktop\project_new\semantic-photo-intelligence\car_angle_dataset\180\167130.jpeg,180,256,144,3494,none,.jpeg
0__none__95360,C:\Users\aryan\OneDrive\Desktop\project_new\semantic-photo-intelligence\car_angle_dataset\0\95360.jpeg,0,256,240,4914,none,.jpeg
90__none__222415,C:\Users\aryan\OneDrive\Desktop\project_new\semantic-photo-intelligence\car_angle_dataset\90\222415.jpeg,90,256,144,4283,none,.jpeg
90__none__215182,C:\Users\aryan\OneDrive\Desktop\project_new\semantic-photo-intelligence\car_angle_dataset\90\215182.jpeg,90,256,144,3780,none,.jpeg
90__none__76709,C:\Users\aryan\OneDrive\Desktop\project_new\semantic-photo-intelligence\car_angle_dataset\90\76709.jpeg,90,256,192,4647,none,.jpeg
130__none__203506,C:\Users\aryan\OneDrive\Desktop\project_new\semantic-photo-intelligence\car_angle_dataset\130\203506.jpeg,130,256,144,4293,none,.jpeg
90__none__334538,C:\Users\aryan\OneDrive\Desktop\project_new\semantic-photo-intelligence\car_angle_dataset\90\334538.jpeg,90,256,144,3660,none,.jpeg
180__none__338608,C:\Users\aryan\OneDrive\Desktop\project_new\semantic-photo-intelligence\car_angle_dataset\180\338608.jpeg,180,256,144,3694,none,.jpeg
90__none__79501,C:\Users\aryan\OneDrive\Desktop\project_new\semantic-photo-intelligence\car_angle_dataset\90\79501.jpeg,90,256,192,4187,none,.jpeg
270__none__355915,C:\Users\aryan\OneDrive\Desktop\project_new\semantic-photo-intelligence\car_angle_dataset\270\355915.jpeg,270,256,144,3950,none,.jpeg
0__none__117493,C:\Users\aryan\OneDrive\Desktop\project_new\semantic-photo-intelligence\car_angle_dataset\0\117493.jpeg,0,256,144,4543,none,.jpeg
270__none__296608,C:\Users\aryan\OneDrive\Desktop\project_new\semantic-photo-intelligence\car_angle_dataset\270\296608.jpeg,270,256,170,4027,none,.jpeg
130__none__149894,C:\Users\aryan\OneDrive\Desktop\project_new\semantic-photo-intelligence\car_angle_dataset\130\149894.jpeg,130,256,170,5285,none,.jpeg
130__none__422942,C:\Users\aryan\OneDrive\Desktop\project_new\semantic-photo-intelligence\car_angle_dataset\130\422942.jpeg,130,256,192,5962,none,.jpeg
130__none__94189,C:\Users\aryan\OneDrive\Desktop\project_new\semantic-photo-intelligence\car_angle_dataset\130\94189.jpeg,130,256,144,4998,none,.jpeg
0__none__405469,C:\Users\aryan\OneDrive\Desktop\project_new\semantic-photo-intelligence\car_angle_dataset\0\405469.jpeg,0,256,144,4724,none,.jpeg
0__none__457028,C:\Users\aryan\OneDrive\Desktop\project_new\semantic-photo-intelligence\car_angle_dataset\0\457028.jpeg,0,256,192,3745,none,.jpeg
270__none__424239,C:\Users\aryan\OneDrive\Desktop\project_new\semantic-photo-intelligence\car_angle_dataset\270\424239.jpeg,270,256,192,4730,none,.jpeg
130__none__170692,C:\Users\aryan\OneDrive\Desktop\project_new\semantic-photo-intelligence\car_angle_dataset\130\170692.jpeg,130,256,144,4119,none,.jpeg
0__none__476941,C:\Users\aryan\OneDrive\Desktop\project_new\semantic-photo-intelligence\car_angle_dataset\0\476941.jpeg,0,256,192,5897,none,.jpeg
180__none__345745,C:\Users\aryan\OneDrive\Desktop\project_new\semantic-photo-intelligence\car_angle_dataset\180\345745.jpeg,180,256,144,2873,none,.jpeg
90__none__152224,C:\Users\aryan\OneDrive\Desktop\project_new\semantic-photo-intelligence\car_angle_dataset\90\152224.jpeg,90,256,162,6261,none,.jpeg
90__none__91531,C:\Users\aryan\OneDrive\Desktop\project_new\semantic-photo-intelligence\car_angle_dataset\90\91531.jpeg,90,256,144,4996,none,.jpeg
0__none__486065,C:\Users\aryan\OneDrive\Desktop\project_new\semantic-photo-intelligence\car_angle_dataset\0\486065.jpeg,0,256,144,3942,none,.jpeg
180__none__362149,C:\Users\aryan\OneDrive\Desktop\project_new\semantic-photo-intelligence\car_angle_dataset\180\362149.jpeg,180,256,192,6194,none,.jpeg
90__none__70799,C:\Users\aryan\OneDrive\Desktop\project_new\semantic-photo-intelligence\car_angle_dataset\90\70799.jpeg,90,256,144,4280,none,.jpeg
180__none__124579,C:\Users\aryan\OneDrive\Desktop\project_new\semantic-photo-intelligence\car_angle_dataset\180\124579.jpeg,180,256,144,3495,none,.jpeg
130__none__393333,C:\Users\aryan\OneDrive\Desktop\project_new\semantic-photo-intelligence\car_angle_dataset\130\393333.jpeg,130,256,144,3523,none,.jpeg
0__none__162017,C:\Users\aryan\OneDrive\Desktop\project_new\semantic-photo-intelligence\car_angle_dataset\0\162017.jpeg,0,256,144,4484,none,.jpeg
270__none__340127,C:\Users\aryan\OneDrive\Desktop\project_new\semantic-photo-intelligence\car_angle_dataset\270\340127.jpeg,270,256,144,3873,none,.jpeg
90__none__165919,C:\Users\aryan\OneDrive\Desktop\project_new\semantic-photo-intelligence\car_angle_dataset\90\165919.jpeg,90,256,144,3615,none,.jpeg
90__none__191376,C:\Users\aryan\OneDrive\Desktop\project_new\semantic-photo-intelligence\car_angle_dataset\90\191376.jpeg,90,256,192,5184,none,.jpeg
0__none__172857,C:\Users\aryan\OneDrive\Desktop\project_new\semantic-photo-intelligence\car_angle_dataset\0\172857.jpeg,0,256,144,3522,none,.jpeg
90__none__88995,C:\Users\aryan\OneDrive\Desktop\project_new\semantic-photo-intelligence\car_angle_dataset\90\88995.jpeg,90,256,192,4739,none,.jpeg
0__none__83996,C:\Users\aryan\OneDrive\Desktop\project_new\semantic-photo-intelligence\car_angle_dataset\0\83996.jpeg,0,256,192,4740,none,.jpeg
0__none__311450,C:\Users\aryan\OneDrive\Desktop\project_new\semantic-photo-intelligence\car_angle_dataset\0\311450.jpeg,0,256,144,3067,none,.jpeg
180__none__444731,C:\Users\aryan\OneDrive\Desktop\project_new\semantic-photo-intelligence\car_angle_dataset\180\444731.jpeg,180,256,192,3532,none,.jpeg
90__none__201058,C:\Users\aryan\OneDrive\Desktop\project_new\semantic-photo-intelligence\car_angle_dataset\90\201058.jpeg,90,256,192,6214,none,.jpeg
180__none__474774,C:\Users\aryan\OneDrive\Desktop\project_new\semantic-photo-intelligence\car_angle_dataset\180\474774.jpeg,180,256,192,4618,none,.jpeg
90__none__164594,C:\Users\aryan\OneDrive\Desktop\project_new\semantic-photo-intelligence\car_angle_dataset\90\164594.jpeg,90,256,190,5408,none,.jpeg
180__none__473825,C:\Users\aryan\OneDrive\Desktop\project_new\semantic-photo-intelligence\car_angle_dataset\180\473825.jpeg,180,256,192,5491,none,.jpeg
180__none__478211,C:\Users\aryan\OneDrive\Desktop\project_new\semantic-photo-intelligence\car_angle_dataset\180\478211.jpeg,180,256,192,5705,none,.jpeg
180__none__203984,C:\Users\aryan\OneDrive\Desktop\project_new\semantic-photo-intelligence\car_angle_dataset\180\203984.jpeg,180,256,192,8509,none,.jpeg
130__none__152048,C:\Users\aryan\OneDrive\Desktop\project_new\semantic-photo-intelligence\car_angle_dataset\130\152048.jpeg,130,256,144,4194,none,.jpeg
130__none__357548,C:\Users\aryan\OneDrive\Desktop\project_new\semantic-photo-intelligence\car_angle_dataset\130\357548.jpeg,130,256,144,4990,none,.jpeg
180__none__348285,C:\Users\aryan\OneDrive\Desktop\project_new\semantic-photo-intelligence\car_angle_dataset\180\348285.jpeg,180,256,191,4020,none,.jpeg
270__none__214678,C:\Users\aryan\OneDrive\Desktop\project_new\semantic-photo-intelligence\car_angle_dataset\270\214678.jpeg,270,256,144,4797,none,.jpeg
130__none__417321,C:\Users\aryan\OneDrive\Desktop\project_new\semantic-photo-intelligence\car_angle_dataset\130\417321.jpeg,130,256,144,3433,none,.jpeg
90__none__105086,C:\Users\aryan\OneDrive\Desktop\project_new\semantic-photo-intelligence\car_angle_dataset\90\105086.jpeg,90,256,144,4502,none,.jpeg
180__none__415230,C:\Users\aryan\OneDrive\Desktop\project_new\semantic-photo-intelligence\car_angle_dataset\180\415230.jpeg,180,256,188,7533,none,.jpeg
180__none__206562,C:\Users\aryan\OneDrive\Desktop\project_new\semantic-photo-intelligence\car_angle_dataset\180\206562.jpeg,180,256,192,6355,none,.jpeg
0__none__444266,C:\Users\aryan\OneDrive\Desktop\project_new\semantic-photo-intelligence\car_angle_dataset\0\444266.jpeg,0,256,192,6028,none,.jpeg
270__none__355703,C:\Users\aryan\OneDrive\Desktop\project_new\semantic-photo-intelligence\car_angle_dataset\270\355703.jpeg,270,256,192,4630,none,.jpeg
180__none__396053,C:\Users\aryan\OneDrive\Desktop\project_new\semantic-photo-intelligence\car_angle_dataset\180\396053.jpeg,180,256,170,6610,none,.jpeg
130__none__172395,C:\Users\aryan\OneDrive\Desktop\project_new\semantic-photo-intelligence\car_angle_dataset\130\172395.jpeg,130,256,144,4557,none,.jpeg
270__none__281382,C:\Users\aryan\OneDrive\Desktop\project_new\semantic-photo-intelligence\car_angle_dataset\270\281382.jpeg,270,256,192,3843,none,.jpeg
180__none__110592,C:\Users\aryan\OneDrive\Desktop\project_new\semantic-photo-intelligence\car_angle_dataset\180\110592.jpeg,180,256,144,2802,none,.jpeg
270__none__313925,C:\Users\aryan\OneDrive\Desktop\project_new\semantic-photo-intelligence\car_angle_dataset\270\313925.jpeg,270,256,144,3508,none,.jpeg
90__none__30644,C:\Users\aryan\OneDrive\Desktop\project_new\semantic-photo-intelligence\car_angle_dataset\90\30644.jpeg,90,256,192,5262,none,.jpeg
270__none__478428,C:\Users\aryan\OneDrive\Desktop\project_new\semantic-photo-intelligence\car_angle_dataset\270\478428.jpeg,270,256,144,4873,none,.jpeg
270__none__411129,C:\Users\aryan\OneDrive\Desktop\project_new\semantic-photo-intelligence\car_angle_dataset\270\411129.jpeg,270,256,192,5105,none,.jpeg
180__none__358953,C:\Users\aryan\OneDrive\Desktop\project_new\semantic-photo-intelligence\car_angle_dataset\180\358953.jpeg,180,256,192,5469,none,.jpeg
130__none__215111,C:\Users\aryan\OneDrive\Desktop\project_new\semantic-photo-intelligence\car_angle_dataset\130\215111.jpeg,130,256,144,3235,none,.jpeg
0__none__95373,C:\Users\aryan\OneDrive\Desktop\project_new\semantic-photo-intelligence\car_angle_dataset\0\95373.jpeg,0,256,192,5767,none,.jpeg
180__none__415061,C:\Users\aryan\OneDrive\Desktop\project_new\semantic-photo-intelligence\car_angle_dataset\180\415061.jpeg,180,256,144,2095,none,.jpeg
0__none__229011,C:\Users\aryan\OneDrive\Desktop\project_new\semantic-photo-intelligence\car_angle_dataset\0\229011.jpeg,0,256,192,5856,none,.jpeg
180__none__411750,C:\Users\aryan\OneDrive\Desktop\project_new\semantic-photo-intelligence\car_angle_dataset\180\411750.jpeg,180,256,192,6598,none,.jpeg
90__none__71462,C:\Users\aryan\OneDrive\Desktop\project_new\semantic-photo-intelligence\car_angle_dataset\90\71462.jpeg,90,256,144,4287,none,.jpeg
130__none__103649,C:\Users\aryan\OneDrive\Desktop\project_new\semantic-photo-intelligence\car_angle_dataset\130\103649.jpeg,130,256,144,4238,none,.jpeg
180__none__447105,C:\Users\aryan\OneDrive\Desktop\project_new\semantic-photo-intelligence\car_angle_dataset\180\447105.jpeg,180,256,192,7028,none,.jpeg
130__none__263003,C:\Users\aryan\OneDrive\Desktop\project_new\semantic-photo-intelligence\car_angle_dataset\130\263003.jpeg,130,256,144,3655,none,.jpeg
0__none__145722,C:\Users\aryan\OneDrive\Desktop\project_new\semantic-photo-intelligence\car_angle_dataset\0\145722.jpeg,0,256,197,4356,none,.jpeg
90__none__144239,C:\Users\aryan\OneDrive\Desktop\project_new\semantic-photo-intelligence\car_angle_dataset\90\144239.jpeg,90,256,192,5320,none,.jpeg
180__none__332003,C:\Users\aryan\OneDrive\Desktop\project_new\semantic-photo-intelligence\car_angle_dataset\180\332003.jpeg,180,256,144,3226,none,.jpeg
180__none__289602,C:\Users\aryan\OneDrive\Desktop\project_new\semantic-photo-intelligence\car_angle_dataset\180\289602.jpeg,180,256,144,3856,none,.jpeg
90__none__101163,C:\Users\aryan\OneDrive\Desktop\project_new\semantic-photo-intelligence\car_angle_dataset\90\101163.jpeg,90,256,144,4406,none,.jpeg
130__none__417274,C:\Users\aryan\OneDrive\Desktop\project_new\semantic-photo-intelligence\car_angle_dataset\130\417274.jpeg,130,256,144,5765,none,.jpeg
180__none__215556,C:\Users\aryan\OneDrive\Desktop\project_new\semantic-photo-intelligence\car_angle_dataset\180\215556.jpeg,180,256,144,3475,none,.jpeg
0__none__166823,C:\Users\aryan\OneDrive\Desktop\project_new\semantic-photo-intelligence\car_angle_dataset\0\166823.jpeg,0,256,192,5897,none,.jpeg
0__none__135559,C:\Users\aryan\OneDrive\Desktop\project_new\semantic-photo-intelligence\car_angle_dataset\0\135559.jpeg,0,256,192,6902,none,.jpeg
180__none__341039,C:\Users\aryan\OneDrive\Desktop\project_new\semantic-photo-intelligence\car_angle_dataset\180\341039.jpeg,180,256,191,4081,none,.jpeg
180__none__304009,C:\Users\aryan\OneDrive\Desktop\project_new\semantic-photo-intelligence\car_angle_dataset\180\304009.jpeg,180,256,192,3925,none,.jpeg
90__none__289781,C:\Users\aryan\OneDrive\Desktop\project_new\semantic-photo-intelligence\car_angle_dataset\90\289781.jpeg,90,256,144,4625,none,.jpeg
270__none__325182,C:\Users\aryan\OneDrive\Desktop\project_new\semantic-photo-intelligence\car_angle_dataset\270\325182.jpeg,270,256,144,3811,none,.jpeg
0__none__351869,C:\Users\aryan\OneDrive\Desktop\project_new\semantic-photo-intelligence\car_angle_dataset\0\351869.jpeg,0,256,144,3751,none,.jpeg
130__none__457500,C:\Users\aryan\OneDrive\Desktop\project_new\semantic-photo-intelligence\car_angle_dataset\130\457500.jpeg,130,256,192,6009,none,.jpeg
0__none__317080,C:\Users\aryan\OneDrive\Desktop\project_new\semantic-photo-intelligence\car_angle_dataset\0\317080.jpeg,0,256,144,3042,none,.jpeg
0__none__167295,C:\Users\aryan\OneDrive\Desktop\project_new\semantic-photo-intelligence\car_angle_dataset\0\167295.jpeg,0,256,144,3591,none,.jpeg
90__none__270885,C:\Users\aryan\OneDrive\Desktop\project_new\semantic-photo-intelligence\car_angle_dataset\90\270885.jpeg,90,256,144,3936,none,.jpeg
270__none__432103,C:\Users\aryan\OneDrive\Desktop\project_new\semantic-photo-intelligence\car_angle_dataset\270\432103.jpeg,270,256,192,4237,none,.jpeg
90__none__7625,C:\Users\aryan\OneDrive\Desktop\project_new\semantic-photo-intelligence\car_angle_dataset\90\7625.jpeg,90,256,144,5397,none,.jpeg
180__none__253944,C:\Users\aryan\OneDrive\Desktop\project_new\semantic-photo-intelligence\car_angle_dataset\180\253944.jpeg,180,256,192,7937,none,.jpeg
180__none__226942,C:\Users\aryan\OneDrive\Desktop\project_new\semantic-photo-intelligence\car_angle_dataset\180\226942.jpeg,180,256,192,4714,none,.jpeg
180__none__154201,C:\Users\aryan\OneDrive\Desktop\project_new\semantic-photo-intelligence\car_angle_dataset\180\154201.jpeg,180,256,192,3392,none,.jpeg
0__none__168176,C:\Users\aryan\OneDrive\Desktop\project_new\semantic-photo-intelligence\car_angle_dataset\0\168176.jpeg,0,256,170,4299,none,.jpeg
180__none__337568,C:\Users\aryan\OneDrive\Desktop\project_new\semantic-photo-intelligence\car_angle_dataset\180\337568.jpeg,180,256,144,4417,none,.jpeg
0__none__242423,C:\Users\aryan\OneDrive\Desktop\project_new\semantic-photo-intelligence\car_angle_dataset\0\242423.jpeg,0,256,144,4576,none,.jpeg
270__none__460276,C:\Users\aryan\OneDrive\Desktop\project_new\semantic-photo-intelligence\car_angle_dataset\270\460276.jpeg,270,256,144,3590,none,.jpeg
0__none__312818,C:\Users\aryan\OneDrive\Desktop\project_new\semantic-photo-intelligence\car_angle_dataset\0\312818.jpeg,0,256,192,7775,none,.jpeg
270__none__384096,C:\Users\aryan\OneDrive\Desktop\project_new\semantic-photo-intelligence\car_angle_dataset\270\384096.jpeg,270,256,192,4891,none,.jpeg
180__none__435349,C:\Users\aryan\OneDrive\Desktop\project_new\semantic-photo-intelligence\car_angle_dataset\180\435349.jpeg,180,256,144,2965,none,.jpeg
0__none__189197,C:\Users\aryan\OneDrive\Desktop\project_new\semantic-photo-intelligence\car_angle_dataset\0\189197.jpeg,0,256,144,3530,none,.jpeg
90__none__236648,C:\Users\aryan\OneDrive\Desktop\project_new\semantic-photo-intelligence\car_angle_dataset\90\236648.jpeg,90,256,144,4670,none,.jpeg
130__none__117897,C:\Users\aryan\OneDrive\Desktop\project_new\semantic-photo-intelligence\car_angle_dataset\130\117897.jpeg,130,256,144,3502,none,.jpeg
90__none__229018,C:\Users\aryan\OneDrive\Desktop\project_new\semantic-photo-intelligence\car_angle_dataset\90\229018.jpeg,90,256,144,4117,none,.jpeg
130__none__198915,C:\Users\aryan\OneDrive\Desktop\project_new\semantic-photo-intelligence\car_angle_dataset\130\198915.jpeg,130,256,144,4034,none,.jpeg
180__none__139862,C:\Users\aryan\OneDrive\Desktop\project_new\semantic-photo-intelligence\car_angle_dataset\180\139862.jpeg,180,256,144,3299,none,.jpeg
180__none__86987,C:\Users\aryan\OneDrive\Desktop\project_new\semantic-photo-intelligence\car_angle_dataset\180\86987.jpeg,180,256,192,5172,none,.jpeg
270__none__187455,C:\Users\aryan\OneDrive\Desktop\project_new\semantic-photo-intelligence\car_angle_dataset\270\187455.jpeg,270,256,144,4717,none,.jpeg
130__none__475197,C:\Users\aryan\OneDrive\Desktop\project_new\semantic-photo-intelligence\car_angle_dataset\130\475197.jpeg,130,256,192,6009,none,.jpeg
0__none__157699,C:\Users\aryan\OneDrive\Desktop\project_new\semantic-photo-intelligence\car_angle_dataset\0\157699.jpeg,0,256,192,5897,none,.jpeg
0__none__424131,C:\Users\aryan\OneDrive\Desktop\project_new\semantic-photo-intelligence\car_angle_dataset\0\424131.jpeg,0,256,144,4564,none,.jpeg
90__none__75578,C:\Users\aryan\OneDrive\Desktop\project_new\semantic-photo-intelligence\car_angle_dataset\90\75578.jpeg,90,256,144,5380,none,.jpeg
130__none__392567,C:\Users\aryan\OneDrive\Desktop\project_new\semantic-photo-intelligence\car_angle_dataset\130\392567.jpeg,130,256,144,4461,none,.jpeg
270__none__184688,C:\Users\aryan\OneDrive\Desktop\project_new\semantic-photo-intelligence\car_angle_dataset\270\184688.jpeg,270,256,144,3201,none,.jpeg
90__none__221487,C:\Users\aryan\OneDrive\Desktop\project_new\semantic-photo-intelligence\car_angle_dataset\90\221487.jpeg,90,256,144,3536,none,.jpeg
0__none__294113,C:\Users\aryan\OneDrive\Desktop\project_new\semantic-photo-intelligence\car_angle_dataset\0\294113.jpeg,0,256,144,3895,none,.jpeg
270__none__369792,C:\Users\aryan\OneDrive\Desktop\project_new\semantic-photo-intelligence\car_angle_dataset\270\369792.jpeg,270,256,192,5688,none,.jpeg
130__none__135475,C:\Users\aryan\OneDrive\Desktop\project_new\semantic-photo-intelligence\car_angle_dataset\130\135475.jpeg,130,256,144,3838,none,.jpeg
130__none__344632,C:\Users\aryan\OneDrive\Desktop\project_new\semantic-photo-intelligence\car_angle_dataset\130\344632.jpeg,130,256,144,5189,none,.jpeg
0__none__205410,C:\Users\aryan\OneDrive\Desktop\project_new\semantic-photo-intelligence\car_angle_dataset\0\205410.jpeg,0,256,192,5249,none,.jpeg
0__none__266449,C:\Users\aryan\OneDrive\Desktop\project_new\semantic-photo-intelligence\car_angle_dataset\0\266449.jpeg,0,256,144,4121,none,.jpeg
270__none__183532,C:\Users\aryan\OneDrive\Desktop\project_new\semantic-photo-intelligence\car_angle_dataset\270\183532.jpeg,270,256,144,3586,none,.jpeg
270__none__288801,C:\Users\aryan\OneDrive\Desktop\project_new\semantic-photo-intelligence\car_angle_dataset\270\288801.jpeg,270,256,144,4529,none,.jpeg
130__none__338107,C:\Users\aryan\OneDrive\Desktop\project_new\semantic-photo-intelligence\car_angle_dataset\130\338107.jpeg,130,256,144,5518,none,.jpeg
130__none__286280,C:\Users\aryan\OneDrive\Desktop\project_new\semantic-photo-intelligence\car_angle_dataset\130\286280.jpeg,130,256,144,4789,none,.jpeg
0__none__327603,C:\Users\aryan\OneDrive\Desktop\project_new\semantic-photo-intelligence\car_angle_dataset\0\327603.jpeg,0,256,192,6306,none,.jpeg
130__none__290655,C:\Users\aryan\OneDrive\Desktop\project_new\semantic-photo-intelligence\car_angle_dataset\130\290655.jpeg,130,256,144,4485,none,.jpeg
90__none__212802,C:\Users\aryan\OneDrive\Desktop\project_new\semantic-photo-intelligence\car_angle_dataset\90\212802.jpeg,90,256,144,5305,none,.jpeg
0__none__459397,C:\Users\aryan\OneDrive\Desktop\project_new\semantic-photo-intelligence\car_angle_dataset\0\459397.jpeg,0,256,192,4666,none,.jpeg
270__none__245828,C:\Users\aryan\OneDrive\Desktop\project_new\semantic-photo-intelligence\car_angle_dataset\270\245828.jpeg,270,256,192,5493,none,.jpeg
0__none__425544,C:\Users\aryan\OneDrive\Desktop\project_new\semantic-photo-intelligence\car_angle_dataset\0\425544.jpeg,0,256,144,3333,none,.jpeg
130__none__269422,C:\Users\aryan\OneDrive\Desktop\project_new\semantic-photo-intelligence\car_angle_dataset\130\269422.jpeg,130,256,144,4650,none,.jpeg
90__none__326945,C:\Users\aryan\OneDrive\Desktop\project_new\semantic-photo-intelligence\car_angle_dataset\90\326945.jpeg,90,256,144,3673,none,.jpeg
130__none__257168,C:\Users\aryan\OneDrive\Desktop\project_new\semantic-photo-intelligence\car_angle_dataset\130\257168.jpeg,130,256,144,4201,none,.jpeg
270__none__229337,C:\Users\aryan\OneDrive\Desktop\project_new\semantic-photo-intelligence\car_angle_dataset\270\229337.jpeg,270,256,192,5334,none,.jpeg
180__none__192966,C:\Users\aryan\OneDrive\Desktop\project_new\semantic-photo-intelligence\car_angle_dataset\180\192966.jpeg,180,256,144,3006,none,.jpeg
270__none__436687,C:\Users\aryan\OneDrive\Desktop\project_new\semantic-photo-intelligence\car_angle_dataset\270\436687.jpeg,270,256,170,5380,none,.jpeg
90__none__224819,C:\Users\aryan\OneDrive\Desktop\project_new\semantic-photo-intelligence\car_angle_dataset\90\224819.jpeg,90,256,144,4488,none,.jpeg
90__none__107530,C:\Users\aryan\OneDrive\Desktop\project_new\semantic-photo-intelligence\car_angle_dataset\90\107530.jpeg,90,256,144,4691,none,.jpeg
90__none__298753,C:\Users\aryan\OneDrive\Desktop\project_new\semantic-photo-intelligence\car_angle_dataset\90\298753.jpeg,90,256,144,4512,none,.jpeg
180__none__274233,C:\Users\aryan\OneDrive\Desktop\project_new\semantic-photo-intelligence\car_angle_dataset\180\274233.jpeg,180,256,192,6693,none,.jpeg
180__none__256214,C:\Users\aryan\OneDrive\Desktop\project_new\semantic-photo-intelligence\car_angle_dataset\180\256214.jpeg,180,256,144,2942,none,.jpeg
270__none__294754,C:\Users\aryan\OneDrive\Desktop\project_new\semantic-photo-intelligence\car_angle_dataset\270\294754.jpeg,270,256,192,5606,none,.jpeg
180__none__455112,C:\Users\aryan\OneDrive\Desktop\project_new\semantic-photo-intelligence\car_angle_dataset\180\455112.jpeg,180,256,191,5151,none,.jpeg
130__none__443276,C:\Users\aryan\OneDrive\Desktop\project_new\semantic-photo-intelligence\car_angle_dataset\130\443276.jpeg,130,256,192,5926,none,.jpeg
0__none__483054,C:\Users\aryan\OneDrive\Desktop\project_new\semantic-photo-intelligence\car_angle_dataset\0\483054.jpeg,0,256,192,5897,none,.jpeg
0__none__161476,C:\Users\aryan\OneDrive\Desktop\project_new\semantic-photo-intelligence\car_angle_dataset\0\161476.jpeg,0,256,192,3555,none,.jpeg
180__none__105928,C:\Users\aryan\OneDrive\Desktop\project_new\semantic-photo-intelligence\car_angle_dataset\180\105928.jpeg,180,256,144,4580,none,.jpeg
180__none__71231,C:\Users\aryan\OneDrive\Desktop\project_new\semantic-photo-intelligence\car_angle_dataset\180\71231.jpeg,180,256,144,3312,none,.jpeg
90__none__295138,C:\Users\aryan\OneDrive\Desktop\project_new\semantic-photo-intelligence\car_angle_dataset\90\295138.jpeg,90,256,170,5509,none,.jpeg
180__none__225189,C:\Users\aryan\OneDrive\Desktop\project_new\semantic-photo-intelligence\car_angle_dataset\180\225189.jpeg,180,256,144,3861,none,.jpeg
270__none__354852,C:\Users\aryan\OneDrive\Desktop\project_new\semantic-photo-intelligence\car_angle_dataset\270\354852.jpeg,270,256,144,3945,none,.jpeg
130__none__87209,C:\Users\aryan\OneDrive\Desktop\project_new\semantic-photo-intelligence\car_angle_dataset\130\87209.jpeg,130,256,144,5269,none,.jpeg
180__none__380011,C:\Users\aryan\OneDrive\Desktop\project_new\semantic-photo-intelligence\car_angle_dataset\180\380011.jpeg,180,256,144,3617,none,.jpeg
130__none__460114,C:\Users\aryan\OneDrive\Desktop\project_new\semantic-photo-intelligence\car_angle_dataset\130\460114.jpeg,130,256,144,3997,none,.jpeg
130__none__490925,C:\Users\aryan\OneDrive\Desktop\project_new\semantic-photo-intelligence\car_angle_dataset\130\490925.jpeg,130,256,144,5054,none,.jpeg
130__none__460342,C:\Users\aryan\OneDrive\Desktop\project_new\semantic-photo-intelligence\car_angle_dataset\130\460342.jpeg,130,256,144,4303,none,.jpeg
180__none__123572,C:\Users\aryan\OneDrive\Desktop\project_new\semantic-photo-intelligence\car_angle_dataset\180\123572.jpeg,180,256,144,3496,none,.jpeg
270__none__484065,C:\Users\aryan\OneDrive\Desktop\project_new\semantic-photo-intelligence\car_angle_dataset\270\484065.jpeg,270,256,144,5163,none,.jpeg
270__none__335368,C:\Users\aryan\OneDrive\Desktop\project_new\semantic-photo-intelligence\car_angle_dataset\270\335368.jpeg,270,256,192,5100,none,.jpeg
0__none__448279,C:\Users\aryan\OneDrive\Desktop\project_new\semantic-photo-intelligence\car_angle_dataset\0\448279.jpeg,0,256,144,4297,none,.jpeg
0__none__482370,C:\Users\aryan\OneDrive\Desktop\project_new\semantic-photo-intelligence\car_angle_dataset\0\482370.jpeg,0,256,192,11258,none,.jpeg
90__none__139971,C:\Users\aryan\OneDrive\Desktop\project_new\semantic-photo-intelligence\car_angle_dataset\90\139971.jpeg,90,256,144,5592,none,.jpeg
180__none__181984,C:\Users\aryan\OneDrive\Desktop\project_new\semantic-photo-intelligence\car_angle_dataset\180\181984.jpeg,180,256,144,4738,none,.jpeg
270__none__468698,C:\Users\aryan\OneDrive\Desktop\project_new\semantic-photo-intelligence\car_angle_dataset\270\468698.jpeg,270,256,192,4283,none,.jpeg
130__none__314230,C:\Users\aryan\OneDrive\Desktop\project_new\semantic-photo-intelligence\car_angle_dataset\130\314230.jpeg,130,256,144,4527,none,.jpeg
0__none__479884,C:\Users\aryan\OneDrive\Desktop\project_new\semantic-photo-intelligence\car_angle_dataset\0\479884.jpeg,0,256,192,6525,none,.jpeg
130__none__95048,C:\Users\aryan\OneDrive\Desktop\project_new\semantic-photo-intelligence\car_angle_dataset\130\95048.jpeg,130,256,144,4803,none,.jpeg
90__none__220905,C:\Users\aryan\OneDrive\Desktop\project_new\semantic-photo-intelligence\car_angle_dataset\90\220905.jpeg,90,256,192,4426,none,.jpeg
130__none__435712,C:\Users\aryan\OneDrive\Desktop\project_new\semantic-photo-intelligence\car_angle_dataset\130\435712.jpeg,130,256,144,4531,none,.jpeg
130__none__141671,C:\Users\aryan\OneDrive\Desktop\project_new\semantic-photo-intelligence\car_angle_dataset\130\141671.jpeg,130,256,144,3948,none,.jpeg
0__none__193362,C:\Users\aryan\OneDrive\Desktop\project_new\semantic-photo-intelligence\car_angle_dataset\0\193362.jpeg,0,256,192,9778,none,.jpeg
90__none__182018,C:\Users\aryan\OneDrive\Desktop\project_new\semantic-photo-intelligence\car_angle_dataset\90\182018.jpeg,90,256,144,4319,none,.jpeg
130__none__444474,C:\Users\aryan\OneDrive\Desktop\project_new\semantic-photo-intelligence\car_angle_dataset\130\444474.jpeg,130,256,192,8455,none,.jpeg
180__none__421747,C:\Users\aryan\OneDrive\Desktop\project_new\semantic-photo-intelligence\car_angle_dataset\180\421747.jpeg,180,256,192,3818,none,.jpeg
0__none__357454,C:\Users\aryan\OneDrive\Desktop\project_new\semantic-photo-intelligence\car_angle_dataset\0\357454.jpeg,0,256,192,6068,none,.jpeg
130__none__153348,C:\Users\aryan\OneDrive\Desktop\project_new\semantic-photo-intelligence\car_angle_dataset\130\153348.jpeg,130,256,144,4682,none,.jpeg
270__none__188181,C:\Users\aryan\OneDrive\Desktop\project_new\semantic-photo-intelligence\car_angle_dataset\270\188181.jpeg,270,256,144,4332,none,.jpeg
90__none__736,C:\Users\aryan\OneDrive\Desktop\project_new\semantic-photo-intelligence\car_angle_dataset\90\736.jpeg,90,256,192,4527,none,.jpeg
270__none__400938,C:\Users\aryan\OneDrive\Desktop\project_new\semantic-photo-intelligence\car_angle_dataset\270\400938.jpeg,270,256,192,4423,none,.jpeg
0__none__82520,C:\Users\aryan\OneDrive\Desktop\project_new\semantic-photo-intelligence\car_angle_dataset\0\82520.jpeg,0,256,144,3497,none,.jpeg
180__none__255244,C:\Users\aryan\OneDrive\Desktop\project_new\semantic-photo-intelligence\car_angle_dataset\180\255244.jpeg,180,256,144,3171,none,.jpeg
0__none__399302,C:\Users\aryan\OneDrive\Desktop\project_new\semantic-photo-intelligence\car_angle_dataset\0\399302.jpeg,0,256,192,8009,none,.jpeg
130__none__380224,C:\Users\aryan\OneDrive\Desktop\project_new\semantic-photo-intelligence\car_angle_dataset\130\380224.jpeg,130,256,144,3660,none,.jpeg
90__none__307637,C:\Users\aryan\OneDrive\Desktop\project_new\semantic-photo-intelligence\car_angle_dataset\90\307637.jpeg,90,256,144,5050,none,.jpeg
270__none__227635,C:\Users\aryan\OneDrive\Desktop\project_new\semantic-photo-intelligence\car_angle_dataset\270\227635.jpeg,270,256,144,4028,none,.jpeg
130__none__283253,C:\Users\aryan\OneDrive\Desktop\project_new\semantic-photo-intelligence\car_angle_dataset\130\283253.jpeg,130,256,144,4712,none,.jpeg
180__none__379524,C:\Users\aryan\OneDrive\Desktop\project_new\semantic-photo-intelligence\car_angle_dataset\180\379524.jpeg,180,256,192,5475,none,.jpeg
180__none__380110,C:\Users\aryan\OneDrive\Desktop\project_new\semantic-photo-intelligence\car_angle_dataset\180\380110.jpeg,180,256,144,2808,none,.jpeg
0__none__488878,C:\Users\aryan\OneDrive\Desktop\project_new\semantic-photo-intelligence\car_angle_dataset\0\488878.jpeg,0,256,192,4632,none,.jpeg
270__none__362786,C:\Users\aryan\OneDrive\Desktop\project_new\semantic-photo-intelligence\car_angle_dataset\270\362786.jpeg,270,256,192,5436,none,.jpeg
130__none__266476,C:\Users\aryan\OneDrive\Desktop\project_new\semantic-photo-intelligence\car_angle_dataset\130\266476.jpeg,130,256,170,7662,none,.jpeg
130__none__128068,C:\Users\aryan\OneDrive\Desktop\project_new\semantic-photo-intelligence\car_angle_dataset\130\128068.jpeg,130,256,192,6014,none,.jpeg
0__none__311833,C:\Users\aryan\OneDrive\Desktop\project_new\semantic-photo-intelligence\car_angle_dataset\0\311833.jpeg,0,256,144,2506,none,.jpeg
180__none__408490,C:\Users\aryan\OneDrive\Desktop\project_new\semantic-photo-intelligence\car_angle_dataset\180\408490.jpeg,180,256,191,6281,none,.jpeg
0__none__302767,C:\Users\aryan\OneDrive\Desktop\project_new\semantic-photo-intelligence\car_angle_dataset\0\302767.jpeg,0,256,192,5025,none,.jpeg
90__none__77135,C:\Users\aryan\OneDrive\Desktop\project_new\semantic-photo-intelligence\car_angle_dataset\90\77135.jpeg,90,256,192,5368,none,.jpeg
130__none__166646,C:\Users\aryan\OneDrive\Desktop\project_new\semantic-photo-intelligence\car_angle_dataset\130\166646.jpeg,130,256,144,4690,none,.jpeg
130__none__474978,C:\Users\aryan\OneDrive\Desktop\project_new\semantic-photo-intelligence\car_angle_dataset\130\474978.jpeg,130,256,192,4668,none,.jpeg
0__none__248150,C:\Users\aryan\OneDrive\Desktop\project_new\semantic-photo-intelligence\car_angle_dataset\0\248150.jpeg,0,256,144,3558,none,.jpeg
180__none__216516,C:\Users\aryan\OneDrive\Desktop\project_new\semantic-photo-intelligence\car_angle_dataset\180\216516.jpeg,180,256,192,8140,none,.jpeg
130__none__491714,C:\Users\aryan\OneDrive\Desktop\project_new\semantic-photo-intelligence\car_angle_dataset\130\491714.jpeg,130,256,192,6162,none,.jpeg
180__none__282174,C:\Users\aryan\OneDrive\Desktop\project_new\semantic-photo-intelligence\car_angle_dataset\180\282174.jpeg,180,256,192,6380,none,.jpeg
0__none__450865,C:\Users\aryan\OneDrive\Desktop\project_new\semantic-photo-intelligence\car_angle_dataset\0\450865.jpeg,0,256,192,3392,none,.jpeg
0__none__240586,C:\Users\aryan\OneDrive\Desktop\project_new\semantic-photo-intelligence\car_angle_dataset\0\240586.jpeg,0,256,170,5825,none,.jpeg
90__none__152424,C:\Users\aryan\OneDrive\Desktop\project_new\semantic-photo-intelligence\car_angle_dataset\90\152424.jpeg,90,256,144,3638,none,.jpeg
90__none__26598,C:\Users\aryan\OneDrive\Desktop\project_new\semantic-photo-intelligence\car_angle_dataset\90\26598.jpeg,90,256,192,5124,none,.jpeg
0__none__297061,C:\Users\aryan\OneDrive\Desktop\project_new\semantic-photo-intelligence\car_angle_dataset\0\297061.jpeg,0,256,191,6470,none,.jpeg
180__none__183415,C:\Users\aryan\OneDrive\Desktop\project_new\semantic-photo-intelligence\car_angle_dataset\180\183415.jpeg,180,256,144,3932,none,.jpeg
0__none__89334,C:\Users\aryan\OneDrive\Desktop\project_new\semantic-photo-intelligence\car_angle_dataset\0\89334.jpeg,0,256,192,3648,none,.jpeg
130__none__497439,C:\Users\aryan\OneDrive\Desktop\project_new\semantic-photo-intelligence\car_angle_dataset\130\497439.jpeg,130,256,192,6031,none,.jpeg
130__none__408710,C:\Users\aryan\OneDrive\Desktop\project_new\semantic-photo-intelligence\car_angle_dataset\130\408710.jpeg,130,256,144,3725,none,.jpeg
0__none__345285,C:\Users\aryan\OneDrive\Desktop\project_new\semantic-photo-intelligence\car_angle_dataset\0\345285.jpeg,0,256,144,4157,none,.jpeg
130__none__174575,C:\Users\aryan\OneDrive\Desktop\project_new\semantic-photo-intelligence\car_angle_dataset\130\174575.jpeg,130,256,144,4904,none,.jpeg
180__none__70904,C:\Users\aryan\OneDrive\Desktop\project_new\semantic-photo-intelligence\car_angle_dataset\180\70904.jpeg,180,256,144,3235,none,.jpeg
90__none__271281,C:\Users\aryan\OneDrive\Desktop\project_new\semantic-photo-intelligence\car_angle_dataset\90\271281.jpeg,90,256,144,3372,none,.jpeg
270__none__210246,C:\Users\aryan\OneDrive\Desktop\project_new\semantic-photo-intelligence\car_angle_dataset\270\210246.jpeg,270,256,192,4674,none,.jpeg
0__none__190709,C:\Users\aryan\OneDrive\Desktop\project_new\semantic-photo-intelligence\car_angle_dataset\0\190709.jpeg,0,256,144,2526,none,.jpeg
130__none__447826,C:\Users\aryan\OneDrive\Desktop\project_new\semantic-photo-intelligence\car_angle_dataset\130\447826.jpeg,130,256,144,5212,none,.jpeg
130__none__499098,C:\Users\aryan\OneDrive\Desktop\project_new\semantic-photo-intelligence\car_angle_dataset\130\499098.jpeg,130,256,192,4668,none,.jpeg
0__none__398037,C:\Users\aryan\OneDrive\Desktop\project_new\semantic-photo-intelligence\car_angle_dataset\0\398037.jpeg,0,256,192,9575,none,.jpeg
180__none__155330,C:\Users\aryan\OneDrive\Desktop\project_new\semantic-photo-intelligence\car_angle_dataset\180\155330.jpeg,180,256,144,2668,none,.jpeg
130__none__372888,C:\Users\aryan\OneDrive\Desktop\project_new\semantic-photo-intelligence\car_angle_dataset\130\372888.jpeg,130,256,192,5212,none,.jpeg
180__none__104682,C:\Users\aryan\OneDrive\Desktop\project_new\semantic-photo-intelligence\car_angle_dataset\180\104682.jpeg,180,256,170,7199,none,.jpeg
270__none__417675,C:\Users\aryan\OneDrive\Desktop\project_new\semantic-photo-intelligence\car_angle_dataset\270\417675.jpeg,270,256,192,5001,none,.jpeg
0__none__472284,C:\Users\aryan\OneDrive\Desktop\project_new\semantic-photo-intelligence\car_angle_dataset\0\472284.jpeg,0,256,192,5160,none,.jpeg
180__none__62986,C:\Users\aryan\OneDrive\Desktop\project_new\semantic-photo-intelligence\car_angle_dataset\180\62986.jpeg,180,256,144,3816,none,.jpeg
130__none__482189,C:\Users\aryan\OneDrive\Desktop\project_new\semantic-photo-intelligence\car_angle_dataset\130\482189.jpeg,130,256,192,4668,none,.jpeg
0__none__238846,C:\Users\aryan\OneDrive\Desktop\project_new\semantic-photo-intelligence\car_angle_dataset\0\238846.jpeg,0,256,144,3123,none,.jpeg
130__none__379299,C:\Users\aryan\OneDrive\Desktop\project_new\semantic-photo-intelligence\car_angle_dataset\130\379299.jpeg,130,256,144,5026,none,.jpeg
0__none__291936,C:\Users\aryan\OneDrive\Desktop\project_new\semantic-photo-intelligence\car_angle_dataset\0\291936.jpeg,0,256,144,4209,none,.jpeg
90__none__101232,C:\Users\aryan\OneDrive\Desktop\project_new\semantic-photo-intelligence\car_angle_dataset\90\101232.jpeg,90,256,144,5366,none,.jpeg
270__none__394226,C:\Users\aryan\OneDrive\Desktop\project_new\semantic-photo-intelligence\car_angle_dataset\270\394226.jpeg,270,256,192,4761,none,.jpeg
180__none__364560,C:\Users\aryan\OneDrive\Desktop\project_new\semantic-photo-intelligence\car_angle_dataset\180\364560.jpeg,180,256,192,3683,none,.jpeg
130__none__342873,C:\Users\aryan\OneDrive\Desktop\project_new\semantic-photo-intelligence\car_angle_dataset\130\342873.jpeg,130,256,144,5209,none,.jpeg
180__none__413864,C:\Users\aryan\OneDrive\Desktop\project_new\semantic-photo-intelligence\car_angle_dataset\180\413864.jpeg,180,256,192,6340,none,.jpeg
0__none__164526,C:\Users\aryan\OneDrive\Desktop\project_new\semantic-photo-intelligence\car_angle_dataset\0\164526.jpeg,0,256,144,3318,none,.jpeg
270__none__218153,C:\Users\aryan\OneDrive\Desktop\project_new\semantic-photo-intelligence\car_angle_dataset\270\218153.jpeg,270,256,144,3974,none,.jpeg
90__none__321919,C:\Users\aryan\OneDrive\Desktop\project_new\semantic-photo-intelligence\car_angle_dataset\90\321919.jpeg,90,256,144,4604,none,.jpeg
270__none__296921,C:\Users\aryan\OneDrive\Desktop\project_new\semantic-photo-intelligence\car_angle_dataset\270\296921.jpeg,270,256,192,4811,none,.jpeg
90__none__327254,C:\Users\aryan\OneDrive\Desktop\project_new\semantic-photo-intelligence\car_angle_dataset\90\327254.jpeg,90,256,144,4283,none,.jpeg
0__none__294667,C:\Users\aryan\OneDrive\Desktop\project_new\semantic-photo-intelligence\car_angle_dataset\0\294667.jpeg,0,256,144,4622,none,.jpeg
180__none__73371,C:\Users\aryan\OneDrive\Desktop\project_new\semantic-photo-intelligence\car_angle_dataset\180\73371.jpeg,180,256,144,3146,none,.jpeg
270__none__404325,C:\Users\aryan\OneDrive\Desktop\project_new\semantic-photo-intelligence\car_angle_dataset\270\404325.jpeg,270,256,191,5940,none,.jpeg
270__none__287228,C:\Users\aryan\OneDrive\Desktop\project_new\semantic-photo-intelligence\car_angle_dataset\270\287228.jpeg,270,256,144,3639,none,.jpeg
0__none__358729,C:\Users\aryan\OneDrive\Desktop\project_new\semantic-photo-intelligence\car_angle_dataset\0\358729.jpeg,0,256,192,5574,none,.jpeg
0__none__404484,C:\Users\aryan\OneDrive\Desktop\project_new\semantic-photo-intelligence\car_angle_dataset\0\404484.jpeg,0,256,191,5059,none,.jpeg
270__none__393197,C:\Users\aryan\OneDrive\Desktop\project_new\semantic-photo-intelligence\car_angle_dataset\270\393197.jpeg,270,256,144,3788,none,.jpeg
180__none__418272,C:\Users\aryan\OneDrive\Desktop\project_new\semantic-photo-intelligence\car_angle_dataset\180\418272.jpeg,180,256,144,3891,none,.jpeg
90__none__229583,C:\Users\aryan\OneDrive\Desktop\project_new\semantic-photo-intelligence\car_angle_dataset\90\229583.jpeg,90,256,192,5215,none,.jpeg
130__none__217368,C:\Users\aryan\OneDrive\Desktop\project_new\semantic-photo-intelligence\car_angle_dataset\130\217368.jpeg,130,256,144,4760,none,.jpeg
130__none__460590,C:\Users\aryan\OneDrive\Desktop\project_new\semantic-photo-intelligence\car_angle_dataset\130\460590.jpeg,130,256,144,4758,none,.jpeg
270__none__370231,C:\Users\aryan\OneDrive\Desktop\project_new\semantic-photo-intelligence\car_angle_dataset\270\370231.jpeg,270,256,192,4243,none,.jpeg
130__none__259487,C:\Users\aryan\OneDrive\Desktop\project_new\semantic-photo-intelligence\car_angle_dataset\130\259487.jpeg,130,256,144,4172,none,.jpeg
0__none__161792,C:\Users\aryan\OneDrive\Desktop\project_new\semantic-photo-intelligence\car_angle_dataset\0\161792.jpeg,0,256,192,3439,none,.jpeg
130__none__416980,C:\Users\aryan\OneDrive\Desktop\project_new\semantic-photo-intelligence\car_angle_dataset\130\416980.jpeg,130,256,144,4220,none,.jpeg
0__none__92591,C:\Users\aryan\OneDrive\Desktop\project_new\semantic-photo-intelligence\car_angle_dataset\0\92591.jpeg,0,256,144,3548,none,.jpeg
270__none__255771,C:\Users\aryan\OneDrive\Desktop\project_new\semantic-photo-intelligence\car_angle_dataset\270\255771.jpeg,270,256,144,3487,none,.jpeg
90__none__235620,C:\Users\aryan\OneDrive\Desktop\project_new\semantic-photo-intelligence\car_angle_dataset\90\235620.jpeg,90,256,144,4700,none,.jpeg
270__none__293819,C:\Users\aryan\OneDrive\Desktop\project_new\semantic-photo-intelligence\car_angle_dataset\270\293819.jpeg,270,256,192,4700,none,.jpeg
0__none__430452,C:\Users\aryan\OneDrive\Desktop\project_new\semantic-photo-intelligence\car_angle_dataset\0\430452.jpeg,0,256,192,4212,none,.jpeg
0__none__84785,C:\Users\aryan\OneDrive\Desktop\project_new\semantic-photo-intelligence\car_angle_dataset\0\84785.jpeg,0,256,192,4377,none,.jpeg
0__none__291576,C:\Users\aryan\OneDrive\Desktop\project_new\semantic-photo-intelligence\car_angle_dataset\0\291576.jpeg,0,256,192,8055,none,.jpeg
180__none__205039,C:\Users\aryan\OneDrive\Desktop\project_new\semantic-photo-intelligence\car_angle_dataset\180\205039.jpeg,180,256,144,2874,none,.jpeg
180__none__394188,C:\Users\aryan\OneDrive\Desktop\project_new\semantic-photo-intelligence\car_angle_dataset\180\394188.jpeg,180,256,144,3422,none,.jpeg
270__none__396068,C:\Users\aryan\OneDrive\Desktop\project_new\semantic-photo-intelligence\car_angle_dataset\270\396068.jpeg,270,256,170,5281,none,.jpeg
130__none__252146,C:\Users\aryan\OneDrive\Desktop\project_new\semantic-photo-intelligence\car_angle_dataset\130\252146.jpeg,130,256,144,3430,none,.jpeg
180__none__315734,C:\Users\aryan\OneDrive\Desktop\project_new\semantic-photo-intelligence\car_angle_dataset\180\315734.jpeg,180,256,144,2367,none,.jpeg
90__none__57631,C:\Users\aryan\OneDrive\Desktop\project_new\semantic-photo-intelligence\car_angle_dataset\90\57631.jpeg,90,256,192,5979,none,.jpeg
180__none__73001,C:\Users\aryan\OneDrive\Desktop\project_new\semantic-photo-intelligence\car_angle_dataset\180\73001.jpeg,180,256,144,4160,none,.jpeg
130__none__98405,C:\Users\aryan\OneDrive\Desktop\project_new\semantic-photo-intelligence\car_angle_dataset\130\98405.jpeg,130,256,144,3439,none,.jpeg
180__none__473509,C:\Users\aryan\OneDrive\Desktop\project_new\semantic-photo-intelligence\car_angle_dataset\180\473509.jpeg,180,256,144,2693,none,.jpeg
180__none__345667,C:\Users\aryan\OneDrive\Desktop\project_new\semantic-photo-intelligence\car_angle_dataset\180\345667.jpeg,180,256,192,7474,none,.jpeg
180__none__108438,C:\Users\aryan\OneDrive\Desktop\project_new\semantic-photo-intelligence\car_angle_dataset\180\108438.jpeg,180,256,144,4132,none,.jpeg
90__none__119021,C:\Users\aryan\OneDrive\Desktop\project_new\semantic-photo-intelligence\car_angle_dataset\90\119021.jpeg,90,256,144,5494,none,.jpeg
130__none__408614,C:\Users\aryan\OneDrive\Desktop\project_new\semantic-photo-intelligence\car_angle_dataset\130\408614.jpeg,130,256,192,5189,none,.jpeg
130__none__180661,C:\Users\aryan\OneDrive\Desktop\project_new\semantic-photo-intelligence\car_angle_dataset\130\180661.jpeg,130,256,192,4668,none,.jpeg
90__none__197682,C:\Users\aryan\OneDrive\Desktop\project_new\semantic-photo-intelligence\car_angle_dataset\90\197682.jpeg,90,256,192,5259,none,.jpeg
90__none__187336,C:\Users\aryan\OneDrive\Desktop\project_new\semantic-photo-intelligence\car_angle_dataset\90\187336.jpeg,90,256,144,5146,none,.jpeg
130__none__498692,C:\Users\aryan\OneDrive\Desktop\project_new\semantic-photo-intelligence\car_angle_dataset\130\498692.jpeg,130,256,192,3986,none,.jpeg
180__none__62696,C:\Users\aryan\OneDrive\Desktop\project_new\semantic-photo-intelligence\car_angle_dataset\180\62696.jpeg,180,256,192,4303,none,.jpeg
270__none__358258,C:\Users\aryan\OneDrive\Desktop\project_new\semantic-photo-intelligence\car_angle_dataset\270\358258.jpeg,270,256,144,4521,none,.jpeg
180__none__143866,C:\Users\aryan\OneDrive\Desktop\project_new\semantic-photo-intelligence\car_angle_dataset\180\143866.jpeg,180,256,144,3857,none,.jpeg
180__none__177199,C:\Users\aryan\OneDrive\Desktop\project_new\semantic-photo-intelligence\car_angle_dataset\180\177199.jpeg,180,256,144,3280,none,.jpeg
0__none__92758,C:\Users\aryan\OneDrive\Desktop\project_new\semantic-photo-intelligence\car_angle_dataset\0\92758.jpeg,0,256,144,4241,none,.jpeg
130__none__496701,C:\Users\aryan\OneDrive\Desktop\project_new\semantic-photo-intelligence\car_angle_dataset\130\496701.jpeg,130,256,192,6149,none,.jpeg
90__none__319258,C:\Users\aryan\OneDrive\Desktop\project_new\semantic-photo-intelligence\car_angle_dataset\90\319258.jpeg,90,256,144,3547,none,.jpeg
180__none__331133,C:\Users\aryan\OneDrive\Desktop\project_new\semantic-photo-intelligence\car_angle_dataset\180\331133.jpeg,180,256,144,3723,none,.jpeg
130__none__222614,C:\Users\aryan\OneDrive\Desktop\project_new\semantic-photo-intelligence\car_angle_dataset\130\222614.jpeg,130,256,144,3642,none,.jpeg
0__none__357186,C:\Users\aryan\OneDrive\Desktop\project_new\semantic-photo-intelligence\car_angle_dataset\0\357186.jpeg,0,256,144,3991,none,.jpeg
0__none__332835,C:\Users\aryan\OneDrive\Desktop\project_new\semantic-photo-intelligence\car_angle_dataset\0\332835.jpeg,0,256,144,3705,none,.jpeg
90__none__162403,C:\Users\aryan\OneDrive\Desktop\project_new\semantic-photo-intelligence\car_angle_dataset\90\162403.jpeg,90,256,144,4196,none,.jpeg
90__none__260551,C:\Users\aryan\OneDrive\Desktop\project_new\semantic-photo-intelligence\car_angle_dataset\90\260551.jpeg,90,256,144,3258,none,.jpeg
90__none__103457,C:\Users\aryan\OneDrive\Desktop\project_new\semantic-photo-intelligence\car_angle_dataset\90\103457.jpeg,90,256,144,5178,none,.jpeg
90__none__207887,C:\Users\aryan\OneDrive\Desktop\project_new\semantic-photo-intelligence\car_angle_dataset\90\207887.jpeg,90,256,144,4635,none,.jpeg
90__none__322081,C:\Users\aryan\OneDrive\Desktop\project_new\semantic-photo-intelligence\car_angle_dataset\90\322081.jpeg,90,256,144,3629,none,.jpeg
130__none__289344,C:\Users\aryan\OneDrive\Desktop\project_new\semantic-photo-intelligence\car_angle_dataset\130\289344.jpeg,130,256,170,4548,none,.jpeg
90__none__315993,C:\Users\aryan\OneDrive\Desktop\project_new\semantic-photo-intelligence\car_angle_dataset\90\315993.jpeg,90,256,144,2919,none,.jpeg
180__none__271259,C:\Users\aryan\OneDrive\Desktop\project_new\semantic-photo-intelligence\car_angle_dataset\180\271259.jpeg,180,256,144,3772,none,.jpeg
180__none__284574,C:\Users\aryan\OneDrive\Desktop\project_new\semantic-photo-intelligence\car_angle_dataset\180\284574.jpeg,180,256,192,5510,none,.jpeg
90__none__91252,C:\Users\aryan\OneDrive\Desktop\project_new\semantic-photo-intelligence\car_angle_dataset\90\91252.jpeg,90,256,144,4417,none,.jpeg
270__none__339611,C:\Users\aryan\OneDrive\Desktop\project_new\semantic-photo-intelligence\car_angle_dataset\270\339611.jpeg,270,256,192,4659,none,.jpeg
90__none__230163,C:\Users\aryan\OneDrive\Desktop\project_new\semantic-photo-intelligence\car_angle_dataset\90\230163.jpeg,90,256,144,3693,none,.jpeg
0__none__263121,C:\Users\aryan\OneDrive\Desktop\project_new\semantic-photo-intelligence\car_angle_dataset\0\263121.jpeg,0,256,144,4285,none,.jpeg
90__none__68971,C:\Users\aryan\OneDrive\Desktop\project_new\semantic-photo-intelligence\car_angle_dataset\90\68971.jpeg,90,256,144,5243,none,.jpeg
0__none__112756,C:\Users\aryan\OneDrive\Desktop\project_new\semantic-photo-intelligence\car_angle_dataset\0\112756.jpeg,0,256,192,7527,none,.jpeg
180__none__285307,C:\Users\aryan\OneDrive\Desktop\project_new\semantic-photo-intelligence\car_angle_dataset\180\285307.jpeg,180,256,192,5125,none,.jpeg
180__none__331014,C:\Users\aryan\OneDrive\Desktop\project_new\semantic-photo-intelligence\car_angle_dataset\180\331014.jpeg,180,256,144,3305,none,.jpeg
0__none__349782,C:\Users\aryan\OneDrive\Desktop\project_new\semantic-photo-intelligence\car_angle_dataset\0\349782.jpeg,0,256,192,7421,none,.jpeg
0__none__257403,C:\Users\aryan\OneDrive\Desktop\project_new\semantic-photo-intelligence\car_angle_dataset\0\257403.jpeg,0,256,144,3762,none,.jpeg
130__none__474903,C:\Users\aryan\OneDrive\Desktop\project_new\semantic-photo-intelligence\car_angle_dataset\130\474903.jpeg,130,256,192,3986,none,.jpeg
180__none__425916,C:\Users\aryan\OneDrive\Desktop\project_new\semantic-photo-intelligence\car_angle_dataset\180\425916.jpeg,180,256,144,3895,none,.jpeg
180__none__99869,C:\Users\aryan\OneDrive\Desktop\project_new\semantic-photo-intelligence\car_angle_dataset\180\99869.jpeg,180,256,144,2755,none,.jpeg
270__none__295820,C:\Users\aryan\OneDrive\Desktop\project_new\semantic-photo-intelligence\car_angle_dataset\270\295820.jpeg,270,256,192,5936,none,.jpeg
180__none__444135,C:\Users\aryan\OneDrive\Desktop\project_new\semantic-photo-intelligence\car_angle_dataset\180\444135.jpeg,180,256,144,3405,none,.jpeg
130__none__149357,C:\Users\aryan\OneDrive\Desktop\project_new\semantic-photo-intelligence\car_angle_dataset\130\149357.jpeg,130,256,192,5504,none,.jpeg
90__none__44321,C:\Users\aryan\OneDrive\Desktop\project_new\semantic-photo-intelligence\car_angle_dataset\90\44321.jpeg,90,256,144,5944,none,.jpeg
130__none__111782,C:\Users\aryan\OneDrive\Desktop\project_new\semantic-photo-intelligence\car_angle_dataset\130\111782.jpeg,130,256,144,5262,none,.jpeg
270__none__332950,C:\Users\aryan\OneDrive\Desktop\project_new\semantic-photo-intelligence\car_angle_dataset\270\332950.jpeg,270,256,144,4164,none,.jpeg
90__none__33035,C:\Users\aryan\OneDrive\Desktop\project_new\semantic-photo-intelligence\car_angle_dataset\90\33035.jpeg,90,256,144,4081,none,.jpeg
180__none__390523,C:\Users\aryan\OneDrive\Desktop\project_new\semantic-photo-intelligence\car_angle_dataset\180\390523.jpeg,180,256,191,5606,none,.jpeg
270__none__299862,C:\Users\aryan\OneDrive\Desktop\project_new\semantic-photo-intelligence\car_angle_dataset\270\299862.jpeg,270,256,192,5029,none,.jpeg
270__none__437882,C:\Users\aryan\OneDrive\Desktop\project_new\semantic-photo-intelligence\car_angle_dataset\270\437882.jpeg,270,256,193,6232,none,.jpeg
130__none__133184,C:\Users\aryan\OneDrive\Desktop\project_new\semantic-photo-intelligence\car_angle_dataset\130\133184.jpeg,130,256,144,4831,none,.jpeg
130__none__222176,C:\Users\aryan\OneDrive\Desktop\project_new\semantic-photo-intelligence\car_angle_dataset\130\222176.jpeg,130,256,144,3650,none,.jpeg
270__none__412346,C:\Users\aryan\OneDrive\Desktop\project_new\semantic-photo-intelligence\car_angle_dataset\270\412346.jpeg,270,256,192,3569,none,.jpeg
270__none__291055,C:\Users\aryan\OneDrive\Desktop\project_new\semantic-photo-intelligence\car_angle_dataset\270\291055.jpeg,270,256,192,4414,none,.jpeg
90__none__110263,C:\Users\aryan\OneDrive\Desktop\project_new\semantic-photo-intelligence\car_angle_dataset\90\110263.jpeg,90,256,192,5377,none,.jpeg
180__none__394776,C:\Users\aryan\OneDrive\Desktop\project_new\semantic-photo-intelligence\car_angle_dataset\180\394776.jpeg,180,256,192,5636,none,.jpeg
0__none__325007,C:\Users\aryan\OneDrive\Desktop\project_new\semantic-photo-intelligence\car_angle_dataset\0\325007.jpeg,0,256,144,3804,none,.jpeg
130__none__202024,C:\Users\aryan\OneDrive\Desktop\project_new\semantic-photo-intelligence\car_angle_dataset\130\202024.jpeg,130,256,144,3183,none,.jpeg
130__none__424224,C:\Users\aryan\OneDrive\Desktop\project_new\semantic-photo-intelligence\car_angle_dataset\130\424224.jpeg,130,256,192,4914,none,.jpeg
130__none__326057,C:\Users\aryan\OneDrive\Desktop\project_new\semantic-photo-intelligence\car_angle_dataset\130\326057.jpeg,130,256,144,3580,none,.jpeg
180__none__486817,C:\Users\aryan\OneDrive\Desktop\project_new\semantic-photo-intelligence\car_angle_dataset\180\486817.jpeg,180,256,192,4700,none,.jpeg
270__none__240387,C:\Users\aryan\OneDrive\Desktop\project_new\semantic-photo-intelligence\car_angle_dataset\270\240387.jpeg,270,256,144,4420,none,.jpeg
90__none__66670,C:\Users\aryan\OneDrive\Desktop\project_new\semantic-photo-intelligence\car_angle_dataset\90\66670.jpeg,90,256,192,4794,none,.jpeg
0__none__158102,C:\Users\aryan\OneDrive\Desktop\project_new\semantic-photo-intelligence\car_angle_dataset\0\158102.jpeg,0,256,192,5897,none,.jpeg
90__none__310780,C:\Users\aryan\OneDrive\Desktop\project_new\semantic-photo-intelligence\car_angle_dataset\90\310780.jpeg,90,256,144,3744,none,.jpeg
0__none__267812,C:\Users\aryan\OneDrive\Desktop\project_new\semantic-photo-intelligence\car_angle_dataset\0\267812.jpeg,0,256,170,5061,none,.jpeg
180__none__464210,C:\Users\aryan\OneDrive\Desktop\project_new\semantic-photo-intelligence\car_angle_dataset\180\464210.jpeg,180,256,192,6433,none,.jpeg
0__none__408185,C:\Users\aryan\OneDrive\Desktop\project_new\semantic-photo-intelligence\car_angle_dataset\0\408185.jpeg,0,256,144,3814,none,.jpeg
270__none__344880,C:\Users\aryan\OneDrive\Desktop\project_new\semantic-photo-intelligence\car_angle_dataset\270\344880.jpeg,270,256,144,5130,none,.jpeg
90__none__48052,C:\Users\aryan\OneDrive\Desktop\project_new\semantic-photo-intelligence\car_angle_dataset\90\48052.jpeg,90,256,144,4797,none,.jpeg
90__none__293086,C:\Users\aryan\OneDrive\Desktop\project_new\semantic-photo-intelligence\car_angle_dataset\90\293086.jpeg,90,256,144,4587,none,.jpeg
270__none__187676,C:\Users\aryan\OneDrive\Desktop\project_new\semantic-photo-intelligence\car_angle_dataset\270\187676.jpeg,270,256,191,5552,none,.jpeg
90__none__14205,C:\Users\aryan\OneDrive\Desktop\project_new\semantic-photo-intelligence\car_angle_dataset\90\14205.jpeg,90,256,192,5180,none,.jpeg
130__none__260125,C:\Users\aryan\OneDrive\Desktop\project_new\semantic-photo-intelligence\car_angle_dataset\130\260125.jpeg,130,256,144,3315,none,.jpeg
0__none__316434,C:\Users\aryan\OneDrive\Desktop\project_new\semantic-photo-intelligence\car_angle_dataset\0\316434.jpeg,0,256,192,6695,none,.jpeg
180__none__174022,C:\Users\aryan\OneDrive\Desktop\project_new\semantic-photo-intelligence\car_angle_dataset\180\174022.jpeg,180,256,192,3734,none,.jpeg
130__none__334562,C:\Users\aryan\OneDrive\Desktop\project_new\semantic-photo-intelligence\car_angle_dataset\130\334562.jpeg,130,256,144,4439,none,.jpeg
130__none__271901,C:\Users\aryan\OneDrive\Desktop\project_new\semantic-photo-intelligence\car_angle_dataset\130\271901.jpeg,130,256,144,3767,none,.jpeg
270__none__391446,C:\Users\aryan\OneDrive\Desktop\project_new\semantic-photo-intelligence\car_angle_dataset\270\391446.jpeg,270,256,192,4658,none,.jpeg
0__none__264178,C:\Users\aryan\OneDrive\Desktop\project_new\semantic-photo-intelligence\car_angle_dataset\0\264178.jpeg,0,256,192,6308,none,.jpeg
90__none__185704,C:\Users\aryan\OneDrive\Desktop\project_new\semantic-photo-intelligence\car_angle_dataset\90\185704.jpeg,90,256,144,3945,none,.jpeg
180__none__308927,C:\Users\aryan\OneDrive\Desktop\project_new\semantic-photo-intelligence\car_angle_dataset\180\308927.jpeg,180,256,144,3560,none,.jpeg
90__none__243718,C:\Users\aryan\OneDrive\Desktop\project_new\semantic-photo-intelligence\car_angle_dataset\90\243718.jpeg,90,256,144,4879,none,.jpeg
270__none__285013,C:\Users\aryan\OneDrive\Desktop\project_new\semantic-photo-intelligence\car_angle_dataset\270\285013.jpeg,270,256,192,5029,none,.jpeg
0__none__414171,C:\Users\aryan\OneDrive\Desktop\project_new\semantic-photo-intelligence\car_angle_dataset\0\414171.jpeg,0,256,144,2316,none,.jpeg
270__none__294850,C:\Users\aryan\OneDrive\Desktop\project_new\semantic-photo-intelligence\car_angle_dataset\270\294850.jpeg,270,256,144,4570,none,.jpeg
270__none__339218,C:\Users\aryan\OneDrive\Desktop\project_new\semantic-photo-intelligence\car_angle_dataset\270\339218.jpeg,270,256,144,4869,none,.jpeg
0__none__162243,C:\Users\aryan\OneDrive\Desktop\project_new\semantic-photo-intelligence\car_angle_dataset\0\162243.jpeg,0,256,146,5583,none,.jpeg
90__none__12999,C:\Users\aryan\OneDrive\Desktop\project_new\semantic-photo-intelligence\car_angle_dataset\90\12999.jpeg,90,256,192,4598,none,.jpeg
90__none__252705,C:\Users\aryan\OneDrive\Desktop\project_new\semantic-photo-intelligence\car_angle_dataset\90\252705.jpeg,90,256,144,4211,none,.jpeg
180__none__152289,C:\Users\aryan\OneDrive\Desktop\project_new\semantic-photo-intelligence\car_angle_dataset\180\152289.jpeg,180,256,162,5395,none,.jpeg
130__none__378428,C:\Users\aryan\OneDrive\Desktop\project_new\semantic-photo-intelligence\car_angle_dataset\130\378428.jpeg,130,256,144,3871,none,.jpeg
0__none__210784,C:\Users\aryan\OneDrive\Desktop\project_new\semantic-photo-intelligence\car_angle_dataset\0\210784.jpeg,0,256,191,4691,none,.jpeg
130__none__384770,C:\Users\aryan\OneDrive\Desktop\project_new\semantic-photo-intelligence\car_angle_dataset\130\384770.jpeg,130,256,192,4391,none,.jpeg
90__none__250169,C:\Users\aryan\OneDrive\Desktop\project_new\semantic-photo-intelligence\car_angle_dataset\90\250169.jpeg,90,256,144,3676,none,.jpeg
180__none__252944,C:\Users\aryan\OneDrive\Desktop\project_new\semantic-photo-intelligence\car_angle_dataset\180\252944.jpeg,180,256,191,5766,none,.jpeg
90__none__235641,C:\Users\aryan\OneDrive\Desktop\project_new\semantic-photo-intelligence\car_angle_dataset\90\235641.jpeg,90,256,144,4434,none,.jpeg
270__none__268601,C:\Users\aryan\OneDrive\Desktop\project_new\semantic-photo-intelligence\car_angle_dataset\270\268601.jpeg,270,256,192,6483,none,.jpeg
0__none__267462,C:\Users\aryan\OneDrive\Desktop\project_new\semantic-photo-intelligence\car_angle_dataset\0\267462.jpeg,0,256,170,5434,none,.jpeg
270__none__440120,C:\Users\aryan\OneDrive\Desktop\project_new\semantic-photo-intelligence\car_angle_dataset\270\440120.jpeg,270,256,192,4160,none,.jpeg
130__none__287840,C:\Users\aryan\OneDrive\Desktop\project_new\semantic-photo-intelligence\car_angle_dataset\130\287840.jpeg,130,256,143,4733,none,.jpeg
90__none__335980,C:\Users\aryan\OneDrive\Desktop\project_new\semantic-photo-intelligence\car_angle_dataset\90\335980.jpeg,90,256,192,5374,none,.jpeg
130__none__248426,C:\Users\aryan\OneDrive\Desktop\project_new\semantic-photo-intelligence\car_angle_dataset\130\248426.jpeg,130,256,144,2883,none,.jpeg
0__none__268199,C:\Users\aryan\OneDrive\Desktop\project_new\semantic-photo-intelligence\car_angle_dataset\0\268199.jpeg,0,256,170,6369,none,.jpeg
130__none__79836,C:\Users\aryan\OneDrive\Desktop\project_new\semantic-photo-intelligence\car_angle_dataset\130\79836.jpeg,130,256,144,4218,none,.jpeg
130__none__390125,C:\Users\aryan\OneDrive\Desktop\project_new\semantic-photo-intelligence\car_angle_dataset\130\390125.jpeg,130,256,192,3926,none,.jpeg
180__none__371437,C:\Users\aryan\OneDrive\Desktop\project_new\semantic-photo-intelligence\car_angle_dataset\180\371437.jpeg,180,256,192,8936,none,.jpeg
0__none__476964,C:\Users\aryan\OneDrive\Desktop\project_new\semantic-photo-intelligence\car_angle_dataset\0\476964.jpeg,0,256,192,5897,none,.jpeg
0__none__108491,C:\Users\aryan\OneDrive\Desktop\project_new\semantic-photo-intelligence\car_angle_dataset\0\108491.jpeg,0,256,144,4040,none,.jpeg
180__none__203253,C:\Users\aryan\OneDrive\Desktop\project_new\semantic-photo-intelligence\car_angle_dataset\180\203253.jpeg,180,256,192,8160,none,.jpeg
130__none__435864,C:\Users\aryan\OneDrive\Desktop\project_new\semantic-photo-intelligence\car_angle_dataset\130\435864.jpeg,130,256,144,4313,none,.jpeg
0__none__327760,C:\Users\aryan\OneDrive\Desktop\project_new\semantic-photo-intelligence\car_angle_dataset\0\327760.jpeg,0,256,144,3583,none,.jpeg
180__none__86900,C:\Users\aryan\OneDrive\Desktop\project_new\semantic-photo-intelligence\car_angle_dataset\180\86900.jpeg,180,256,144,3137,none,.jpeg
180__none__87042,C:\Users\aryan\OneDrive\Desktop\project_new\semantic-photo-intelligence\car_angle_dataset\180\87042.jpeg,180,256,192,4512,none,.jpeg
180__none__300055,C:\Users\aryan\OneDrive\Desktop\project_new\semantic-photo-intelligence\car_angle_dataset\180\300055.jpeg,180,256,192,7123,none,.jpeg
90__none__317200,C:\Users\aryan\OneDrive\Desktop\project_new\semantic-photo-intelligence\car_angle_dataset\90\317200.jpeg,90,256,192,4586,none,.jpeg
270__none__292403,C:\Users\aryan\OneDrive\Desktop\project_new\semantic-photo-intelligence\car_angle_dataset\270\292403.jpeg,270,256,192,4355,none,.jpeg
130__none__157044,C:\Users\aryan\OneDrive\Desktop\project_new\semantic-photo-intelligence\car_angle_dataset\130\157044.jpeg,130,256,192,3986,none,.jpeg
90__none__293619,C:\Users\aryan\OneDrive\Desktop\project_new\semantic-photo-intelligence\car_angle_dataset\90\293619.jpeg,90,256,192,5846,none,.jpeg
270__none__479767,C:\Users\aryan\OneDrive\Desktop\project_new\semantic-photo-intelligence\car_angle_dataset\270\479767.jpeg,270,256,192,6072,none,.jpeg
0__none__204799,C:\Users\aryan\OneDrive\Desktop\project_new\semantic-photo-intelligence\car_angle_dataset\0\204799.jpeg,0,256,192,9836,none,.jpeg
130__none__159680,C:\Users\aryan\OneDrive\Desktop\project_new\semantic-photo-intelligence\car_angle_dataset\130\159680.jpeg,130,256,192,4461,none,.jpeg
270__none__330704,C:\Users\aryan\OneDrive\Desktop\project_new\semantic-photo-intelligence\car_angle_dataset\270\330704.jpeg,270,256,144,4002,none,.jpeg
180__none__394768,C:\Users\aryan\OneDrive\Desktop\project_new\semantic-photo-intelligence\car_angle_dataset\180\394768.jpeg,180,256,144,2780,none,.jpeg
0__none__323176,C:\Users\aryan\OneDrive\Desktop\project_new\semantic-photo-intelligence\car_angle_dataset\0\323176.jpeg,0,256,192,7950,none,.jpeg
130__none__150903,C:\Users\aryan\OneDrive\Desktop\project_new\semantic-photo-intelligence\car_angle_dataset\130\150903.jpeg,130,256,192,4414,none,.jpeg
270__none__186776,C:\Users\aryan\OneDrive\Desktop\project_new\semantic-photo-intelligence\car_angle_dataset\270\186776.jpeg,270,256,144,3942,none,.jpeg
90__none__267408,C:\Users\aryan\OneDrive\Desktop\project_new\semantic-photo-intelligence\car_angle_dataset\90\267408.jpeg,90,256,144,4669,none,.jpeg
0__none__477320,C:\Users\aryan\OneDrive\Desktop\project_new\semantic-photo-intelligence\car_angle_dataset\0\477320.jpeg,0,256,144,2644,none,.jpeg
130__none__422759,C:\Users\aryan\OneDrive\Desktop\project_new\semantic-photo-intelligence\car_angle_dataset\130\422759.jpeg,130,256,192,7237,none,.jpeg
0__none__96287,C:\Users\aryan\OneDrive\Desktop\project_new\semantic-photo-intelligence\car_angle_dataset\0\96287.jpeg,0,256,192,6205,none,.jpeg
180__none__489291,C:\Users\aryan\OneDrive\Desktop\project_new\semantic-photo-intelligence\car_angle_dataset\180\489291.jpeg,180,256,170,5234,none,.jpeg
270__none__408626,C:\Users\aryan\OneDrive\Desktop\project_new\semantic-photo-intelligence\car_angle_dataset\270\408626.jpeg,270,256,192,3980,none,.jpeg
0__none__277760,C:\Users\aryan\OneDrive\Desktop\project_new\semantic-photo-intelligence\car_angle_dataset\0\277760.jpeg,0,256,192,7104,none,.jpeg
270__none__264511,C:\Users\aryan\OneDrive\Desktop\project_new\semantic-photo-intelligence\car_angle_dataset\270\264511.jpeg,270,256,192,5719,none,.jpeg
180__none__246833,C:\Users\aryan\OneDrive\Desktop\project_new\semantic-photo-intelligence\car_angle_dataset\180\246833.jpeg,180,256,144,3027,none,.jpeg
0__none__221811,C:\Users\aryan\OneDrive\Desktop\project_new\semantic-photo-intelligence\car_angle_dataset\0\221811.jpeg,0,256,144,4597,none,.jpeg
270__none__261700,C:\Users\aryan\OneDrive\Desktop\project_new\semantic-photo-intelligence\car_angle_dataset\270\261700.jpeg,270,256,144,4640,none,.jpeg
270__none__258254,C:\Users\aryan\OneDrive\Desktop\project_new\semantic-photo-intelligence\car_angle_dataset\270\258254.jpeg,270,256,144,4674,none,.jpeg
130__none__102956,C:\Users\aryan\OneDrive\Desktop\project_new\semantic-photo-intelligence\car_angle_dataset\130\102956.jpeg,130,256,144,4406,none,.jpeg
0__none__218100,C:\Users\aryan\OneDrive\Desktop\project_new\semantic-photo-intelligence\car_angle_dataset\0\218100.jpeg,0,256,144,4603,none,.jpeg
270__none__499352,C:\Users\aryan\OneDrive\Desktop\project_new\semantic-photo-intelligence\car_angle_dataset\270\499352.jpeg,270,256,144,3741,none,.jpeg
180__none__254434,C:\Users\aryan\OneDrive\Desktop\project_new\semantic-photo-intelligence\car_angle_dataset\180\254434.jpeg,180,256,192,4802,none,.jpeg
270__none__244356,C:\Users\aryan\OneDrive\Desktop\project_new\semantic-photo-intelligence\car_angle_dataset\270\244356.jpeg,270,256,144,4683,none,.jpeg
0__none__128510,C:\Users\aryan\OneDrive\Desktop\project_new\semantic-photo-intelligence\car_angle_dataset\0\128510.jpeg,0,256,192,6241,none,.jpeg
90__none__321584,C:\Users\aryan\OneDrive\Desktop\project_new\semantic-photo-intelligence\car_angle_dataset\90\321584.jpeg,90,256,144,4060,none,.jpeg
0__none__100487,C:\Users\aryan\OneDrive\Desktop\project_new\semantic-photo-intelligence\car_angle_dataset\0\100487.jpeg,0,256,192,7942,none,.jpeg
180__none__469293,C:\Users\aryan\OneDrive\Desktop\project_new\semantic-photo-intelligence\car_angle_dataset\180\469293.jpeg,180,211,256,4869,none,.jpeg
0__none__361429,C:\Users\aryan\OneDrive\Desktop\project_new\semantic-photo-intelligence\car_angle_dataset\0\361429.jpeg,0,256,192,5876,none,.jpeg
180__none__468463,C:\Users\aryan\OneDrive\Desktop\project_new\semantic-photo-intelligence\car_angle_dataset\180\468463.jpeg,180,256,192,5363,none,.jpeg
130__none__250601,C:\Users\aryan\OneDrive\Desktop\project_new\semantic-photo-intelligence\car_angle_dataset\130\250601.jpeg,130,256,144,3699,none,.jpeg
90__none__238576,C:\Users\aryan\OneDrive\Desktop\project_new\semantic-photo-intelligence\car_angle_dataset\90\238576.jpeg,90,256,144,4652,none,.jpeg
90__none__107819,C:\Users\aryan\OneDrive\Desktop\project_new\semantic-photo-intelligence\car_angle_dataset\90\107819.jpeg,90,256,192,5298,none,.jpeg
130__none__88878,C:\Users\aryan\OneDrive\Desktop\project_new\semantic-photo-intelligence\car_angle_dataset\130\88878.jpeg,130,256,144,3769,none,.jpeg
270__none__384987,C:\Users\aryan\OneDrive\Desktop\project_new\semantic-photo-intelligence\car_angle_dataset\270\384987.jpeg,270,256,192,4425,none,.jpeg
130__none__148812,C:\Users\aryan\OneDrive\Desktop\project_new\semantic-photo-intelligence\car_angle_dataset\130\148812.jpeg,130,256,144,3612,none,.jpeg
130__none__353971,C:\Users\aryan\OneDrive\Desktop\project_new\semantic-photo-intelligence\car_angle_dataset\130\353971.jpeg,130,256,144,3833,none,.jpeg
270__none__343129,C:\Users\aryan\OneDrive\Desktop\project_new\semantic-photo-intelligence\car_angle_dataset\270\343129.jpeg,270,256,144,5480,none,.jpeg
130__none__187054,C:\Users\aryan\OneDrive\Desktop\project_new\semantic-photo-intelligence\car_angle_dataset\130\187054.jpeg,130,256,192,4668,none,.jpeg
130__none__289625,C:\Users\aryan\OneDrive\Desktop\project_new\semantic-photo-intelligence\car_angle_dataset\130\289625.jpeg,130,256,144,3726,none,.jpeg
90__none__321381,C:\Users\aryan\OneDrive\Desktop\project_new\semantic-photo-intelligence\car_angle_dataset\90\321381.jpeg,90,256,144,4160,none,.jpeg
0__none__267065,C:\Users\aryan\OneDrive\Desktop\project_new\semantic-photo-intelligence\car_angle_dataset\0\267065.jpeg,0,256,144,3685,none,.jpeg
130__none__180426,C:\Users\aryan\OneDrive\Desktop\project_new\semantic-photo-intelligence\car_angle_dataset\130\180426.jpeg,130,256,192,6967,none,.jpeg
270__none__397423,C:\Users\aryan\OneDrive\Desktop\project_new\semantic-photo-intelligence\car_angle_dataset\270\397423.jpeg,270,256,192,6049,none,.jpeg
270__none__393044,C:\Users\aryan\OneDrive\Desktop\project_new\semantic-photo-intelligence\car_angle_dataset\270\393044.jpeg,270,256,183,5298,none,.jpeg
90__none__6017,C:\Users\aryan\OneDrive\Desktop\project_new\semantic-photo-intelligence\car_angle_dataset\90\6017.jpeg,90,256,144,4219,none,.jpeg
130__none__117706,C:\Users\aryan\OneDrive\Desktop\project_new\semantic-photo-intelligence\car_angle_dataset\130\117706.jpeg,130,256,144,4348,none,.jpeg
180__none__76597,C:\Users\aryan\OneDrive\Desktop\project_new\semantic-photo-intelligence\car_angle_dataset\180\76597.jpeg,180,256,192,5324,none,.jpeg
180__none__222459,C:\Users\aryan\OneDrive\Desktop\project_new\semantic-photo-intelligence\car_angle_dataset\180\222459.jpeg,180,256,144,3986,none,.jpeg
180__none__415072,C:\Users\aryan\OneDrive\Desktop\project_new\semantic-photo-intelligence\car_angle_dataset\180\415072.jpeg,180,256,144,1948,none,.jpeg
130__none__202991,C:\Users\aryan\OneDrive\Desktop\project_new\semantic-photo-intelligence\car_angle_dataset\130\202991.jpeg,130,256,144,4560,none,.jpeg
0__none__473304,C:\Users\aryan\OneDrive\Desktop\project_new\semantic-photo-intelligence\car_angle_dataset\0\473304.jpeg,0,256,191,5351,none,.jpeg
130__none__164327,C:\Users\aryan\OneDrive\Desktop\project_new\semantic-photo-intelligence\car_angle_dataset\130\164327.jpeg,130,256,162,6122,none,.jpeg
90__none__276625,C:\Users\aryan\OneDrive\Desktop\project_new\semantic-photo-intelligence\car_angle_dataset\90\276625.jpeg,90,256,144,4727,none,.jpeg
180__none__190542,C:\Users\aryan\OneDrive\Desktop\project_new\semantic-photo-intelligence\car_angle_dataset\180\190542.jpeg,180,256,192,4153,none,.jpeg
0__none__276493,C:\Users\aryan\OneDrive\Desktop\project_new\semantic-photo-intelligence\car_angle_dataset\0\276493.jpeg,0,256,144,3368,none,.jpeg
130__none__305465,C:\Users\aryan\OneDrive\Desktop\project_new\semantic-photo-intelligence\car_angle_dataset\130\305465.jpeg,130,256,144,4065,none,.jpeg
180__none__207979,C:\Users\aryan\OneDrive\Desktop\project_new\semantic-photo-intelligence\car_angle_dataset\180\207979.jpeg,180,256,192,7680,none,.jpeg
180__none__135479,C:\Users\aryan\OneDrive\Desktop\project_new\semantic-photo-intelligence\car_angle_dataset\180\135479.jpeg,180,256,144,3886,none,.jpeg
180__none__105090,C:\Users\aryan\OneDrive\Desktop\project_new\semantic-photo-intelligence\car_angle_dataset\180\105090.jpeg,180,256,144,3152,none,.jpeg
130__none__246424,C:\Users\aryan\OneDrive\Desktop\project_new\semantic-photo-intelligence\car_angle_dataset\130\246424.jpeg,130,256,144,4007,none,.jpeg
180__none__260213,C:\Users\aryan\OneDrive\Desktop\project_new\semantic-photo-intelligence\car_angle_dataset\180\260213.jpeg,180,256,144,2884,none,.jpeg
90__none__297346,C:\Users\aryan\OneDrive\Desktop\project_new\semantic-photo-intelligence\car_angle_dataset\90\297346.jpeg,90,256,144,5292,none,.jpeg
180__none__303651,C:\Users\aryan\OneDrive\Desktop\project_new\semantic-photo-intelligence\car_angle_dataset\180\303651.jpeg,180,256,192,5955,none,.jpeg
90__none__180510,C:\Users\aryan\OneDrive\Desktop\project_new\semantic-photo-intelligence\car_angle_dataset\90\180510.jpeg,90,256,144,3994,none,.jpeg
0__none__221842,C:\Users\aryan\OneDrive\Desktop\project_new\semantic-photo-intelligence\car_angle_dataset\0\221842.jpeg,0,256,144,4165,none,.jpeg
270__none__488060,C:\Users\aryan\OneDrive\Desktop\project_new\semantic-photo-intelligence\car_angle_dataset\270\488060.jpeg,270,256,192,4960,none,.jpeg
90__none__81296,C:\Users\aryan\OneDrive\Desktop\project_new\semantic-photo-intelligence\car_angle_dataset\90\81296.jpeg,90,256,192,6043,none,.jpeg
130__none__412262,C:\Users\aryan\OneDrive\Desktop\project_new\semantic-photo-intelligence\car_angle_dataset\130\412262.jpeg,130,256,192,4151,none,.jpeg
0__none__215343,C:\Users\aryan\OneDrive\Desktop\project_new\semantic-photo-intelligence\car_angle_dataset\0\215343.jpeg,0,256,144,4284,none,.jpeg
0__none__242643,C:\Users\aryan\OneDrive\Desktop\project_new\semantic-photo-intelligence\car_angle_dataset\0\242643.jpeg,0,256,144,4357,none,.jpeg
90__none__94521,C:\Users\aryan\OneDrive\Desktop\project_new\semantic-photo-intelligence\car_angle_dataset\90\94521.jpeg,90,256,144,5243,none,.jpeg
0__none__96505,C:\Users\aryan\OneDrive\Desktop\project_new\semantic-photo-intelligence\car_angle_dataset\0\96505.jpeg,0,256,192,6595,none,.jpeg
180__none__338921,C:\Users\aryan\OneDrive\Desktop\project_new\semantic-photo-intelligence\car_angle_dataset\180\338921.jpeg,180,256,144,4415,none,.jpeg
130__none__331371,C:\Users\aryan\OneDrive\Desktop\project_new\semantic-photo-intelligence\car_angle_dataset\130\331371.jpeg,130,256,144,3818,none,.jpeg
0__none__178808,C:\Users\aryan\OneDrive\Desktop\project_new\semantic-photo-intelligence\car_angle_dataset\0\178808.jpeg,0,256,144,3680,none,.jpeg
130__none__332157,C:\Users\aryan\OneDrive\Desktop\project_new\semantic-photo-intelligence\car_angle_dataset\130\332157.jpeg,130,256,144,4596,none,.jpeg
130__none__321120,C:\Users\aryan\OneDrive\Desktop\project_new\semantic-photo-intelligence\car_angle_dataset\130\321120.jpeg,130,256,144,4045,none,.jpeg
90__none__237759,C:\Users\aryan\OneDrive\Desktop\project_new\semantic-photo-intelligence\car_angle_dataset\90\237759.jpeg,90,256,144,5242,none,.jpeg
270__none__185272,C:\Users\aryan\OneDrive\Desktop\project_new\semantic-photo-intelligence\car_angle_dataset\270\185272.jpeg,270,256,144,5818,none,.jpeg
0__none__377361,C:\Users\aryan\OneDrive\Desktop\project_new\semantic-photo-intelligence\car_angle_dataset\0\377361.jpeg,0,256,144,3800,none,.jpeg
0__none__83177,C:\Users\aryan\OneDrive\Desktop\project_new\semantic-photo-intelligence\car_angle_dataset\0\83177.jpeg,0,256,144,3952,none,.jpeg
0__none__144022,C:\Users\aryan\OneDrive\Desktop\project_new\semantic-photo-intelligence\car_angle_dataset\0\144022.jpeg,0,256,144,3418,none,.jpeg
130__none__426455,C:\Users\aryan\OneDrive\Desktop\project_new\semantic-photo-intelligence\car_angle_dataset\130\426455.jpeg,130,256,144,4406,none,.jpeg
180__none__491585,C:\Users\aryan\OneDrive\Desktop\project_new\semantic-photo-intelligence\car_angle_dataset\180\491585.jpeg,180,256,192,6044,none,.jpeg
180__none__76475,C:\Users\aryan\OneDrive\Desktop\project_new\semantic-photo-intelligence\car_angle_dataset\180\76475.jpeg,180,256,192,4614,none,.jpeg
90__none__119060,C:\Users\aryan\OneDrive\Desktop\project_new\semantic-photo-intelligence\car_angle_dataset\90\119060.jpeg,90,256,144,3980,none,.jpeg
90__none__283322,C:\Users\aryan\OneDrive\Desktop\project_new\semantic-photo-intelligence\car_angle_dataset\90\283322.jpeg,90,256,192,5524,none,.jpeg
90__none__9645,C:\Users\aryan\OneDrive\Desktop\project_new\semantic-photo-intelligence\car_angle_dataset\90\9645.jpeg,90,256,144,4262,none,.jpeg
270__none__422429,C:\Users\aryan\OneDrive\Desktop\project_new\semantic-photo-intelligence\car_angle_dataset\270\422429.jpeg,270,256,192,6392,none,.jpeg
270__none__414035,C:\Users\aryan\OneDrive\Desktop\project_new\semantic-photo-intelligence\car_angle_dataset\270\414035.jpeg,270,256,192,4510,none,.jpeg
130__none__470118,C:\Users\aryan\OneDrive\Desktop\project_new\semantic-photo-intelligence\car_angle_dataset\130\470118.jpeg,130,256,192,4370,none,.jpeg
90__none__145007,C:\Users\aryan\OneDrive\Desktop\project_new\semantic-photo-intelligence\car_angle_dataset\90\145007.jpeg,90,256,144,4987,none,.jpeg
180__none__190256,C:\Users\aryan\OneDrive\Desktop\project_new\semantic-photo-intelligence\car_angle_dataset\180\190256.jpeg,180,256,192,4844,none,.jpeg
180__none__292850,C:\Users\aryan\OneDrive\Desktop\project_new\semantic-photo-intelligence\car_angle_dataset\180\292850.jpeg,180,256,192,6341,none,.jpeg
90__none__279971,C:\Users\aryan\OneDrive\Desktop\project_new\semantic-photo-intelligence\car_angle_dataset\90\279971.jpeg,90,256,144,4504,none,.jpeg
130__none__425421,C:\Users\aryan\OneDrive\Desktop\project_new\semantic-photo-intelligence\car_angle_dataset\130\425421.jpeg,130,256,144,3956,none,.jpeg
90__none__108660,C:\Users\aryan\OneDrive\Desktop\project_new\semantic-photo-intelligence\car_angle_dataset\90\108660.jpeg,90,256,144,4589,none,.jpeg
270__none__426646,C:\Users\aryan\OneDrive\Desktop\project_new\semantic-photo-intelligence\car_angle_dataset\270\426646.jpeg,270,256,144,4851,none,.jpeg
270__none__190837,C:\Users\aryan\OneDrive\Desktop\project_new\semantic-photo-intelligence\car_angle_dataset\270\190837.jpeg,270,256,144,5063,none,.jpeg
130__none__479265,C:\Users\aryan\OneDrive\Desktop\project_new\semantic-photo-intelligence\car_angle_dataset\130\479265.jpeg,130,256,170,6817,none,.jpeg
180__none__214011,C:\Users\aryan\OneDrive\Desktop\project_new\semantic-photo-intelligence\car_angle_dataset\180\214011.jpeg,180,256,144,2694,none,.jpeg
270__none__494496,C:\Users\aryan\OneDrive\Desktop\project_new\semantic-photo-intelligence\car_angle_dataset\270\494496.jpeg,270,256,191,4509,none,.jpeg
270__none__373330,C:\Users\aryan\OneDrive\Desktop\project_new\semantic-photo-intelligence\car_angle_dataset\270\373330.jpeg,270,256,144,3612,none,.jpeg
90__none__219131,C:\Users\aryan\OneDrive\Desktop\project_new\semantic-photo-intelligence\car_angle_dataset\90\219131.jpeg,90,256,144,5665,none,.jpeg
0__none__172807,C:\Users\aryan\OneDrive\Desktop\project_new\semantic-photo-intelligence\car_angle_dataset\0\172807.jpeg,0,256,144,4461,none,.jpeg
90__none__184634,C:\Users\aryan\OneDrive\Desktop\project_new\semantic-photo-intelligence\car_angle_dataset\90\184634.jpeg,90,256,144,3626,none,.jpeg
180__none__160256,C:\Users\aryan\OneDrive\Desktop\project_new\semantic-photo-intelligence\car_angle_dataset\180\160256.jpeg,180,256,192,3535,none,.jpeg
0__none__176685,C:\Users\aryan\OneDrive\Desktop\project_new\semantic-photo-intelligence\car_angle_dataset\0\176685.jpeg,0,256,144,3732,none,.jpeg
90__none__43204,C:\Users\aryan\OneDrive\Desktop\project_new\semantic-photo-intelligence\car_angle_dataset\90\43204.jpeg,90,256,144,4312,none,.jpeg
180__none__194654,C:\Users\aryan\OneDrive\Desktop\project_new\semantic-photo-intelligence\car_angle_dataset\180\194654.jpeg,180,256,192,10482,none,.jpeg
270__none__369817,C:\Users\aryan\OneDrive\Desktop\project_new\semantic-photo-intelligence\car_angle_dataset\270\369817.jpeg,270,256,144,2816,none,.jpeg
130__none__153252,C:\Users\aryan\OneDrive\Desktop\project_new\semantic-photo-intelligence\car_angle_dataset\130\153252.jpeg,130,256,144,4354,none,.jpeg
270__none__396033,C:\Users\aryan\OneDrive\Desktop\project_new\semantic-photo-intelligence\car_angle_dataset\270\396033.jpeg,270,256,170,4942,none,.jpeg
270__none__277684,C:\Users\aryan\OneDrive\Desktop\project_new\semantic-photo-intelligence\car_angle_dataset\270\277684.jpeg,270,256,144,3603,none,.jpeg
90__none__264890,C:\Users\aryan\OneDrive\Desktop\project_new\semantic-photo-intelligence\car_angle_dataset\90\264890.jpeg,90,256,144,5354,none,.jpeg
180__none__482024,C:\Users\aryan\OneDrive\Desktop\project_new\semantic-photo-intelligence\car_angle_dataset\180\482024.jpeg,180,256,175,4636,none,.jpeg
270__none__453493,C:\Users\aryan\OneDrive\Desktop\project_new\semantic-photo-intelligence\car_angle_dataset\270\453493.jpeg,270,256,144,4056,none,.jpeg
0__none__234630,C:\Users\aryan\OneDrive\Desktop\project_new\semantic-photo-intelligence\car_angle_dataset\0\234630.jpeg,0,256,144,4452,none,.jpeg
270__none__253781,C:\Users\aryan\OneDrive\Desktop\project_new\semantic-photo-intelligence\car_angle_dataset\270\253781.jpeg,270,256,144,5220,none,.jpeg
130__none__152202,C:\Users\aryan\OneDrive\Desktop\project_new\semantic-photo-intelligence\car_angle_dataset\130\152202.jpeg,130,256,162,6122,none,.jpeg
270__none__441435,C:\Users\aryan\OneDrive\Desktop\project_new\semantic-photo-intelligence\car_angle_dataset\270\441435.jpeg,270,256,170,4434,none,.jpeg
0__none__334304,C:\Users\aryan\OneDrive\Desktop\project_new\semantic-photo-intelligence\car_angle_dataset\0\334304.jpeg,0,256,144,4691,none,.jpeg
0__none__362467,C:\Users\aryan\OneDrive\Desktop\project_new\semantic-photo-intelligence\car_angle_dataset\0\362467.jpeg,0,256,192,8427,none,.jpeg
180__none__173468,C:\Users\aryan\OneDrive\Desktop\project_new\semantic-photo-intelligence\car_angle_dataset\180\173468.jpeg,180,256,188,7118,none,.jpeg
130__none__191952,C:\Users\aryan\OneDrive\Desktop\project_new\semantic-photo-intelligence\car_angle_dataset\130\191952.jpeg,130,256,144,5157,none,.jpeg
90__none__240614,C:\Users\aryan\OneDrive\Desktop\project_new\semantic-photo-intelligence\car_angle_dataset\90\240614.jpeg,90,256,144,4409,none,.jpeg
0__none__473786,C:\Users\aryan\OneDrive\Desktop\project_new\semantic-photo-intelligence\car_angle_dataset\0\473786.jpeg,0,256,144,2614,none,.jpeg
0__none__226978,C:\Users\aryan\OneDrive\Desktop\project_new\semantic-photo-intelligence\car_angle_dataset\0\226978.jpeg,0,256,144,3611,none,.jpeg
270__none__467397,C:\Users\aryan\OneDrive\Desktop\project_new\semantic-photo-intelligence\car_angle_dataset\270\467397.jpeg,270,256,192,4911,none,.jpeg
130__none__183944,C:\Users\aryan\OneDrive\Desktop\project_new\semantic-photo-intelligence\car_angle_dataset\130\183944.jpeg,130,256,192,5588,none,.jpeg
270__none__438365,C:\Users\aryan\OneDrive\Desktop\project_new\semantic-photo-intelligence\car_angle_dataset\270\438365.jpeg,270,256,170,5653,none,.jpeg
90__none__212870,C:\Users\aryan\OneDrive\Desktop\project_new\semantic-photo-intelligence\car_angle_dataset\90\212870.jpeg,90,256,144,4796,none,.jpeg
0__none__359720,C:\Users\aryan\OneDrive\Desktop\project_new\semantic-photo-intelligence\car_angle_dataset\0\359720.jpeg,0,256,192,4683,none,.jpeg
180__none__499192,C:\Users\aryan\OneDrive\Desktop\project_new\semantic-photo-intelligence\car_angle_dataset\180\499192.jpeg,180,256,144,5463,none,.jpeg
90__none__69357,C:\Users\aryan\OneDrive\Desktop\project_new\semantic-photo-intelligence\car_angle_dataset\90\69357.jpeg,90,256,144,3819,none,.jpeg
0__none__104802,C:\Users\aryan\OneDrive\Desktop\project_new\semantic-photo-intelligence\car_angle_dataset\0\104802.jpeg,0,256,170,6773,none,.jpeg
180__none__164332,C:\Users\aryan\OneDrive\Desktop\project_new\semantic-photo-intelligence\car_angle_dataset\180\164332.jpeg,180,256,162,5395,none,.jpeg
0__none__346714,C:\Users\aryan\OneDrive\Desktop\project_new\semantic-photo-intelligence\car_angle_dataset\0\346714.jpeg,0,256,192,8526,none,.jpeg
180__none__118399,C:\Users\aryan\OneDrive\Desktop\project_new\semantic-photo-intelligence\car_angle_dataset\180\118399.jpeg,180,256,219,7086,none,.jpeg
130__none__486489,C:\Users\aryan\OneDrive\Desktop\project_new\semantic-photo-intelligence\car_angle_dataset\130\486489.jpeg,130,256,192,7972,none,.jpeg
90__none__268424,C:\Users\aryan\OneDrive\Desktop\project_new\semantic-photo-intelligence\car_angle_dataset\90\268424.jpeg,90,256,170,3003,none,.jpeg
180__none__220747,C:\Users\aryan\OneDrive\Desktop\project_new\semantic-photo-intelligence\car_angle_dataset\180\220747.jpeg,180,256,144,3200,none,.jpeg
130__none__116853,C:\Users\aryan\OneDrive\Desktop\project_new\semantic-photo-intelligence\car_angle_dataset\130\116853.jpeg,130,256,144,3634,none,.jpeg
130__none__113430,C:\Users\aryan\OneDrive\Desktop\project_new\semantic-photo-intelligence\car_angle_dataset\130\113430.jpeg,130,256,144,3603,none,.jpeg
90__none__275874,C:\Users\aryan\OneDrive\Desktop\project_new\semantic-photo-intelligence\car_angle_dataset\90\275874.jpeg,90,256,192,4533,none,.jpeg
130__none__113644,C:\Users\aryan\OneDrive\Desktop\project_new\semantic-photo-intelligence\car_angle_dataset\130\113644.jpeg,130,256,144,5492,none,.jpeg
270__none__382650,C:\Users\aryan\OneDrive\Desktop\project_new\semantic-photo-intelligence\car_angle_dataset\270\382650.jpeg,270,256,192,5848,none,.jpeg
180__none__456280,C:\Users\aryan\OneDrive\Desktop\project_new\semantic-photo-intelligence\car_angle_dataset\180\456280.jpeg,180,256,192,5869,none,.jpeg
90__none__302107,C:\Users\aryan\OneDrive\Desktop\project_new\semantic-photo-intelligence\car_angle_dataset\90\302107.jpeg,90,256,192,4567,none,.jpeg
130__none__116941,C:\Users\aryan\OneDrive\Desktop\project_new\semantic-photo-intelligence\car_angle_dataset\130\116941.jpeg,130,256,144,3883,none,.jpeg
270__none__188435,C:\Users\aryan\OneDrive\Desktop\project_new\semantic-photo-intelligence\car_angle_dataset\270\188435.jpeg,270,256,144,4388,none,.jpeg
130__none__405175,C:\Users\aryan\OneDrive\Desktop\project_new\semantic-photo-intelligence\car_angle_dataset\130\405175.jpeg,130,256,192,4839,none,.jpeg
270__none__227022,C:\Users\aryan\OneDrive\Desktop\project_new\semantic-photo-intelligence\car_angle_dataset\270\227022.jpeg,270,256,144,4197,none,.jpeg
0__none__327965,C:\Users\aryan\OneDrive\Desktop\project_new\semantic-photo-intelligence\car_angle_dataset\0\327965.jpeg,0,256,144,3742,none,.jpeg
90__none__302813,C:\Users\aryan\OneDrive\Desktop\project_new\semantic-photo-intelligence\car_angle_dataset\90\302813.jpeg,90,256,144,3612,none,.jpeg
130__none__221608,C:\Users\aryan\OneDrive\Desktop\project_new\semantic-photo-intelligence\car_angle_dataset\130\221608.jpeg,130,256,144,3592,none,.jpeg
180__none__289429,C:\Users\aryan\OneDrive\Desktop\project_new\semantic-photo-intelligence\car_angle_dataset\180\289429.jpeg,180,256,144,3560,none,.jpeg
270__none__352928,C:\Users\aryan\OneDrive\Desktop\project_new\semantic-photo-intelligence\car_angle_dataset\270\352928.jpeg,270,256,192,4772,none,.jpeg
130__none__141915,C:\Users\aryan\OneDrive\Desktop\project_new\semantic-photo-intelligence\car_angle_dataset\130\141915.jpeg,130,256,144,4838,none,.jpeg
180__none__207464,C:\Users\aryan\OneDrive\Desktop\project_new\semantic-photo-intelligence\car_angle_dataset\180\207464.jpeg,180,256,144,3193,none,.jpeg
0__none__227426,C:\Users\aryan\OneDrive\Desktop\project_new\semantic-photo-intelligence\car_angle_dataset\0\227426.jpeg,0,256,144,4421,none,.jpeg
130__none__179456,C:\Users\aryan\OneDrive\Desktop\project_new\semantic-photo-intelligence\car_angle_dataset\130\179456.jpeg,130,256,144,4547,none,.jpeg
90__none__121411,C:\Users\aryan\OneDrive\Desktop\project_new\semantic-photo-intelligence\car_angle_dataset\90\121411.jpeg,90,256,144,4009,none,.jpeg
180__none__366907,C:\Users\aryan\OneDrive\Desktop\project_new\semantic-photo-intelligence\car_angle_dataset\180\366907.jpeg,180,256,144,3781,none,.jpeg
130__none__280710,C:\Users\aryan\OneDrive\Desktop\project_new\semantic-photo-intelligence\car_angle_dataset\130\280710.jpeg,130,256,144,3999,none,.jpeg
0__none__183089,C:\Users\aryan\OneDrive\Desktop\project_new\semantic-photo-intelligence\car_angle_dataset\0\183089.jpeg,0,256,144,3278,none,.jpeg
90__none__99112,C:\Users\aryan\OneDrive\Desktop\project_new\semantic-photo-intelligence\car_angle_dataset\90\99112.jpeg,90,256,144,4047,none,.jpeg
180__none__288715,C:\Users\aryan\OneDrive\Desktop\project_new\semantic-photo-intelligence\car_angle_dataset\180\288715.jpeg,180,256,144,3721,none,.jpeg
180__none__135517,C:\Users\aryan\OneDrive\Desktop\project_new\semantic-photo-intelligence\car_angle_dataset\180\135517.jpeg,180,256,144,3825,none,.jpeg
90__none__283365,C:\Users\aryan\OneDrive\Desktop\project_new\semantic-photo-intelligence\car_angle_dataset\90\283365.jpeg,90,256,192,6609,none,.jpeg
0__none__189012,C:\Users\aryan\OneDrive\Desktop\project_new\semantic-photo-intelligence\car_angle_dataset\0\189012.jpeg,0,256,144,3957,none,.jpeg
0__none__387798,C:\Users\aryan\OneDrive\Desktop\project_new\semantic-photo-intelligence\car_angle_dataset\0\387798.jpeg,0,256,170,6471,none,.jpeg
0__none__231630,C:\Users\aryan\OneDrive\Desktop\project_new\semantic-photo-intelligence\car_angle_dataset\0\231630.jpeg,0,256,144,3378,none,.jpeg
0__none__360107,C:\Users\aryan\OneDrive\Desktop\project_new\semantic-photo-intelligence\car_angle_dataset\0\360107.jpeg,0,256,192,6561,none,.jpeg
90__none__97752,C:\Users\aryan\OneDrive\Desktop\project_new\semantic-photo-intelligence\car_angle_dataset\90\97752.jpeg,90,256,144,4080,none,.jpeg
0__none__81012,C:\Users\aryan\OneDrive\Desktop\project_new\semantic-photo-intelligence\car_angle_dataset\0\81012.jpeg,0,256,144,3253,none,.jpeg
270__none__372854,C:\Users\aryan\OneDrive\Desktop\project_new\semantic-photo-intelligence\car_angle_dataset\270\372854.jpeg,270,256,192,4269,none,.jpeg
180__none__326247,C:\Users\aryan\OneDrive\Desktop\project_new\semantic-photo-intelligence\car_angle_dataset\180\326247.jpeg,180,256,228,8348,none,.jpeg
0__none__480659,C:\Users\aryan\OneDrive\Desktop\project_new\semantic-photo-intelligence\car_angle_dataset\0\480659.jpeg,0,256,144,2280,none,.jpeg
180__none__429323,C:\Users\aryan\OneDrive\Desktop\project_new\semantic-photo-intelligence\car_angle_dataset\180\429323.jpeg,180,256,192,6503,none,.jpeg
90__none__300043,C:\Users\aryan\OneDrive\Desktop\project_new\semantic-photo-intelligence\car_angle_dataset\90\300043.jpeg,90,256,144,4789,none,.jpeg
270__none__193775,C:\Users\aryan\OneDrive\Desktop\project_new\semantic-photo-intelligence\car_angle_dataset\270\193775.jpeg,270,256,192,6730,none,.jpeg
0__none__476802,C:\Users\aryan\OneDrive\Desktop\project_new\semantic-photo-intelligence\car_angle_dataset\0\476802.jpeg,0,256,192,5897,none,.jpeg
130__none__226696,C:\Users\aryan\OneDrive\Desktop\project_new\semantic-photo-intelligence\car_angle_dataset\130\226696.jpeg,130,256,144,4146,none,.jpeg
90__none__14431,C:\Users\aryan\OneDrive\Desktop\project_new\semantic-photo-intelligence\car_angle_dataset\90\14431.jpeg,90,256,192,4202,none,.jpeg
0__none__321462,C:\Users\aryan\OneDrive\Desktop\project_new\semantic-photo-intelligence\car_angle_dataset\0\321462.jpeg,0,256,144,3674,none,.jpeg
130__none__355243,C:\Users\aryan\OneDrive\Desktop\project_new\semantic-photo-intelligence\car_angle_dataset\130\355243.jpeg,130,256,144,4572,none,.jpeg
130__none__471135,C:\Users\aryan\OneDrive\Desktop\project_new\semantic-photo-intelligence\car_angle_dataset\130\471135.jpeg,130,256,191,7144,none,.jpeg
180__none__303985,C:\Users\aryan\OneDrive\Desktop\project_new\semantic-photo-intelligence\car_angle_dataset\180\303985.jpeg,180,256,192,4603,none,.jpeg
180__none__472063,C:\Users\aryan\OneDrive\Desktop\project_new\semantic-photo-intelligence\car_angle_dataset\180\472063.jpeg,180,256,192,6885,none,.jpeg
130__none__130821,C:\Users\aryan\OneDrive\Desktop\project_new\semantic-photo-intelligence\car_angle_dataset\130\130821.jpeg,130,256,192,7634,none,.jpeg
0__none__297062,C:\Users\aryan\OneDrive\Desktop\project_new\semantic-photo-intelligence\car_angle_dataset\0\297062.jpeg,0,256,191,6614,none,.jpeg
180__none__416933,C:\Users\aryan\OneDrive\Desktop\project_new\semantic-photo-intelligence\car_angle_dataset\180\416933.jpeg,180,256,144,4099,none,.jpeg
180__none__395002,C:\Users\aryan\OneDrive\Desktop\project_new\semantic-photo-intelligence\car_angle_dataset\180\395002.jpeg,180,256,192,5464,none,.jpeg
0__none__238745,C:\Users\aryan\OneDrive\Desktop\project_new\semantic-photo-intelligence\car_angle_dataset\0\238745.jpeg,0,256,192,6756,none,.jpeg
180__none__304741,C:\Users\aryan\OneDrive\Desktop\project_new\semantic-photo-intelligence\car_angle_dataset\180\304741.jpeg,180,256,144,3283,none,.jpeg
0__none__445116,C:\Users\aryan\OneDrive\Desktop\project_new\semantic-photo-intelligence\car_angle_dataset\0\445116.jpeg,0,256,192,5904,none,.jpeg
90__none__211138,C:\Users\aryan\OneDrive\Desktop\project_new\semantic-photo-intelligence\car_angle_dataset\90\211138.jpeg,90,256,192,5017,none,.jpeg
180__none__301056,C:\Users\aryan\OneDrive\Desktop\project_new\semantic-photo-intelligence\car_angle_dataset\180\301056.jpeg,180,256,192,8165,none,.jpeg
90__none__6650,C:\Users\aryan\OneDrive\Desktop\project_new\semantic-photo-intelligence\car_angle_dataset\90\6650.jpeg,90,256,144,3758,none,.jpeg
270__none__189842,C:\Users\aryan\OneDrive\Desktop\project_new\semantic-photo-intelligence\car_angle_dataset\270\189842.jpeg,270,256,192,5981,none,.jpeg
130__none__129590,C:\Users\aryan\OneDrive\Desktop\project_new\semantic-photo-intelligence\car_angle_dataset\130\129590.jpeg,130,256,144,4547,none,.jpeg
130__none__155782,C:\Users\aryan\OneDrive\Desktop\project_new\semantic-photo-intelligence\car_angle_dataset\130\155782.jpeg,130,256,192,5312,none,.jpeg
90__none__182517,C:\Users\aryan\OneDrive\Desktop\project_new\semantic-photo-intelligence\car_angle_dataset\90\182517.jpeg,90,256,192,4660,none,.jpeg
0__none__181491,C:\Users\aryan\OneDrive\Desktop\project_new\semantic-photo-intelligence\car_angle_dataset\0\181491.jpeg,0,256,192,2508,none,.jpeg
180__none__225947,C:\Users\aryan\OneDrive\Desktop\project_new\semantic-photo-intelligence\car_angle_dataset\180\225947.jpeg,180,256,192,5078,none,.jpeg
270__none__479832,C:\Users\aryan\OneDrive\Desktop\project_new\semantic-photo-intelligence\car_angle_dataset\270\479832.jpeg,270,256,170,4533,none,.jpeg
130__none__184274,C:\Users\aryan\OneDrive\Desktop\project_new\semantic-photo-intelligence\car_angle_dataset\130\184274.jpeg,130,256,144,5607,none,.jpeg
0__none__324156,C:\Users\aryan\OneDrive\Desktop\project_new\semantic-photo-intelligence\car_angle_dataset\0\324156.jpeg,0,256,192,5189,none,.jpeg
90__none__178016,C:\Users\aryan\OneDrive\Desktop\project_new\semantic-photo-intelligence\car_angle_dataset\90\178016.jpeg,90,256,144,4653,none,.jpeg
130__none__325542,C:\Users\aryan\OneDrive\Desktop\project_new\semantic-photo-intelligence\car_angle_dataset\130\325542.jpeg,130,256,192,4635,none,.jpeg
90__none__249149,C:\Users\aryan\OneDrive\Desktop\project_new\semantic-photo-intelligence\car_angle_dataset\90\249149.jpeg,90,256,144,3757,none,.jpeg
90__none__78545,C:\Users\aryan\OneDrive\Desktop\project_new\semantic-photo-intelligence\car_angle_dataset\90\78545.jpeg,90,256,191,4759,none,.jpeg
130__none__494124,C:\Users\aryan\OneDrive\Desktop\project_new\semantic-photo-intelligence\car_angle_dataset\130\494124.jpeg,130,256,192,4177,none,.jpeg
0__none__131590,C:\Users\aryan\OneDrive\Desktop\project_new\semantic-photo-intelligence\car_angle_dataset\0\131590.jpeg,0,256,144,2725,none,.jpeg
130__none__479443,C:\Users\aryan\OneDrive\Desktop\project_new\semantic-photo-intelligence\car_angle_dataset\130\479443.jpeg,130,256,192,6705,none,.jpeg
0__none__260246,C:\Users\aryan\OneDrive\Desktop\project_new\semantic-photo-intelligence\car_angle_dataset\0\260246.jpeg,0,256,144,3887,none,.jpeg
130__none__279370,C:\Users\aryan\OneDrive\Desktop\project_new\semantic-photo-intelligence\car_angle_dataset\130\279370.jpeg,130,256,144,4097,none,.jpeg
130__none__447956,C:\Users\aryan\OneDrive\Desktop\project_new\semantic-photo-intelligence\car_angle_dataset\130\447956.jpeg,130,256,144,4388,none,.jpeg
0__none__158764,C:\Users\aryan\OneDrive\Desktop\project_new\semantic-photo-intelligence\car_angle_dataset\0\158764.jpeg,0,256,144,3676,none,.jpeg
180__none__435730,C:\Users\aryan\OneDrive\Desktop\project_new\semantic-photo-intelligence\car_angle_dataset\180\435730.jpeg,180,256,144,3645,none,.jpeg
130__none__168251,C:\Users\aryan\OneDrive\Desktop\project_new\semantic-photo-intelligence\car_angle_dataset\130\168251.jpeg,130,256,192,3276,none,.jpeg
270__none__323840,C:\Users\aryan\OneDrive\Desktop\project_new\semantic-photo-intelligence\car_angle_dataset\270\323840.jpeg,270,256,170,7044,none,.jpeg
270__none__356064,C:\Users\aryan\OneDrive\Desktop\project_new\semantic-photo-intelligence\car_angle_dataset\270\356064.jpeg,270,256,144,4658,none,.jpeg
90__none__334053,C:\Users\aryan\OneDrive\Desktop\project_new\semantic-photo-intelligence\car_angle_dataset\90\334053.jpeg,90,256,144,3962,none,.jpeg
180__none__229378,C:\Users\aryan\OneDrive\Desktop\project_new\semantic-photo-intelligence\car_angle_dataset\180\229378.jpeg,180,256,192,6444,none,.jpeg
0__none__412140,C:\Users\aryan\OneDrive\Desktop\project_new\semantic-photo-intelligence\car_angle_dataset\0\412140.jpeg,0,256,192,4596,none,.jpeg
130__none__148705,C:\Users\aryan\OneDrive\Desktop\project_new\semantic-photo-intelligence\car_angle_dataset\130\148705.jpeg,130,256,144,3590,none,.jpeg
0__none__400039,C:\Users\aryan\OneDrive\Desktop\project_new\semantic-photo-intelligence\car_angle_dataset\0\400039.jpeg,0,256,193,6878,none,.jpeg
90__none__333915,C:\Users\aryan\OneDrive\Desktop\project_new\semantic-photo-intelligence\car_angle_dataset\90\333915.jpeg,90,256,192,5362,none,.jpeg
180__none__194476,C:\Users\aryan\OneDrive\Desktop\project_new\semantic-photo-intelligence\car_angle_dataset\180\194476.jpeg,180,256,192,6187,none,.jpeg
0__none__471732,C:\Users\aryan\OneDrive\Desktop\project_new\semantic-photo-intelligence\car_angle_dataset\0\471732.jpeg,0,256,170,5461,none,.jpeg
90__none__190840,C:\Users\aryan\OneDrive\Desktop\project_new\semantic-photo-intelligence\car_angle_dataset\90\190840.jpeg,90,256,144,4898,none,.jpeg
180__none__454108,C:\Users\aryan\OneDrive\Desktop\project_new\semantic-photo-intelligence\car_angle_dataset\180\454108.jpeg,180,256,192,3345,none,.jpeg
0__none__428397,C:\Users\aryan\OneDrive\Desktop\project_new\semantic-photo-intelligence\car_angle_dataset\0\428397.jpeg,0,256,144,4520,none,.jpeg
270__none__315217,C:\Users\aryan\OneDrive\Desktop\project_new\semantic-photo-intelligence\car_angle_dataset\270\315217.jpeg,270,256,144,4588,none,.jpeg
130__none__158218,C:\Users\aryan\OneDrive\Desktop\project_new\semantic-photo-intelligence\car_angle_dataset\130\158218.jpeg,130,256,192,5588,none,.jpeg
0__none__242489,C:\Users\aryan\OneDrive\Desktop\project_new\semantic-photo-intelligence\car_angle_dataset\0\242489.jpeg,0,256,144,3290,none,.jpeg
0__none__227464,C:\Users\aryan\OneDrive\Desktop\project_new\semantic-photo-intelligence\car_angle_dataset\0\227464.jpeg,0,256,192,6433,none,.jpeg
270__none__413575,C:\Users\aryan\OneDrive\Desktop\project_new\semantic-photo-intelligence\car_angle_dataset\270\413575.jpeg,270,256,192,4227,none,.jpeg
90__none__8274,C:\Users\aryan\OneDrive\Desktop\project_new\semantic-photo-intelligence\car_angle_dataset\90\8274.jpeg,90,256,144,4276,none,.jpeg
270__none__393843,C:\Users\aryan\OneDrive\Desktop\project_new\semantic-photo-intelligence\car_angle_dataset\270\393843.jpeg,270,256,144,4409,none,.jpeg
130__none__131520,C:\Users\aryan\OneDrive\Desktop\project_new\semantic-photo-intelligence\car_angle_dataset\130\131520.jpeg,130,256,170,5650,none,.jpeg
90__none__176322,C:\Users\aryan\OneDrive\Desktop\project_new\semantic-photo-intelligence\car_angle_dataset\90\176322.jpeg,90,256,144,4775,none,.jpeg
270__none__490441,C:\Users\aryan\OneDrive\Desktop\project_new\semantic-photo-intelligence\car_angle_dataset\270\490441.jpeg,270,256,144,3965,none,.jpeg
0__none__364513,C:\Users\aryan\OneDrive\Desktop\project_new\semantic-photo-intelligence\car_angle_dataset\0\364513.jpeg,0,256,192,8702,none,.jpeg
180__none__209235,C:\Users\aryan\OneDrive\Desktop\project_new\semantic-photo-intelligence\car_angle_dataset\180\209235.jpeg,180,256,192,5281,none,.jpeg
0__none__91681,C:\Users\aryan\OneDrive\Desktop\project_new\semantic-photo-intelligence\car_angle_dataset\0\91681.jpeg,0,256,144,3337,none,.jpeg
90__none__7463,C:\Users\aryan\OneDrive\Desktop\project_new\semantic-photo-intelligence\car_angle_dataset\90\7463.jpeg,90,256,144,4551,none,.jpeg
130__none__417389,C:\Users\aryan\OneDrive\Desktop\project_new\semantic-photo-intelligence\car_angle_dataset\130\417389.jpeg,130,256,144,3520,none,.jpeg
180__none__75267,C:\Users\aryan\OneDrive\Desktop\project_new\semantic-photo-intelligence\car_angle_dataset\180\75267.jpeg,180,256,144,3205,none,.jpeg
180__none__129577,C:\Users\aryan\OneDrive\Desktop\project_new\semantic-photo-intelligence\car_angle_dataset\180\129577.jpeg,180,256,192,6482,none,.jpeg
130__none__304072,C:\Users\aryan\OneDrive\Desktop\project_new\semantic-photo-intelligence\car_angle_dataset\130\304072.jpeg,130,256,144,4384,none,.jpeg
90__none__149917,C:\Users\aryan\OneDrive\Desktop\project_new\semantic-photo-intelligence\car_angle_dataset\90\149917.jpeg,90,256,192,4589,none,.jpeg
0__none__494556,C:\Users\aryan\OneDrive\Desktop\project_new\semantic-photo-intelligence\car_angle_dataset\0\494556.jpeg,0,256,192,9324,none,.jpeg
270__none__274247,C:\Users\aryan\OneDrive\Desktop\project_new\semantic-photo-intelligence\car_angle_dataset\270\274247.jpeg,270,256,192,4745,none,.jpeg
180__none__226246,C:\Users\aryan\OneDrive\Desktop\project_new\semantic-photo-intelligence\car_angle_dataset\180\226246.jpeg,180,256,144,3298,none,.jpeg
270__none__473809,C:\Users\aryan\OneDrive\Desktop\project_new\semantic-photo-intelligence\car_angle_dataset\270\473809.jpeg,270,256,192,4936,none,.jpeg
0__none__405359,C:\Users\aryan\OneDrive\Desktop\project_new\semantic-photo-intelligence\car_angle_dataset\0\405359.jpeg,0,256,192,3431,none,.jpeg
270__none__296254,C:\Users\aryan\OneDrive\Desktop\project_new\semantic-photo-intelligence\car_angle_dataset\270\296254.jpeg,270,256,144,3918,none,.jpeg
0__none__473091,C:\Users\aryan\OneDrive\Desktop\project_new\semantic-photo-intelligence\car_angle_dataset\0\473091.jpeg,0,256,192,6282,none,.jpeg
90__none__285351,C:\Users\aryan\OneDrive\Desktop\project_new\semantic-photo-intelligence\car_angle_dataset\90\285351.jpeg,90,256,144,4202,none,.jpeg
180__none__370389,C:\Users\aryan\OneDrive\Desktop\project_new\semantic-photo-intelligence\car_angle_dataset\180\370389.jpeg,180,256,192,3749,none,.jpeg
180__none__343374,C:\Users\aryan\OneDrive\Desktop\project_new\semantic-photo-intelligence\car_angle_dataset\180\343374.jpeg,180,256,144,4071,none,.jpeg
0__none__94718,C:\Users\aryan\OneDrive\Desktop\project_new\semantic-photo-intelligence\car_angle_dataset\0\94718.jpeg,0,256,144,3536,none,.jpeg
0__none__301134,C:\Users\aryan\OneDrive\Desktop\project_new\semantic-photo-intelligence\car_angle_dataset\0\301134.jpeg,0,256,192,3937,none,.jpeg
130__none__298733,C:\Users\aryan\OneDrive\Desktop\project_new\semantic-photo-intelligence\car_angle_dataset\130\298733.jpeg,130,256,144,3690,none,.jpeg
180__none__377783,C:\Users\aryan\OneDrive\Desktop\project_new\semantic-photo-intelligence\car_angle_dataset\180\377783.jpeg,180,256,144,3519,none,.jpeg
130__none__221399,C:\Users\aryan\OneDrive\Desktop\project_new\semantic-photo-intelligence\car_angle_dataset\130\221399.jpeg,130,256,144,3500,none,.jpeg
180__none__359599,C:\Users\aryan\OneDrive\Desktop\project_new\semantic-photo-intelligence\car_angle_dataset\180\359599.jpeg,180,256,192,6564,none,.jpeg
90__none__282482,C:\Users\aryan\OneDrive\Desktop\project_new\semantic-photo-intelligence\car_angle_dataset\90\282482.jpeg,90,256,192,6795,none,.jpeg
180__none__456512,C:\Users\aryan\OneDrive\Desktop\project_new\semantic-photo-intelligence\car_angle_dataset\180\456512.jpeg,180,256,192,4532,none,.jpeg
180__none__464347,C:\Users\aryan\OneDrive\Desktop\project_new\semantic-photo-intelligence\car_angle_dataset\180\464347.jpeg,180,256,192,2926,none,.jpeg
180__none__486401,C:\Users\aryan\OneDrive\Desktop\project_new\semantic-photo-intelligence\car_angle_dataset\180\486401.jpeg,180,256,144,3344,none,.jpeg
180__none__196722,C:\Users\aryan\OneDrive\Desktop\project_new\semantic-photo-intelligence\car_angle_dataset\180\196722.jpeg,180,256,192,8104,none,.jpeg
90__none__321184,C:\Users\aryan\OneDrive\Desktop\project_new\semantic-photo-intelligence\car_angle_dataset\90\321184.jpeg,90,256,144,4675,none,.jpeg
130__none__419159,C:\Users\aryan\OneDrive\Desktop\project_new\semantic-photo-intelligence\car_angle_dataset\130\419159.jpeg,130,256,144,4790,none,.jpeg
90__none__68682,C:\Users\aryan\OneDrive\Desktop\project_new\semantic-photo-intelligence\car_angle_dataset\90\68682.jpeg,90,256,144,4556,none,.jpeg
90__none__109356,C:\Users\aryan\OneDrive\Desktop\project_new\semantic-photo-intelligence\car_angle_dataset\90\109356.jpeg,90,256,144,5595,none,.jpeg
0__none__218401,C:\Users\aryan\OneDrive\Desktop\project_new\semantic-photo-intelligence\car_angle_dataset\0\218401.jpeg,0,256,144,3887,none,.jpeg
180__none__63332,C:\Users\aryan\OneDrive\Desktop\project_new\semantic-photo-intelligence\car_angle_dataset\180\63332.jpeg,180,256,192,6126,none,.jpeg
130__none__161110,C:\Users\aryan\OneDrive\Desktop\project_new\semantic-photo-intelligence\car_angle_dataset\130\161110.jpeg,130,256,144,2509,none,.jpeg
0__none__91926,C:\Users\aryan\OneDrive\Desktop\project_new\semantic-photo-intelligence\car_angle_dataset\0\91926.jpeg,0,256,144,3826,none,.jpeg
0__none__341046,C:\Users\aryan\OneDrive\Desktop\project_new\semantic-photo-intelligence\car_angle_dataset\0\341046.jpeg,0,256,192,4375,none,.jpeg
90__none__87056,C:\Users\aryan\OneDrive\Desktop\project_new\semantic-photo-intelligence\car_angle_dataset\90\87056.jpeg,90,256,192,4375,none,.jpeg
270__none__288329,C:\Users\aryan\OneDrive\Desktop\project_new\semantic-photo-intelligence\car_angle_dataset\270\288329.jpeg,270,256,192,4722,none,.jpeg
90__none__221007,C:\Users\aryan\OneDrive\Desktop\project_new\semantic-photo-intelligence\car_angle_dataset\90\221007.jpeg,90,256,192,5292,none,.jpeg
0__none__491865,C:\Users\aryan\OneDrive\Desktop\project_new\semantic-photo-intelligence\car_angle_dataset\0\491865.jpeg,0,256,192,7288,none,.jpeg
180__none__93144,C:\Users\aryan\OneDrive\Desktop\project_new\semantic-photo-intelligence\car_angle_dataset\180\93144.jpeg,180,256,192,4921,none,.jpeg
270__none__282863,C:\Users\aryan\OneDrive\Desktop\project_new\semantic-photo-intelligence\car_angle_dataset\270\282863.jpeg,270,256,144,4353,none,.jpeg
130__none__147741,C:\Users\aryan\OneDrive\Desktop\project_new\semantic-photo-intelligence\car_angle_dataset\130\147741.jpeg,130,256,144,4032,none,.jpeg
270__none__484771,C:\Users\aryan\OneDrive\Desktop\project_new\semantic-photo-intelligence\car_angle_dataset\270\484771.jpeg,270,256,192,5750,none,.jpeg
270__none__325234,C:\Users\aryan\OneDrive\Desktop\project_new\semantic-photo-intelligence\car_angle_dataset\270\325234.jpeg,270,256,144,4532,none,.jpeg
130__none__310438,C:\Users\aryan\OneDrive\Desktop\project_new\semantic-photo-intelligence\car_angle_dataset\130\310438.jpeg,130,256,144,4628,none,.jpeg
130__none__483004,C:\Users\aryan\OneDrive\Desktop\project_new\semantic-photo-intelligence\car_angle_dataset\130\483004.jpeg,130,256,192,3986,none,.jpeg
180__none__278987,C:\Users\aryan\OneDrive\Desktop\project_new\semantic-photo-intelligence\car_angle_dataset\180\278987.jpeg,180,256,144,3289,none,.jpeg
270__none__488360,C:\Users\aryan\OneDrive\Desktop\project_new\semantic-photo-intelligence\car_angle_dataset\270\488360.jpeg,270,256,191,5119,none,.jpeg
180__none__294024,C:\Users\aryan\OneDrive\Desktop\project_new\semantic-photo-intelligence\car_angle_dataset\180\294024.jpeg,180,256,192,6752,none,.jpeg
90__none__57389,C:\Users\aryan\OneDrive\Desktop\project_new\semantic-photo-intelligence\car_angle_dataset\90\57389.jpeg,90,256,144,3466,none,.jpeg
130__none__156646,C:\Users\aryan\OneDrive\Desktop\project_new\semantic-photo-intelligence\car_angle_dataset\130\156646.jpeg,130,256,192,4668,none,.jpeg
0__none__160886,C:\Users\aryan\OneDrive\Desktop\project_new\semantic-photo-intelligence\car_angle_dataset\0\160886.jpeg,0,256,144,2471,none,.jpeg
180__none__115899,C:\Users\aryan\OneDrive\Desktop\project_new\semantic-photo-intelligence\car_angle_dataset\180\115899.jpeg,180,256,170,6928,none,.jpeg
90__none__255172,C:\Users\aryan\OneDrive\Desktop\project_new\semantic-photo-intelligence\car_angle_dataset\90\255172.jpeg,90,256,144,4564,none,.jpeg
90__none__248651,C:\Users\aryan\OneDrive\Desktop\project_new\semantic-photo-intelligence\car_angle_dataset\90\248651.jpeg,90,256,144,3882,none,.jpeg
180__none__473851,C:\Users\aryan\OneDrive\Desktop\project_new\semantic-photo-intelligence\car_angle_dataset\180\473851.jpeg,180,256,191,5450,none,.jpeg
180__none__158398,C:\Users\aryan\OneDrive\Desktop\project_new\semantic-photo-intelligence\car_angle_dataset\180\158398.jpeg,180,256,192,3654,none,.jpeg
180__none__85157,C:\Users\aryan\OneDrive\Desktop\project_new\semantic-photo-intelligence\car_angle_dataset\180\85157.jpeg,180,256,192,7510,none,.jpeg
0__none__299545,C:\Users\aryan\OneDrive\Desktop\project_new\semantic-photo-intelligence\car_angle_dataset\0\299545.jpeg,0,256,233,6562,none,.jpeg
180__none__141731,C:\Users\aryan\OneDrive\Desktop\project_new\semantic-photo-intelligence\car_angle_dataset\180\141731.jpeg,180,256,192,4489,none,.jpeg
130__none__479031,C:\Users\aryan\OneDrive\Desktop\project_new\semantic-photo-intelligence\car_angle_dataset\130\479031.jpeg,130,256,170,5360,none,.jpeg
180__none__189064,C:\Users\aryan\OneDrive\Desktop\project_new\semantic-photo-intelligence\car_angle_dataset\180\189064.jpeg,180,256,144,3226,none,.jpeg
130__none__98897,C:\Users\aryan\OneDrive\Desktop\project_new\semantic-photo-intelligence\car_angle_dataset\130\98897.jpeg,130,256,144,4082,none,.jpeg
0__none__423484,C:\Users\aryan\OneDrive\Desktop\project_new\semantic-photo-intelligence\car_angle_dataset\0\423484.jpeg,0,256,192,8135,none,.jpeg
180__none__247058,C:\Users\aryan\OneDrive\Desktop\project_new\semantic-photo-intelligence\car_angle_dataset\180\247058.jpeg,180,256,144,3434,none,.jpeg
270__none__190612,C:\Users\aryan\OneDrive\Desktop\project_new\semantic-photo-intelligence\car_angle_dataset\270\190612.jpeg,270,256,144,5631,none,.jpeg
180__none__303946,C:\Users\aryan\OneDrive\Desktop\project_new\semantic-photo-intelligence\car_angle_dataset\180\303946.jpeg,180,256,144,3448,none,.jpeg
0__none__446454,C:\Users\aryan\OneDrive\Desktop\project_new\semantic-photo-intelligence\car_angle_dataset\0\446454.jpeg,0,256,170,6309,none,.jpeg
180__none__469872,C:\Users\aryan\OneDrive\Desktop\project_new\semantic-photo-intelligence\car_angle_dataset\180\469872.jpeg,180,256,192,7226,none,.jpeg
90__none__156718,C:\Users\aryan\OneDrive\Desktop\project_new\semantic-photo-intelligence\car_angle_dataset\90\156718.jpeg,90,256,144,4375,none,.jpeg
90__none__58716,C:\Users\aryan\OneDrive\Desktop\project_new\semantic-photo-intelligence\car_angle_dataset\90\58716.jpeg,90,256,191,4742,none,.jpeg
0__none__448063,C:\Users\aryan\OneDrive\Desktop\project_new\semantic-photo-intelligence\car_angle_dataset\0\448063.jpeg,0,256,144,3461,none,.jpeg
90__none__243479,C:\Users\aryan\OneDrive\Desktop\project_new\semantic-photo-intelligence\car_angle_dataset\90\243479.jpeg,90,256,144,3001,none,.jpeg
180__none__147769,C:\Users\aryan\OneDrive\Desktop\project_new\semantic-photo-intelligence\car_angle_dataset\180\147769.jpeg,180,256,144,3630,none,.jpeg
90__none__257932,C:\Users\aryan\OneDrive\Desktop\project_new\semantic-photo-intelligence\car_angle_dataset\90\257932.jpeg,90,256,144,4631,none,.jpeg
180__none__466412,C:\Users\aryan\OneDrive\Desktop\project_new\semantic-photo-intelligence\car_angle_dataset\180\466412.jpeg,180,256,144,3581,none,.jpeg
180__none__161686,C:\Users\aryan\OneDrive\Desktop\project_new\semantic-photo-intelligence\car_angle_dataset\180\161686.jpeg,180,256,144,6598,none,.jpeg
130__none__151735,C:\Users\aryan\OneDrive\Desktop\project_new\semantic-photo-intelligence\car_angle_dataset\130\151735.jpeg,130,256,192,4668,none,.jpeg
180__none__486014,C:\Users\aryan\OneDrive\Desktop\project_new\semantic-photo-intelligence\car_angle_dataset\180\486014.jpeg,180,256,144,4195,none,.jpeg
270__none__191925,C:\Users\aryan\OneDrive\Desktop\project_new\semantic-photo-intelligence\car_angle_dataset\270\191925.jpeg,270,256,144,4065,none,.jpeg
90__none__301818,C:\Users\aryan\OneDrive\Desktop\project_new\semantic-photo-intelligence\car_angle_dataset\90\301818.jpeg,90,256,144,3656,none,.jpeg
130__none__152290,C:\Users\aryan\OneDrive\Desktop\project_new\semantic-photo-intelligence\car_angle_dataset\130\152290.jpeg,130,256,162,6122,none,.jpeg
270__none__223485,C:\Users\aryan\OneDrive\Desktop\project_new\semantic-photo-intelligence\car_angle_dataset\270\223485.jpeg,270,256,144,4382,none,.jpeg
180__none__369138,C:\Users\aryan\OneDrive\Desktop\project_new\semantic-photo-intelligence\car_angle_dataset\180\369138.jpeg,180,256,144,2887,none,.jpeg
0__none__126051,C:\Users\aryan\OneDrive\Desktop\project_new\semantic-photo-intelligence\car_angle_dataset\0\126051.jpeg,0,256,192,5488,none,.jpeg
0__none__105065,C:\Users\aryan\OneDrive\Desktop\project_new\semantic-photo-intelligence\car_angle_dataset\0\105065.jpeg,0,256,144,3018,none,.jpeg
0__none__333718,C:\Users\aryan\OneDrive\Desktop\project_new\semantic-photo-intelligence\car_angle_dataset\0\333718.jpeg,0,256,144,4180,none,.jpeg
180__none__498510,C:\Users\aryan\OneDrive\Desktop\project_new\semantic-photo-intelligence\car_angle_dataset\180\498510.jpeg,180,256,144,2269,none,.jpeg
180__none__487736,C:\Users\aryan\OneDrive\Desktop\project_new\semantic-photo-intelligence\car_angle_dataset\180\487736.jpeg,180,256,192,3437,none,.jpeg
90__none__321111,C:\Users\aryan\OneDrive\Desktop\project_new\semantic-photo-intelligence\car_angle_dataset\90\321111.jpeg,90,256,144,5673,none,.jpeg
130__none__334723,C:\Users\aryan\OneDrive\Desktop\project_new\semantic-photo-intelligence\car_angle_dataset\130\334723.jpeg,130,256,144,4173,none,.jpeg
180__none__181048,C:\Users\aryan\OneDrive\Desktop\project_new\semantic-photo-intelligence\car_angle_dataset\180\181048.jpeg,180,256,144,4328,none,.jpeg
90__none__167897,C:\Users\aryan\OneDrive\Desktop\project_new\semantic-photo-intelligence\car_angle_dataset\90\167897.jpeg,90,256,192,4951,none,.jpeg
180__none__148449,C:\Users\aryan\OneDrive\Desktop\project_new\semantic-photo-intelligence\car_angle_dataset\180\148449.jpeg,180,256,144,3062,none,.jpeg
0__none__417004,C:\Users\aryan\OneDrive\Desktop\project_new\semantic-photo-intelligence\car_angle_dataset\0\417004.jpeg,0,256,144,5634,none,.jpeg
130__none__246284,C:\Users\aryan\OneDrive\Desktop\project_new\semantic-photo-intelligence\car_angle_dataset\130\246284.jpeg,130,256,144,3237,none,.jpeg
130__none__291125,C:\Users\aryan\OneDrive\Desktop\project_new\semantic-photo-intelligence\car_angle_dataset\130\291125.jpeg,130,256,144,4610,none,.jpeg
90__none__15200,C:\Users\aryan\OneDrive\Desktop\project_new\semantic-photo-intelligence\car_angle_dataset\90\15200.jpeg,90,256,192,3981,none,.jpeg
130__none__310543,C:\Users\aryan\OneDrive\Desktop\project_new\semantic-photo-intelligence\car_angle_dataset\130\310543.jpeg,130,256,144,3571,none,.jpeg
0__none__292545,C:\Users\aryan\OneDrive\Desktop\project_new\semantic-photo-intelligence\car_angle_dataset\0\292545.jpeg,0,256,192,6141,none,.jpeg
180__none__218539,C:\Users\aryan\OneDrive\Desktop\project_new\semantic-photo-intelligence\car_angle_dataset\180\218539.jpeg,180,256,144,3092,none,.jpeg
130__none__365574,C:\Users\aryan\OneDrive\Desktop\project_new\semantic-photo-intelligence\car_angle_dataset\130\365574.jpeg,130,256,192,4042,none,.jpeg
130__none__462269,C:\Users\aryan\OneDrive\Desktop\project_new\semantic-photo-intelligence\car_angle_dataset\130\462269.jpeg,130,256,192,5009,none,.jpeg
0__none__270606,C:\Users\aryan\OneDrive\Desktop\project_new\semantic-photo-intelligence\car_angle_dataset\0\270606.jpeg,0,256,144,4229,none,.jpeg
180__none__403097,C:\Users\aryan\OneDrive\Desktop\project_new\semantic-photo-intelligence\car_angle_dataset\180\403097.jpeg,180,256,144,2426,none,.jpeg
130__none__313261,C:\Users\aryan\OneDrive\Desktop\project_new\semantic-photo-intelligence\car_angle_dataset\130\313261.jpeg,130,256,144,3948,none,.jpeg
90__none__103256,C:\Users\aryan\OneDrive\Desktop\project_new\semantic-photo-intelligence\car_angle_dataset\90\103256.jpeg,90,256,144,4316,none,.jpeg
90__none__263947,C:\Users\aryan\OneDrive\Desktop\project_new\semantic-photo-intelligence\car_angle_dataset\90\263947.jpeg,90,256,192,4170,none,.jpeg
270__none__277537,C:\Users\aryan\OneDrive\Desktop\project_new\semantic-photo-intelligence\car_angle_dataset\270\277537.jpeg,270,256,144,4147,none,.jpeg
90__none__217511,C:\Users\aryan\OneDrive\Desktop\project_new\semantic-photo-intelligence\car_angle_dataset\90\217511.jpeg,90,256,144,3550,none,.jpeg
130__none__320781,C:\Users\aryan\OneDrive\Desktop\project_new\semantic-photo-intelligence\car_angle_dataset\130\320781.jpeg,130,256,144,5745,none,.jpeg
0__none__482649,C:\Users\aryan\OneDrive\Desktop\project_new\semantic-photo-intelligence\car_angle_dataset\0\482649.jpeg,0,256,192,5897,none,.jpeg
0__none__428030,C:\Users\aryan\OneDrive\Desktop\project_new\semantic-photo-intelligence\car_angle_dataset\0\428030.jpeg,0,256,144,3560,none,.jpeg
0__none__430062,C:\Users\aryan\OneDrive\Desktop\project_new\semantic-photo-intelligence\car_angle_dataset\0\430062.jpeg,0,256,193,5972,none,.jpeg
90__none__290190,C:\Users\aryan\OneDrive\Desktop\project_new\semantic-photo-intelligence\car_angle_dataset\90\290190.jpeg,90,256,144,3961,none,.jpeg
270__none__241980,C:\Users\aryan\OneDrive\Desktop\project_new\semantic-photo-intelligence\car_angle_dataset\270\241980.jpeg,270,256,192,3965,none,.jpeg
0__none__297017,C:\Users\aryan\OneDrive\Desktop\project_new\semantic-photo-intelligence\car_angle_dataset\0\297017.jpeg,0,256,144,3766,none,.jpeg
0__none__151097,C:\Users\aryan\OneDrive\Desktop\project_new\semantic-photo-intelligence\car_angle_dataset\0\151097.jpeg,0,256,192,5897,none,.jpeg
270__none__359477,C:\Users\aryan\OneDrive\Desktop\project_new\semantic-photo-intelligence\car_angle_dataset\270\359477.jpeg,270,256,192,3633,none,.jpeg
90__none__333231,C:\Users\aryan\OneDrive\Desktop\project_new\semantic-photo-intelligence\car_angle_dataset\90\333231.jpeg,90,256,192,5166,none,.jpeg
180__none__468351,C:\Users\aryan\OneDrive\Desktop\project_new\semantic-photo-intelligence\car_angle_dataset\180\468351.jpeg,180,256,170,5432,none,.jpeg
270__none__260352,C:\Users\aryan\OneDrive\Desktop\project_new\semantic-photo-intelligence\car_angle_dataset\270\260352.jpeg,270,256,192,4494,none,.jpeg
180__none__361882,C:\Users\aryan\OneDrive\Desktop\project_new\semantic-photo-intelligence\car_angle_dataset\180\361882.jpeg,180,256,192,9237,none,.jpeg
130__none__113476,C:\Users\aryan\OneDrive\Desktop\project_new\semantic-photo-intelligence\car_angle_dataset\130\113476.jpeg,130,256,144,4077,none,.jpeg
270__none__216150,C:\Users\aryan\OneDrive\Desktop\project_new\semantic-photo-intelligence\car_angle_dataset\270\216150.jpeg,270,256,192,5755,none,.jpeg
0__none__82214,C:\Users\aryan\OneDrive\Desktop\project_new\semantic-photo-intelligence\car_angle_dataset\0\82214.jpeg,0,256,144,3076,none,.jpeg
130__none__154703,C:\Users\aryan\OneDrive\Desktop\project_new\semantic-photo-intelligence\car_angle_dataset\130\154703.jpeg,130,256,144,4174,none,.jpeg
0__none__132561,C:\Users\aryan\OneDrive\Desktop\project_new\semantic-photo-intelligence\car_angle_dataset\0\132561.jpeg,0,256,144,3349,none,.jpeg
130__none__435030,C:\Users\aryan\OneDrive\Desktop\project_new\semantic-photo-intelligence\car_angle_dataset\130\435030.jpeg,130,256,144,4390,none,.jpeg
180__none__442326,C:\Users\aryan\OneDrive\Desktop\project_new\semantic-photo-intelligence\car_angle_dataset\180\442326.jpeg,180,256,192,4508,none,.jpeg
0__none__481652,C:\Users\aryan\OneDrive\Desktop\project_new\semantic-photo-intelligence\car_angle_dataset\0\481652.jpeg,0,256,192,6858,none,.jpeg
180__none__198914,C:\Users\aryan\OneDrive\Desktop\project_new\semantic-photo-intelligence\car_angle_dataset\180\198914.jpeg,180,256,144,4521,none,.jpeg
180__none__451123,C:\Users\aryan\OneDrive\Desktop\project_new\semantic-photo-intelligence\car_angle_dataset\180\451123.jpeg,180,256,170,4340,none,.jpeg
130__none__240261,C:\Users\aryan\OneDrive\Desktop\project_new\semantic-photo-intelligence\car_angle_dataset\130\240261.jpeg,130,256,144,3265,none,.jpeg
0__none__108347,C:\Users\aryan\OneDrive\Desktop\project_new\semantic-photo-intelligence\car_angle_dataset\0\108347.jpeg,0,256,144,2944,none,.jpeg
90__none__288656,C:\Users\aryan\OneDrive\Desktop\project_new\semantic-photo-intelligence\car_angle_dataset\90\288656.jpeg,90,256,144,4362,none,.jpeg
180__none__325906,C:\Users\aryan\OneDrive\Desktop\project_new\semantic-photo-intelligence\car_angle_dataset\180\325906.jpeg,180,256,192,6312,none,.jpeg
90__none__209316,C:\Users\aryan\OneDrive\Desktop\project_new\semantic-photo-intelligence\car_angle_dataset\90\209316.jpeg,90,256,192,4378,none,.jpeg
180__none__301302,C:\Users\aryan\OneDrive\Desktop\project_new\semantic-photo-intelligence\car_angle_dataset\180\301302.jpeg,180,256,192,7949,none,.jpeg
130__none__445260,C:\Users\aryan\OneDrive\Desktop\project_new\semantic-photo-intelligence\car_angle_dataset\130\445260.jpeg,130,256,192,4811,none,.jpeg
270__none__463739,C:\Users\aryan\OneDrive\Desktop\project_new\semantic-photo-intelligence\car_angle_dataset\270\463739.jpeg,270,256,144,4375,none,.jpeg
130__none__296012,C:\Users\aryan\OneDrive\Desktop\project_new\semantic-photo-intelligence\car_angle_dataset\130\296012.jpeg,130,256,144,3956,none,.jpeg
90__none__133647,C:\Users\aryan\OneDrive\Desktop\project_new\semantic-photo-intelligence\car_angle_dataset\90\133647.jpeg,90,256,144,4202,none,.jpeg
0__none__350406,C:\Users\aryan\OneDrive\Desktop\project_new\semantic-photo-intelligence\car_angle_dataset\0\350406.jpeg,0,256,192,3924,none,.jpeg
270__none__452826,C:\Users\aryan\OneDrive\Desktop\project_new\semantic-photo-intelligence\car_angle_dataset\270\452826.jpeg,270,256,192,5020,none,.jpeg
180__none__484507,C:\Users\aryan\OneDrive\Desktop\project_new\semantic-photo-intelligence\car_angle_dataset\180\484507.jpeg,180,256,192,7628,none,.jpeg
90__none__153381,C:\Users\aryan\OneDrive\Desktop\project_new\semantic-photo-intelligence\car_angle_dataset\90\153381.jpeg,90,256,144,4354,none,.jpeg
180__none__475512,C:\Users\aryan\OneDrive\Desktop\project_new\semantic-photo-intelligence\car_angle_dataset\180\475512.jpeg,180,256,192,4402,none,.jpeg
0__none__189423,C:\Users\aryan\OneDrive\Desktop\project_new\semantic-photo-intelligence\car_angle_dataset\0\189423.jpeg,0,256,144,3440,none,.jpeg
0__none__267199,C:\Users\aryan\OneDrive\Desktop\project_new\semantic-photo-intelligence\car_angle_dataset\0\267199.jpeg,0,256,170,5973,none,.jpeg
130__none__201973,C:\Users\aryan\OneDrive\Desktop\project_new\semantic-photo-intelligence\car_angle_dataset\130\201973.jpeg,130,256,192,9776,none,.jpeg
130__none__150420,C:\Users\aryan\OneDrive\Desktop\project_new\semantic-photo-intelligence\car_angle_dataset\130\150420.jpeg,130,256,192,5577,none,.jpeg
130__none__298215,C:\Users\aryan\OneDrive\Desktop\project_new\semantic-photo-intelligence\car_angle_dataset\130\298215.jpeg,130,256,144,3921,none,.jpeg
0__none__112038,C:\Users\aryan\OneDrive\Desktop\project_new\semantic-photo-intelligence\car_angle_dataset\0\112038.jpeg,0,256,144,2317,none,.jpeg
90__none__74383,C:\Users\aryan\OneDrive\Desktop\project_new\semantic-photo-intelligence\car_angle_dataset\90\74383.jpeg,90,256,144,5442,none,.jpeg
90__none__169455,C:\Users\aryan\OneDrive\Desktop\project_new\semantic-photo-intelligence\car_angle_dataset\90\169455.jpeg,90,256,144,3961,none,.jpeg
130__none__136120,C:\Users\aryan\OneDrive\Desktop\project_new\semantic-photo-intelligence\car_angle_dataset\130\136120.jpeg,130,256,144,5818,none,.jpeg
130__none__206611,C:\Users\aryan\OneDrive\Desktop\project_new\semantic-photo-intelligence\car_angle_dataset\130\206611.jpeg,130,256,192,4398,none,.jpeg
0__none__450150,C:\Users\aryan\OneDrive\Desktop\project_new\semantic-photo-intelligence\car_angle_dataset\0\450150.jpeg,0,256,144,2876,none,.jpeg
180__none__438858,C:\Users\aryan\OneDrive\Desktop\project_new\semantic-photo-intelligence\car_angle_dataset\180\438858.jpeg,180,256,192,3641,none,.jpeg
130__none__114441,C:\Users\aryan\OneDrive\Desktop\project_new\semantic-photo-intelligence\car_angle_dataset\130\114441.jpeg,130,256,144,5054,none,.jpeg
180__none__326312,C:\Users\aryan\OneDrive\Desktop\project_new\semantic-photo-intelligence\car_angle_dataset\180\326312.jpeg,180,256,144,3579,none,.jpeg
130__none__202055,C:\Users\aryan\OneDrive\Desktop\project_new\semantic-photo-intelligence\car_angle_dataset\130\202055.jpeg,130,256,144,4585,none,.jpeg
180__none__279559,C:\Users\aryan\OneDrive\Desktop\project_new\semantic-photo-intelligence\car_angle_dataset\180\279559.jpeg,180,256,144,3275,none,.jpeg
0__none__228277,C:\Users\aryan\OneDrive\Desktop\project_new\semantic-photo-intelligence\car_angle_dataset\0\228277.jpeg,0,256,192,6960,none,.jpeg
130__none__86669,C:\Users\aryan\OneDrive\Desktop\project_new\semantic-photo-intelligence\car_angle_dataset\130\86669.jpeg,130,256,144,3836,none,.jpeg
180__none__344378,C:\Users\aryan\OneDrive\Desktop\project_new\semantic-photo-intelligence\car_angle_dataset\180\344378.jpeg,180,256,144,3289,none,.jpeg
0__none__117580,C:\Users\aryan\OneDrive\Desktop\project_new\semantic-photo-intelligence\car_angle_dataset\0\117580.jpeg,0,256,144,4552,none,.jpeg
130__none__484620,C:\Users\aryan\OneDrive\Desktop\project_new\semantic-photo-intelligence\car_angle_dataset\130\484620.jpeg,130,256,144,3706,none,.jpeg
0__none__313717,C:\Users\aryan\OneDrive\Desktop\project_new\semantic-photo-intelligence\car_angle_dataset\0\313717.jpeg,0,256,192,8668,none,.jpeg
180__none__297590,C:\Users\aryan\OneDrive\Desktop\project_new\semantic-photo-intelligence\car_angle_dataset\180\297590.jpeg,180,256,144,4526,none,.jpeg
0__none__269264,C:\Users\aryan\OneDrive\Desktop\project_new\semantic-photo-intelligence\car_angle_dataset\0\269264.jpeg,0,256,144,3906,none,.jpeg
90__none__10515,C:\Users\aryan\OneDrive\Desktop\project_new\semantic-photo-intelligence\car_angle_dataset\90\10515.jpeg,90,256,144,4006,none,.jpeg
0__none__241956,C:\Users\aryan\OneDrive\Desktop\project_new\semantic-photo-intelligence\car_angle_dataset\0\241956.jpeg,0,256,144,4312,none,.jpeg
0__none__276641,C:\Users\aryan\OneDrive\Desktop\project_new\semantic-photo-intelligence\car_angle_dataset\0\276641.jpeg,0,256,192,7098,none,.jpeg
130__none__135576,C:\Users\aryan\OneDrive\Desktop\project_new\semantic-photo-intelligence\car_angle_dataset\130\135576.jpeg,130,256,192,6059,none,.jpeg
130__none__225978,C:\Users\aryan\OneDrive\Desktop\project_new\semantic-photo-intelligence\car_angle_dataset\130\225978.jpeg,130,256,144,5344,none,.jpeg
270__none__272763,C:\Users\aryan\OneDrive\Desktop\project_new\semantic-photo-intelligence\car_angle_dataset\270\272763.jpeg,270,256,192,4880,none,.jpeg
270__none__360628,C:\Users\aryan\OneDrive\Desktop\project_new\semantic-photo-intelligence\car_angle_dataset\270\360628.jpeg,270,256,192,4020,none,.jpeg
130__none__165006,C:\Users\aryan\OneDrive\Desktop\project_new\semantic-photo-intelligence\car_angle_dataset\130\165006.jpeg,130,256,192,4414,none,.jpeg
180__none__190998,C:\Users\aryan\OneDrive\Desktop\project_new\semantic-photo-intelligence\car_angle_dataset\180\190998.jpeg,180,256,144,3361,none,.jpeg
130__none__364954,C:\Users\aryan\OneDrive\Desktop\project_new\semantic-photo-intelligence\car_angle_dataset\130\364954.jpeg,130,256,192,4489,none,.jpeg
130__none__279948,C:\Users\aryan\OneDrive\Desktop\project_new\semantic-photo-intelligence\car_angle_dataset\130\279948.jpeg,130,256,144,5172,none,.jpeg
130__none__459004,C:\Users\aryan\OneDrive\Desktop\project_new\semantic-photo-intelligence\car_angle_dataset\130\459004.jpeg,130,256,144,5498,none,.jpeg
0__none__180801,C:\Users\aryan\OneDrive\Desktop\project_new\semantic-photo-intelligence\car_angle_dataset\0\180801.jpeg,0,256,192,5897,none,.jpeg
0__none__350109,C:\Users\aryan\OneDrive\Desktop\project_new\semantic-photo-intelligence\car_angle_dataset\0\350109.jpeg,0,256,192,5878,none,.jpeg
90__none__169613,C:\Users\aryan\OneDrive\Desktop\project_new\semantic-photo-intelligence\car_angle_dataset\90\169613.jpeg,90,256,144,3920,none,.jpeg
0__none__425836,C:\Users\aryan\OneDrive\Desktop\project_new\semantic-photo-intelligence\car_angle_dataset\0\425836.jpeg,0,256,192,5962,none,.jpeg
130__none__113413,C:\Users\aryan\OneDrive\Desktop\project_new\semantic-photo-intelligence\car_angle_dataset\130\113413.jpeg,130,256,144,3860,none,.jpeg
270__none__418516,C:\Users\aryan\OneDrive\Desktop\project_new\semantic-photo-intelligence\car_angle_dataset\270\418516.jpeg,270,256,192,5465,none,.jpeg
180__none__375056,C:\Users\aryan\OneDrive\Desktop\project_new\semantic-photo-intelligence\car_angle_dataset\180\375056.jpeg,180,256,192,7448,none,.jpeg
270__none__439488,C:\Users\aryan\OneDrive\Desktop\project_new\semantic-photo-intelligence\car_angle_dataset\270\439488.jpeg,270,256,192,3702,none,.jpeg
130__none__288726,C:\Users\aryan\OneDrive\Desktop\project_new\semantic-photo-intelligence\car_angle_dataset\130\288726.jpeg,130,256,144,4992,none,.jpeg
90__none__120440,C:\Users\aryan\OneDrive\Desktop\project_new\semantic-photo-intelligence\car_angle_dataset\90\120440.jpeg,90,256,144,3830,none,.jpeg
270__none__445333,C:\Users\aryan\OneDrive\Desktop\project_new\semantic-photo-intelligence\car_angle_dataset\270\445333.jpeg,270,256,170,4664,none,.jpeg
0__none__108532,C:\Users\aryan\OneDrive\Desktop\project_new\semantic-photo-intelligence\car_angle_dataset\0\108532.jpeg,0,256,192,9255,none,.jpeg
90__none__97268,C:\Users\aryan\OneDrive\Desktop\project_new\semantic-photo-intelligence\car_angle_dataset\90\97268.jpeg,90,256,192,3462,none,.jpeg
130__none__453188,C:\Users\aryan\OneDrive\Desktop\project_new\semantic-photo-intelligence\car_angle_dataset\130\453188.jpeg,130,256,192,5072,none,.jpeg
180__none__113781,C:\Users\aryan\OneDrive\Desktop\project_new\semantic-photo-intelligence\car_angle_dataset\180\113781.jpeg,180,256,144,3774,none,.jpeg
180__none__385758,C:\Users\aryan\OneDrive\Desktop\project_new\semantic-photo-intelligence\car_angle_dataset\180\385758.jpeg,180,256,193,6061,none,.jpeg
0__none__279279,C:\Users\aryan\OneDrive\Desktop\project_new\semantic-photo-intelligence\car_angle_dataset\0\279279.jpeg,0,256,192,7225,none,.jpeg
130__none__300777,C:\Users\aryan\OneDrive\Desktop\project_new\semantic-photo-intelligence\car_angle_dataset\130\300777.jpeg,130,256,144,3788,none,.jpeg
0__none__183777,C:\Users\aryan\OneDrive\Desktop\project_new\semantic-photo-intelligence\car_angle_dataset\0\183777.jpeg,0,256,144,3451,none,.jpeg
180__none__298871,C:\Users\aryan\OneDrive\Desktop\project_new\semantic-photo-intelligence\car_angle_dataset\180\298871.jpeg,180,256,144,4333,none,.jpeg
270__none__465674,C:\Users\aryan\OneDrive\Desktop\project_new\semantic-photo-intelligence\car_angle_dataset\270\465674.jpeg,270,256,192,4571,none,.jpeg
0__none__484429,C:\Users\aryan\OneDrive\Desktop\project_new\semantic-photo-intelligence\car_angle_dataset\0\484429.jpeg,0,256,144,2924,none,.jpeg
270__none__266418,C:\Users\aryan\OneDrive\Desktop\project_new\semantic-photo-intelligence\car_angle_dataset\270\266418.jpeg,270,256,144,4584,none,.jpeg
90__none__317703,C:\Users\aryan\OneDrive\Desktop\project_new\semantic-photo-intelligence\car_angle_dataset\90\317703.jpeg,90,256,192,5620,none,.jpeg
130__none__310333,C:\Users\aryan\OneDrive\Desktop\project_new\semantic-photo-intelligence\car_angle_dataset\130\310333.jpeg,130,256,144,3949,none,.jpeg
90__none__30473,C:\Users\aryan\OneDrive\Desktop\project_new\semantic-photo-intelligence\car_angle_dataset\90\30473.jpeg,90,256,192,4179,none,.jpeg
90__none__330086,C:\Users\aryan\OneDrive\Desktop\project_new\semantic-photo-intelligence\car_angle_dataset\90\330086.jpeg,90,256,192,4447,none,.jpeg
0__none__197715,C:\Users\aryan\OneDrive\Desktop\project_new\semantic-photo-intelligence\car_angle_dataset\0\197715.jpeg,0,256,170,8190,none,.jpeg
180__none__350136,C:\Users\aryan\OneDrive\Desktop\project_new\semantic-photo-intelligence\car_angle_dataset\180\350136.jpeg,180,256,144,3527,none,.jpeg
180__none__131671,C:\Users\aryan\OneDrive\Desktop\project_new\semantic-photo-intelligence\car_angle_dataset\180\131671.jpeg,180,256,144,3038,none,.jpeg
0__none__228812,C:\Users\aryan\OneDrive\Desktop\project_new\semantic-photo-intelligence\car_angle_dataset\0\228812.jpeg,0,256,192,6606,none,.jpeg
180__none__244694,C:\Users\aryan\OneDrive\Desktop\project_new\semantic-photo-intelligence\car_angle_dataset\180\244694.jpeg,180,256,144,2177,none,.jpeg
0__none__176691,C:\Users\aryan\OneDrive\Desktop\project_new\semantic-photo-intelligence\car_angle_dataset\0\176691.jpeg,0,256,144,3920,none,.jpeg
180__none__461607,C:\Users\aryan\OneDrive\Desktop\project_new\semantic-photo-intelligence\car_angle_dataset\180\461607.jpeg,180,256,192,5242,none,.jpeg
180__none__321996,C:\Users\aryan\OneDrive\Desktop\project_new\semantic-photo-intelligence\car_angle_dataset\180\321996.jpeg,180,256,144,4364,none,.jpeg
0__none__410644,C:\Users\aryan\OneDrive\Desktop\project_new\semantic-photo-intelligence\car_angle_dataset\0\410644.jpeg,0,256,192,4136,none,.jpeg
270__none__361424,C:\Users\aryan\OneDrive\Desktop\project_new\semantic-photo-intelligence\car_angle_dataset\270\361424.jpeg,270,256,192,4748,none,.jpeg
0__none__84094,C:\Users\aryan\OneDrive\Desktop\project_new\semantic-photo-intelligence\car_angle_dataset\0\84094.jpeg,0,256,192,4740,none,.jpeg
0__none__322576,C:\Users\aryan\OneDrive\Desktop\project_new\semantic-photo-intelligence\car_angle_dataset\0\322576.jpeg,0,256,144,3709,none,.jpeg
0__none__135054,C:\Users\aryan\OneDrive\Desktop\project_new\semantic-photo-intelligence\car_angle_dataset\0\135054.jpeg,0,256,170,6469,none,.jpeg
130__none__219244,C:\Users\aryan\OneDrive\Desktop\project_new\semantic-photo-intelligence\car_angle_dataset\130\219244.jpeg,130,256,144,6136,none,.jpeg
180__none__466357,C:\Users\aryan\OneDrive\Desktop\project_new\semantic-photo-intelligence\car_angle_dataset\180\466357.jpeg,180,256,192,3795,none,.jpeg
0__none__115555,C:\Users\aryan\OneDrive\Desktop\project_new\semantic-photo-intelligence\car_angle_dataset\0\115555.jpeg,0,256,144,3796,none,.jpeg
270__none__487936,C:\Users\aryan\OneDrive\Desktop\project_new\semantic-photo-intelligence\car_angle_dataset\270\487936.jpeg,270,256,192,4976,none,.jpeg
180__none__198276,C:\Users\aryan\OneDrive\Desktop\project_new\semantic-photo-intelligence\car_angle_dataset\180\198276.jpeg,180,256,144,2694,none,.jpeg
180__none__130718,C:\Users\aryan\OneDrive\Desktop\project_new\semantic-photo-intelligence\car_angle_dataset\180\130718.jpeg,180,256,144,2822,none,.jpeg
0__none__357934,C:\Users\aryan\OneDrive\Desktop\project_new\semantic-photo-intelligence\car_angle_dataset\0\357934.jpeg,0,256,144,5116,none,.jpeg
130__none__498936,C:\Users\aryan\OneDrive\Desktop\project_new\semantic-photo-intelligence\car_angle_dataset\130\498936.jpeg,130,256,192,4668,none,.jpeg
130__none__232287,C:\Users\aryan\OneDrive\Desktop\project_new\semantic-photo-intelligence\car_angle_dataset\130\232287.jpeg,130,256,144,3387,none,.jpeg
270__none__383500,C:\Users\aryan\OneDrive\Desktop\project_new\semantic-photo-intelligence\car_angle_dataset\270\383500.jpeg,270,256,192,5059,none,.jpeg
0__none__301275,C:\Users\aryan\OneDrive\Desktop\project_new\semantic-photo-intelligence\car_angle_dataset\0\301275.jpeg,0,256,144,2968,none,.jpeg
0__none__318038,C:\Users\aryan\OneDrive\Desktop\project_new\semantic-photo-intelligence\car_angle_dataset\0\318038.jpeg,0,256,144,3683,none,.jpeg
90__none__212320,C:\Users\aryan\OneDrive\Desktop\project_new\semantic-photo-intelligence\car_angle_dataset\90\212320.jpeg,90,256,144,4314,none,.jpeg
0__none__460407,C:\Users\aryan\OneDrive\Desktop\project_new\semantic-photo-intelligence\car_angle_dataset\0\460407.jpeg,0,256,144,3501,none,.jpeg
180__none__159718,C:\Users\aryan\OneDrive\Desktop\project_new\semantic-photo-intelligence\car_angle_dataset\180\159718.jpeg,180,256,192,2549,none,.jpeg
90__none__37115,C:\Users\aryan\OneDrive\Desktop\project_new\semantic-photo-intelligence\car_angle_dataset\90\37115.jpeg,90,256,144,3297,none,.jpeg
180__none__139521,C:\Users\aryan\OneDrive\Desktop\project_new\semantic-photo-intelligence\car_angle_dataset\180\139521.jpeg,180,256,144,4620,none,.jpeg
90__none__630,C:\Users\aryan\OneDrive\Desktop\project_new\semantic-photo-intelligence\car_angle_dataset\90\630.jpeg,90,256,192,5116,none,.jpeg
180__none__416215,C:\Users\aryan\OneDrive\Desktop\project_new\semantic-photo-intelligence\car_angle_dataset\180\416215.jpeg,180,256,192,5626,none,.jpeg
90__none__274094,C:\Users\aryan\OneDrive\Desktop\project_new\semantic-photo-intelligence\car_angle_dataset\90\274094.jpeg,90,256,192,4008,none,.jpeg
180__none__153533,C:\Users\aryan\OneDrive\Desktop\project_new\semantic-photo-intelligence\car_angle_dataset\180\153533.jpeg,180,256,144,3619,none,.jpeg
130__none__351767,C:\Users\aryan\OneDrive\Desktop\project_new\semantic-photo-intelligence\car_angle_dataset\130\351767.jpeg,130,256,144,4504,none,.jpeg
270__none__340113,C:\Users\aryan\OneDrive\Desktop\project_new\semantic-photo-intelligence\car_angle_dataset\270\340113.jpeg,270,256,192,5686,none,.jpeg
270__none__461127,C:\Users\aryan\OneDrive\Desktop\project_new\semantic-photo-intelligence\car_angle_dataset\270\461127.jpeg,270,256,192,5203,none,.jpeg
130__none__368586,C:\Users\aryan\OneDrive\Desktop\project_new\semantic-photo-intelligence\car_angle_dataset\130\368586.jpeg,130,256,144,3527,none,.jpeg
0__none__351849,C:\Users\aryan\OneDrive\Desktop\project_new\semantic-photo-intelligence\car_angle_dataset\0\351849.jpeg,0,256,144,3812,none,.jpeg
0__none__359402,C:\Users\aryan\OneDrive\Desktop\project_new\semantic-photo-intelligence\car_angle_dataset\0\359402.jpeg,0,256,192,5098,none,.jpeg
130__none__86539,C:\Users\aryan\OneDrive\Desktop\project_new\semantic-photo-intelligence\car_angle_dataset\130\86539.jpeg,130,256,144,4982,none,.jpeg
180__none__94553,C:\Users\aryan\OneDrive\Desktop\project_new\semantic-photo-intelligence\car_angle_dataset\180\94553.jpeg,180,256,144,3657,none,.jpeg
0__none__112975,C:\Users\aryan\OneDrive\Desktop\project_new\semantic-photo-intelligence\car_angle_dataset\0\112975.jpeg,0,256,170,5792,none,.jpeg
270__none__327627,C:\Users\aryan\OneDrive\Desktop\project_new\semantic-photo-intelligence\car_angle_dataset\270\327627.jpeg,270,256,144,4679,none,.jpeg
270__none__197903,C:\Users\aryan\OneDrive\Desktop\project_new\semantic-photo-intelligence\car_angle_dataset\270\197903.jpeg,270,256,192,4900,none,.jpeg
90__none__10381,C:\Users\aryan\OneDrive\Desktop\project_new\semantic-photo-intelligence\car_angle_dataset\90\10381.jpeg,90,256,144,5117,none,.jpeg
270__none__478610,C:\Users\aryan\OneDrive\Desktop\project_new\semantic-photo-intelligence\car_angle_dataset\270\478610.jpeg,270,256,170,4998,none,.jpeg
130__none__249002,C:\Users\aryan\OneDrive\Desktop\project_new\semantic-photo-intelligence\car_angle_dataset\130\249002.jpeg,130,256,144,5283,none,.jpeg
0__none__302364,C:\Users\aryan\OneDrive\Desktop\project_new\semantic-photo-intelligence\car_angle_dataset\0\302364.jpeg,0,256,144,4124,none,.jpeg
90__none__266622,C:\Users\aryan\OneDrive\Desktop\project_new\semantic-photo-intelligence\car_angle_dataset\90\266622.jpeg,90,256,192,4261,none,.jpeg
270__none__442601,C:\Users\aryan\OneDrive\Desktop\project_new\semantic-photo-intelligence\car_angle_dataset\270\442601.jpeg,270,256,170,5050,none,.jpeg
0__none__217929,C:\Users\aryan\OneDrive\Desktop\project_new\semantic-photo-intelligence\car_angle_dataset\0\217929.jpeg,0,256,144,3192,none,.jpeg
0__none__360395,C:\Users\aryan\OneDrive\Desktop\project_new\semantic-photo-intelligence\car_angle_dataset\0\360395.jpeg,0,256,144,2585,none,.jpeg
270__none__359125,C:\Users\aryan\OneDrive\Desktop\project_new\semantic-photo-intelligence\car_angle_dataset\270\359125.jpeg,270,256,144,4255,none,.jpeg
90__none__33258,C:\Users\aryan\OneDrive\Desktop\project_new\semantic-photo-intelligence\car_angle_dataset\90\33258.jpeg,90,256,192,4163,none,.jpeg
0__none__268668,C:\Users\aryan\OneDrive\Desktop\project_new\semantic-photo-intelligence\car_angle_dataset\0\268668.jpeg,0,256,170,3884,none,.jpeg
180__none__349413,C:\Users\aryan\OneDrive\Desktop\project_new\semantic-photo-intelligence\car_angle_dataset\180\349413.jpeg,180,256,144,4463,none,.jpeg
0__none__491962,C:\Users\aryan\OneDrive\Desktop\project_new\semantic-photo-intelligence\car_angle_dataset\0\491962.jpeg,0,256,192,5557,none,.jpeg
270__none__300312,C:\Users\aryan\OneDrive\Desktop\project_new\semantic-photo-intelligence\car_angle_dataset\270\300312.jpeg,270,256,192,5785,none,.jpeg
0__none__326664,C:\Users\aryan\OneDrive\Desktop\project_new\semantic-photo-intelligence\car_angle_dataset\0\326664.jpeg,0,256,144,4163,none,.jpeg
270__none__455947,C:\Users\aryan\OneDrive\Desktop\project_new\semantic-photo-intelligence\car_angle_dataset\270\455947.jpeg,270,256,192,5655,none,.jpeg
130__none__419302,C:\Users\aryan\OneDrive\Desktop\project_new\semantic-photo-intelligence\car_angle_dataset\130\419302.jpeg,130,256,144,4470,none,.jpeg
130__none__320881,C:\Users\aryan\OneDrive\Desktop\project_new\semantic-photo-intelligence\car_angle_dataset\130\320881.jpeg,130,256,144,4230,none,.jpeg
270__none__261555,C:\Users\aryan\OneDrive\Desktop\project_new\semantic-photo-intelligence\car_angle_dataset\270\261555.jpeg,270,256,144,4094,none,.jpeg
130__none__460102,C:\Users\aryan\OneDrive\Desktop\project_new\semantic-photo-intelligence\car_angle_dataset\130\460102.jpeg,130,256,144,4252,none,.jpeg
270__none__210964,C:\Users\aryan\OneDrive\Desktop\project_new\semantic-photo-intelligence\car_angle_dataset\270\210964.jpeg,270,256,192,4762,none,.jpeg
90__none__48132,C:\Users\aryan\OneDrive\Desktop\project_new\semantic-photo-intelligence\car_angle_dataset\90\48132.jpeg,90,256,144,4395,none,.jpeg
0__none__483817,C:\Users\aryan\OneDrive\Desktop\project_new\semantic-photo-intelligence\car_angle_dataset\0\483817.jpeg,0,256,192,5888,none,.jpeg
90__none__296792,C:\Users\aryan\OneDrive\Desktop\project_new\semantic-photo-intelligence\car_angle_dataset\90\296792.jpeg,90,256,144,4170,none,.jpeg
90__none__105389,C:\Users\aryan\OneDrive\Desktop\project_new\semantic-photo-intelligence\car_angle_dataset\90\105389.jpeg,90,256,144,4367,none,.jpeg
180__none__271810,C:\Users\aryan\OneDrive\Desktop\project_new\semantic-photo-intelligence\car_angle_dataset\180\271810.jpeg,180,256,144,3852,none,.jpeg
0__none__339930,C:\Users\aryan\OneDrive\Desktop\project_new\semantic-photo-intelligence\car_angle_dataset\0\339930.jpeg,0,256,144,3388,none,.jpeg
270__none__238623,C:\Users\aryan\OneDrive\Desktop\project_new\semantic-photo-intelligence\car_angle_dataset\270\238623.jpeg,270,256,144,4653,none,.jpeg
270__none__282105,C:\Users\aryan\OneDrive\Desktop\project_new\semantic-photo-intelligence\car_angle_dataset\270\282105.jpeg,270,256,192,4661,none,.jpeg
270__none__225214,C:\Users\aryan\OneDrive\Desktop\project_new\semantic-photo-intelligence\car_angle_dataset\270\225214.jpeg,270,256,192,5313,none,.jpeg
90__none__99264,C:\Users\aryan\OneDrive\Desktop\project_new\semantic-photo-intelligence\car_angle_dataset\90\99264.jpeg,90,256,192,5577,none,.jpeg
90__none__6758,C:\Users\aryan\OneDrive\Desktop\project_new\semantic-photo-intelligence\car_angle_dataset\90\6758.jpeg,90,256,144,5154,none,.jpeg
270__none__403163,C:\Users\aryan\OneDrive\Desktop\project_new\semantic-photo-intelligence\car_angle_dataset\270\403163.jpeg,270,256,170,5155,none,.jpeg
130__none__423633,C:\Users\aryan\OneDrive\Desktop\project_new\semantic-photo-intelligence\car_angle_dataset\130\423633.jpeg,130,256,192,6999,none,.jpeg
90__none__141534,C:\Users\aryan\OneDrive\Desktop\project_new\semantic-photo-intelligence\car_angle_dataset\90\141534.jpeg,90,256,192,5748,none,.jpeg
90__none__174538,C:\Users\aryan\OneDrive\Desktop\project_new\semantic-photo-intelligence\car_angle_dataset\90\174538.jpeg,90,256,192,4504,none,.jpeg
180__none__425458,C:\Users\aryan\OneDrive\Desktop\project_new\semantic-photo-intelligence\car_angle_dataset\180\425458.jpeg,180,256,144,4505,none,.jpeg
180__none__106213,C:\Users\aryan\OneDrive\Desktop\project_new\semantic-photo-intelligence\car_angle_dataset\180\106213.jpeg,180,256,144,3230,none,.jpeg
0__none__454426,C:\Users\aryan\OneDrive\Desktop\project_new\semantic-photo-intelligence\car_angle_dataset\0\454426.jpeg,0,256,192,6761,none,.jpeg
90__none__227574,C:\Users\aryan\OneDrive\Desktop\project_new\semantic-photo-intelligence\car_angle_dataset\90\227574.jpeg,90,256,192,5183,none,.jpeg
180__none__259454,C:\Users\aryan\OneDrive\Desktop\project_new\semantic-photo-intelligence\car_angle_dataset\180\259454.jpeg,180,256,144,3058,none,.jpeg
0__none__364680,C:\Users\aryan\OneDrive\Desktop\project_new\semantic-photo-intelligence\car_angle_dataset\0\364680.jpeg,0,256,144,3342,none,.jpeg
130__none__300587,C:\Users\aryan\OneDrive\Desktop\project_new\semantic-photo-intelligence\car_angle_dataset\130\300587.jpeg,130,256,144,5456,none,.jpeg
130__none__95030,C:\Users\aryan\OneDrive\Desktop\project_new\semantic-photo-intelligence\car_angle_dataset\130\95030.jpeg,130,256,144,4181,none,.jpeg
180__none__463810,C:\Users\aryan\OneDrive\Desktop\project_new\semantic-photo-intelligence\car_angle_dataset\180\463810.jpeg,180,256,192,2799,none,.jpeg
180__none__318284,C:\Users\aryan\OneDrive\Desktop\project_new\semantic-photo-intelligence\car_angle_dataset\180\318284.jpeg,180,256,192,4476,none,.jpeg
180__none__492011,C:\Users\aryan\OneDrive\Desktop\project_new\semantic-photo-intelligence\car_angle_dataset\180\492011.jpeg,180,256,192,5092,none,.jpeg
180__none__63151,C:\Users\aryan\OneDrive\Desktop\project_new\semantic-photo-intelligence\car_angle_dataset\180\63151.jpeg,180,256,192,3839,none,.jpeg
130__none__119204,C:\Users\aryan\OneDrive\Desktop\project_new\semantic-photo-intelligence\car_angle_dataset\130\119204.jpeg,130,256,144,5041,none,.jpeg
0__none__449866,C:\Users\aryan\OneDrive\Desktop\project_new\semantic-photo-intelligence\car_angle_dataset\0\449866.jpeg,0,256,144,4025,none,.jpeg
270__none__423985,C:\Users\aryan\OneDrive\Desktop\project_new\semantic-photo-intelligence\car_angle_dataset\270\423985.jpeg,270,256,192,5568,none,.jpeg
270__none__258811,C:\Users\aryan\OneDrive\Desktop\project_new\semantic-photo-intelligence\car_angle_dataset\270\258811.jpeg,270,256,144,5068,none,.jpeg
130__none__474524,C:\Users\aryan\OneDrive\Desktop\project_new\semantic-photo-intelligence\car_angle_dataset\130\474524.jpeg,130,256,192,5511,none,.jpeg
130__none__165927,C:\Users\aryan\OneDrive\Desktop\project_new\semantic-photo-intelligence\car_angle_dataset\130\165927.jpeg,130,256,144,2695,none,.jpeg
130__none__81775,C:\Users\aryan\OneDrive\Desktop\project_new\semantic-photo-intelligence\car_angle_dataset\130\81775.jpeg,130,256,144,4016,none,.jpeg
0__none__340022,C:\Users\aryan\OneDrive\Desktop\project_new\semantic-photo-intelligence\car_angle_dataset\0\340022.jpeg,0,256,192,7707,none,.jpeg
90__none__207421,C:\Users\aryan\OneDrive\Desktop\project_new\semantic-photo-intelligence\car_angle_dataset\90\207421.jpeg,90,256,144,4137,none,.jpeg
90__none__182139,C:\Users\aryan\OneDrive\Desktop\project_new\semantic-photo-intelligence\car_angle_dataset\90\182139.jpeg,90,256,144,4634,none,.jpeg
90__none__179662,C:\Users\aryan\OneDrive\Desktop\project_new\semantic-photo-intelligence\car_angle_dataset\90\179662.jpeg,90,256,144,4745,none,.jpeg
0__none__491050,C:\Users\aryan\OneDrive\Desktop\project_new\semantic-photo-intelligence\car_angle_dataset\0\491050.jpeg,0,256,144,3321,none,.jpeg
0__none__463664,C:\Users\aryan\OneDrive\Desktop\project_new\semantic-photo-intelligence\car_angle_dataset\0\463664.jpeg,0,256,144,2987,none,.jpeg
90__none__146141,C:\Users\aryan\OneDrive\Desktop\project_new\semantic-photo-intelligence\car_angle_dataset\90\146141.jpeg,90,256,192,5760,none,.jpeg
180__none__137645,C:\Users\aryan\OneDrive\Desktop\project_new\semantic-photo-intelligence\car_angle_dataset\180\137645.jpeg,180,256,144,3095,none,.jpeg
270__none__274294,C:\Users\aryan\OneDrive\Desktop\project_new\semantic-photo-intelligence\car_angle_dataset\270\274294.jpeg,270,256,192,4105,none,.jpeg
270__none__297999,C:\Users\aryan\OneDrive\Desktop\project_new\semantic-photo-intelligence\car_angle_dataset\270\297999.jpeg,270,256,144,3545,none,.jpeg
90__none__322478,C:\Users\aryan\OneDrive\Desktop\project_new\semantic-photo-intelligence\car_angle_dataset\90\322478.jpeg,90,256,191,5049,none,.jpeg
130__none__352368,C:\Users\aryan\OneDrive\Desktop\project_new\semantic-photo-intelligence\car_angle_dataset\130\352368.jpeg,130,256,144,4878,none,.jpeg
90__none__302870,C:\Users\aryan\OneDrive\Desktop\project_new\semantic-photo-intelligence\car_angle_dataset\90\302870.jpeg,90,256,192,4800,none,.jpeg
180__none__260510,C:\Users\aryan\OneDrive\Desktop\project_new\semantic-photo-intelligence\car_angle_dataset\180\260510.jpeg,180,256,192,5075,none,.jpeg
180__none__355786,C:\Users\aryan\OneDrive\Desktop\project_new\semantic-photo-intelligence\car_angle_dataset\180\355786.jpeg,180,256,144,2370,none,.jpeg
130__none__152255,C:\Users\aryan\OneDrive\Desktop\project_new\semantic-photo-intelligence\car_angle_dataset\130\152255.jpeg,130,256,162,6122,none,.jpeg
0__none__147226,C:\Users\aryan\OneDrive\Desktop\project_new\semantic-photo-intelligence\car_angle_dataset\0\147226.jpeg,0,256,144,3038,none,.jpeg
270__none__264172,C:\Users\aryan\OneDrive\Desktop\project_new\semantic-photo-intelligence\car_angle_dataset\270\264172.jpeg,270,256,192,4324,none,.jpeg
270__none__457269,C:\Users\aryan\OneDrive\Desktop\project_new\semantic-photo-intelligence\car_angle_dataset\270\457269.jpeg,270,256,144,4802,none,.jpeg
90__none__52556,C:\Users\aryan\OneDrive\Desktop\project_new\semantic-photo-intelligence\car_angle_dataset\90\52556.jpeg,90,256,170,5683,none,.jpeg
270__none__410806,C:\Users\aryan\OneDrive\Desktop\project_new\semantic-photo-intelligence\car_angle_dataset\270\410806.jpeg,270,256,144,3968,none,.jpeg
130__none__150394,C:\Users\aryan\OneDrive\Desktop\project_new\semantic-photo-intelligence\car_angle_dataset\130\150394.jpeg,130,256,192,6009,none,.jpeg
180__none__287117,C:\Users\aryan\OneDrive\Desktop\project_new\semantic-photo-intelligence\car_angle_dataset\180\287117.jpeg,180,256,192,5188,none,.jpeg
130__none__196641,C:\Users\aryan\OneDrive\Desktop\project_new\semantic-photo-intelligence\car_angle_dataset\130\196641.jpeg,130,256,192,3431,none,.jpeg
90__none__218359,C:\Users\aryan\OneDrive\Desktop\project_new\semantic-photo-intelligence\car_angle_dataset\90\218359.jpeg,90,256,144,3091,none,.jpeg
130__none__383776,C:\Users\aryan\OneDrive\Desktop\project_new\semantic-photo-intelligence\car_angle_dataset\130\383776.jpeg,130,256,192,4192,none,.jpeg
270__none__364507,C:\Users\aryan\OneDrive\Desktop\project_new\semantic-photo-intelligence\car_angle_dataset\270\364507.jpeg,270,256,192,4418,none,.jpeg
270__none__268628,C:\Users\aryan\OneDrive\Desktop\project_new\semantic-photo-intelligence\car_angle_dataset\270\268628.jpeg,270,256,144,3563,none,.jpeg
180__none__476426,C:\Users\aryan\OneDrive\Desktop\project_new\semantic-photo-intelligence\car_angle_dataset\180\476426.jpeg,180,256,192,4631,none,.jpeg
180__none__335737,C:\Users\aryan\OneDrive\Desktop\project_new\semantic-photo-intelligence\car_angle_dataset\180\335737.jpeg,180,256,192,5108,none,.jpeg
180__none__397174,C:\Users\aryan\OneDrive\Desktop\project_new\semantic-photo-intelligence\car_angle_dataset\180\397174.jpeg,180,256,170,7083,none,.jpeg
130__none__429970,C:\Users\aryan\OneDrive\Desktop\project_new\semantic-photo-intelligence\car_angle_dataset\130\429970.jpeg,130,256,170,5977,none,.jpeg
180__none__77028,C:\Users\aryan\OneDrive\Desktop\project_new\semantic-photo-intelligence\car_angle_dataset\180\77028.jpeg,180,256,144,3438,none,.jpeg
180__none__379858,C:\Users\aryan\OneDrive\Desktop\project_new\semantic-photo-intelligence\car_angle_dataset\180\379858.jpeg,180,256,144,3035,none,.jpeg
0__none__160043,C:\Users\aryan\OneDrive\Desktop\project_new\semantic-photo-intelligence\car_angle_dataset\0\160043.jpeg,0,256,144,3605,none,.jpeg
130__none__222631,C:\Users\aryan\OneDrive\Desktop\project_new\semantic-photo-intelligence\car_angle_dataset\130\222631.jpeg,130,256,144,3690,none,.jpeg
270__none__370809,C:\Users\aryan\OneDrive\Desktop\project_new\semantic-photo-intelligence\car_angle_dataset\270\370809.jpeg,270,256,144,4948,none,.jpeg
130__none__77602,C:\Users\aryan\OneDrive\Desktop\project_new\semantic-photo-intelligence\car_angle_dataset\130\77602.jpeg,130,256,144,3664,none,.jpeg
270__none__433543,C:\Users\aryan\OneDrive\Desktop\project_new\semantic-photo-intelligence\car_angle_dataset\270\433543.jpeg,270,256,144,4012,none,.jpeg
130__none__108033,C:\Users\aryan\OneDrive\Desktop\project_new\semantic-photo-intelligence\car_angle_dataset\130\108033.jpeg,130,256,144,4573,none,.jpeg
90__none__158447,C:\Users\aryan\OneDrive\Desktop\project_new\semantic-photo-intelligence\car_angle_dataset\90\158447.jpeg,90,256,192,4524,none,.jpeg
270__none__389480,C:\Users\aryan\OneDrive\Desktop\project_new\semantic-photo-intelligence\car_angle_dataset\270\389480.jpeg,270,256,192,4492,none,.jpeg
180__none__171545,C:\Users\aryan\OneDrive\Desktop\project_new\semantic-photo-intelligence\car_angle_dataset\180\171545.jpeg,180,256,192,4656,none,.jpeg
90__none__91920,C:\Users\aryan\OneDrive\Desktop\project_new\semantic-photo-intelligence\car_angle_dataset\90\91920.jpeg,90,256,144,4237,none,.jpeg
130__none__273102,C:\Users\aryan\OneDrive\Desktop\project_new\semantic-photo-intelligence\car_angle_dataset\130\273102.jpeg,130,256,144,4774,none,.jpeg
180__none__329934,C:\Users\aryan\OneDrive\Desktop\project_new\semantic-photo-intelligence\car_angle_dataset\180\329934.jpeg,180,256,144,4156,none,.jpeg
130__none__262183,C:\Users\aryan\OneDrive\Desktop\project_new\semantic-photo-intelligence\car_angle_dataset\130\262183.jpeg,130,256,144,3935,none,.jpeg
0__none__436851,C:\Users\aryan\OneDrive\Desktop\project_new\semantic-photo-intelligence\car_angle_dataset\0\436851.jpeg,0,256,192,9446,none,.jpeg
180__none__280850,C:\Users\aryan\OneDrive\Desktop\project_new\semantic-photo-intelligence\car_angle_dataset\180\280850.jpeg,180,256,144,3376,none,.jpeg
180__none__142537,C:\Users\aryan\OneDrive\Desktop\project_new\semantic-photo-intelligence\car_angle_dataset\180\142537.jpeg,180,256,144,2916,none,.jpeg
0__none__84750,C:\Users\aryan\OneDrive\Desktop\project_new\semantic-photo-intelligence\car_angle_dataset\0\84750.jpeg,0,256,144,4077,none,.jpeg
0__none__494428,C:\Users\aryan\OneDrive\Desktop\project_new\semantic-photo-intelligence\car_angle_dataset\0\494428.jpeg,0,256,191,7420,none,.jpeg
0__none__406299,C:\Users\aryan\OneDrive\Desktop\project_new\semantic-photo-intelligence\car_angle_dataset\0\406299.jpeg,0,256,170,4689,none,.jpeg
90__none__126031,C:\Users\aryan\OneDrive\Desktop\project_new\semantic-photo-intelligence\car_angle_dataset\90\126031.jpeg,90,256,144,5294,none,.jpeg
0__none__89608,C:\Users\aryan\OneDrive\Desktop\project_new\semantic-photo-intelligence\car_angle_dataset\0\89608.jpeg,0,256,144,3774,none,.jpeg
130__none__251752,C:\Users\aryan\OneDrive\Desktop\project_new\semantic-photo-intelligence\car_angle_dataset\130\251752.jpeg,130,256,144,4027,none,.jpeg
0__none__387320,C:\Users\aryan\OneDrive\Desktop\project_new\semantic-photo-intelligence\car_angle_dataset\0\387320.jpeg,0,256,191,9312,none,.jpeg
0__none__341463,C:\Users\aryan\OneDrive\Desktop\project_new\semantic-photo-intelligence\car_angle_dataset\0\341463.jpeg,0,256,192,6219,none,.jpeg
180__none__293021,C:\Users\aryan\OneDrive\Desktop\project_new\semantic-photo-intelligence\car_angle_dataset\180\293021.jpeg,180,256,144,3174,none,.jpeg
130__none__179268,C:\Users\aryan\OneDrive\Desktop\project_new\semantic-photo-intelligence\car_angle_dataset\130\179268.jpeg,130,256,144,4088,none,.jpeg
180__none__225644,C:\Users\aryan\OneDrive\Desktop\project_new\semantic-photo-intelligence\car_angle_dataset\180\225644.jpeg,180,256,144,3785,none,.jpeg
270__none__249835,C:\Users\aryan\OneDrive\Desktop\project_new\semantic-photo-intelligence\car_angle_dataset\270\249835.jpeg,270,256,143,5904,none,.jpeg
0__none__224010,C:\Users\aryan\OneDrive\Desktop\project_new\semantic-photo-intelligence\car_angle_dataset\0\224010.jpeg,0,256,144,3383,none,.jpeg
90__none__27274,C:\Users\aryan\OneDrive\Desktop\project_new\semantic-photo-intelligence\car_angle_dataset\90\27274.jpeg,90,256,112,5007,none,.jpeg
270__none__494730,C:\Users\aryan\OneDrive\Desktop\project_new\semantic-photo-intelligence\car_angle_dataset\270\494730.jpeg,270,256,192,4621,none,.jpeg
270__none__444938,C:\Users\aryan\OneDrive\Desktop\project_new\semantic-photo-intelligence\car_angle_dataset\270\444938.jpeg,270,256,192,5307,none,.jpeg
180__none__270603,C:\Users\aryan\OneDrive\Desktop\project_new\semantic-photo-intelligence\car_angle_dataset\180\270603.jpeg,180,256,144,3066,none,.jpeg
0__none__149904,C:\Users\aryan\OneDrive\Desktop\project_new\semantic-photo-intelligence\car_angle_dataset\0\149904.jpeg,0,256,192,5825,none,.jpeg
90__none__54488,C:\Users\aryan\OneDrive\Desktop\project_new\semantic-photo-intelligence\car_angle_dataset\90\54488.jpeg,90,256,144,4286,none,.jpeg
180__none__91887,C:\Users\aryan\OneDrive\Desktop\project_new\semantic-photo-intelligence\car_angle_dataset\180\91887.jpeg,180,256,144,4239,none,.jpeg
270__none__456202,C:\Users\aryan\OneDrive\Desktop\project_new\semantic-photo-intelligence\car_angle_dataset\270\456202.jpeg,270,256,144,4974,none,.jpeg
0__none__141433,C:\Users\aryan\OneDrive\Desktop\project_new\semantic-photo-intelligence\car_angle_dataset\0\141433.jpeg,0,256,192,6750,none,.jpeg
270__none__213679,C:\Users\aryan\OneDrive\Desktop\project_new\semantic-photo-intelligence\car_angle_dataset\270\213679.jpeg,270,256,144,3328,none,.jpeg
90__none__85433,C:\Users\aryan\OneDrive\Desktop\project_new\semantic-photo-intelligence\car_angle_dataset\90\85433.jpeg,90,256,144,4118,none,.jpeg
270__none__322937,C:\Users\aryan\OneDrive\Desktop\project_new\semantic-photo-intelligence\car_angle_dataset\270\322937.jpeg,270,256,192,5177,none,.jpeg
90__none__287205,C:\Users\aryan\OneDrive\Desktop\project_new\semantic-photo-intelligence\car_angle_dataset\90\287205.jpeg,90,256,192,3890,none,.jpeg
130__none__78983,C:\Users\aryan\OneDrive\Desktop\project_new\semantic-photo-intelligence\car_angle_dataset\130\78983.jpeg,130,256,144,5080,none,.jpeg
180__none__479611,C:\Users\aryan\OneDrive\Desktop\project_new\semantic-photo-intelligence\car_angle_dataset\180\479611.jpeg,180,256,192,4696,none,.jpeg
0__none__162531,C:\Users\aryan\OneDrive\Desktop\project_new\semantic-photo-intelligence\car_angle_dataset\0\162531.jpeg,0,256,192,7925,none,.jpeg
0__none__287954,C:\Users\aryan\OneDrive\Desktop\project_new\semantic-photo-intelligence\car_angle_dataset\0\287954.jpeg,0,256,192,6032,none,.jpeg
130__none__327262,C:\Users\aryan\OneDrive\Desktop\project_new\semantic-photo-intelligence\car_angle_dataset\130\327262.jpeg,130,256,144,3587,none,.jpeg
0__none__350377,C:\Users\aryan\OneDrive\Desktop\project_new\semantic-photo-intelligence\car_angle_dataset\0\350377.jpeg,0,192,256,5379,none,.jpeg
270__none__481000,C:\Users\aryan\OneDrive\Desktop\project_new\semantic-photo-intelligence\car_angle_dataset\270\481000.jpeg,270,256,192,4427,none,.jpeg
180__none__229286,C:\Users\aryan\OneDrive\Desktop\project_new\semantic-photo-intelligence\car_angle_dataset\180\229286.jpeg,180,256,192,7006,none,.jpeg
130__none__455038,C:\Users\aryan\OneDrive\Desktop\project_new\semantic-photo-intelligence\car_angle_dataset\130\455038.jpeg,130,256,192,3472,none,.jpeg
130__none__373769,C:\Users\aryan\OneDrive\Desktop\project_new\semantic-photo-intelligence\car_angle_dataset\130\373769.jpeg,130,256,192,7839,none,.jpeg
180__none__392512,C:\Users\aryan\OneDrive\Desktop\project_new\semantic-photo-intelligence\car_angle_dataset\180\392512.jpeg,180,256,144,3129,none,.jpeg
180__none__399965,C:\Users\aryan\OneDrive\Desktop\project_new\semantic-photo-intelligence\car_angle_dataset\180\399965.jpeg,180,256,192,6792,none,.jpeg
90__none__43702,C:\Users\aryan\OneDrive\Desktop\project_new\semantic-photo-intelligence\car_angle_dataset\90\43702.jpeg,90,256,144,2602,none,.jpeg
130__none__356956,C:\Users\aryan\OneDrive\Desktop\project_new\semantic-photo-intelligence\car_angle_dataset\130\356956.jpeg,130,256,144,5402,none,.jpeg
130__none__191890,C:\Users\aryan\OneDrive\Desktop\project_new\semantic-photo-intelligence\car_angle_dataset\130\191890.jpeg,130,256,144,4829,none,.jpeg
130__none__152322,C:\Users\aryan\OneDrive\Desktop\project_new\semantic-photo-intelligence\car_angle_dataset\130\152322.jpeg,130,256,162,6126,none,.jpeg
180__none__194820,C:\Users\aryan\OneDrive\Desktop\project_new\semantic-photo-intelligence\car_angle_dataset\180\194820.jpeg,180,256,192,6414,none,.jpeg
180__none__164566,C:\Users\aryan\OneDrive\Desktop\project_new\semantic-photo-intelligence\car_angle_dataset\180\164566.jpeg,180,256,144,3224,none,.jpeg
130__none__455864,C:\Users\aryan\OneDrive\Desktop\project_new\semantic-photo-intelligence\car_angle_dataset\130\455864.jpeg,130,256,192,6579,none,.jpeg
0__none__400440,C:\Users\aryan\OneDrive\Desktop\project_new\semantic-photo-intelligence\car_angle_dataset\0\400440.jpeg,0,256,192,9562,none,.jpeg
180__none__204060,C:\Users\aryan\OneDrive\Desktop\project_new\semantic-photo-intelligence\car_angle_dataset\180\204060.jpeg,180,256,192,8279,none,.jpeg
0__none__133755,C:\Users\aryan\OneDrive\Desktop\project_new\semantic-photo-intelligence\car_angle_dataset\0\133755.jpeg,0,256,144,3712,none,.jpeg
180__none__310091,C:\Users\aryan\OneDrive\Desktop\project_new\semantic-photo-intelligence\car_angle_dataset\180\310091.jpeg,180,256,192,4936,none,.jpeg
180__none__427582,C:\Users\aryan\OneDrive\Desktop\project_new\semantic-photo-intelligence\car_angle_dataset\180\427582.jpeg,180,256,144,3611,none,.jpeg
180__none__236805,C:\Users\aryan\OneDrive\Desktop\project_new\semantic-photo-intelligence\car_angle_dataset\180\236805.jpeg,180,256,144,4301,none,.jpeg
0__none__118238,C:\Users\aryan\OneDrive\Desktop\project_new\semantic-photo-intelligence\car_angle_dataset\0\118238.jpeg,0,256,144,3347,none,.jpeg
180__none__254744,C:\Users\aryan\OneDrive\Desktop\project_new\semantic-photo-intelligence\car_angle_dataset\180\254744.jpeg,180,256,144,3042,none,.jpeg
270__none__324726,C:\Users\aryan\OneDrive\Desktop\project_new\semantic-photo-intelligence\car_angle_dataset\270\324726.jpeg,270,256,192,4749,none,.jpeg
90__none__254237,C:\Users\aryan\OneDrive\Desktop\project_new\semantic-photo-intelligence\car_angle_dataset\90\254237.jpeg,90,256,192,4776,none,.jpeg
270__none__475376,C:\Users\aryan\OneDrive\Desktop\project_new\semantic-photo-intelligence\car_angle_dataset\270\475376.jpeg,270,256,192,5988,none,.jpeg
180__none__321974,C:\Users\aryan\OneDrive\Desktop\project_new\semantic-photo-intelligence\car_angle_dataset\180\321974.jpeg,180,256,192,6350,none,.jpeg
130__none__448808,C:\Users\aryan\OneDrive\Desktop\project_new\semantic-photo-intelligence\car_angle_dataset\130\448808.jpeg,130,256,144,4637,none,.jpeg
90__none__230106,C:\Users\aryan\OneDrive\Desktop\project_new\semantic-photo-intelligence\car_angle_dataset\90\230106.jpeg,90,256,144,3138,none,.jpeg
130__none__418717,C:\Users\aryan\OneDrive\Desktop\project_new\semantic-photo-intelligence\car_angle_dataset\130\418717.jpeg,130,256,144,4947,none,.jpeg
90__none__118201,C:\Users\aryan\OneDrive\Desktop\project_new\semantic-photo-intelligence\car_angle_dataset\90\118201.jpeg,90,256,144,4580,none,.jpeg
130__none__369707,C:\Users\aryan\OneDrive\Desktop\project_new\semantic-photo-intelligence\car_angle_dataset\130\369707.jpeg,130,256,192,4097,none,.jpeg
180__none__271494,C:\Users\aryan\OneDrive\Desktop\project_new\semantic-photo-intelligence\car_angle_dataset\180\271494.jpeg,180,256,144,2680,none,.jpeg
130__none__366978,C:\Users\aryan\OneDrive\Desktop\project_new\semantic-photo-intelligence\car_angle_dataset\130\366978.jpeg,130,256,192,5813,none,.jpeg
0__none__123607,C:\Users\aryan\OneDrive\Desktop\project_new\semantic-photo-intelligence\car_angle_dataset\0\123607.jpeg,0,256,144,3974,none,.jpeg
90__none__99539,C:\Users\aryan\OneDrive\Desktop\project_new\semantic-photo-intelligence\car_angle_dataset\90\99539.jpeg,90,256,192,4949,none,.jpeg
130__none__230401,C:\Users\aryan\OneDrive\Desktop\project_new\semantic-photo-intelligence\car_angle_dataset\130\230401.jpeg,130,256,144,3565,none,.jpeg
0__none__297403,C:\Users\aryan\OneDrive\Desktop\project_new\semantic-photo-intelligence\car_angle_dataset\0\297403.jpeg,0,256,144,3158,none,.jpeg
270__none__322516,C:\Users\aryan\OneDrive\Desktop\project_new\semantic-photo-intelligence\car_angle_dataset\270\322516.jpeg,270,256,192,5554,none,.jpeg
90__none__12509,C:\Users\aryan\OneDrive\Desktop\project_new\semantic-photo-intelligence\car_angle_dataset\90\12509.jpeg,90,256,144,5814,none,.jpeg
90__none__145087,C:\Users\aryan\OneDrive\Desktop\project_new\semantic-photo-intelligence\car_angle_dataset\90\145087.jpeg,90,256,144,4669,none,.jpeg
270__none__192967,C:\Users\aryan\OneDrive\Desktop\project_new\semantic-photo-intelligence\car_angle_dataset\270\192967.jpeg,270,256,144,4357,none,.jpeg
180__none__224409,C:\Users\aryan\OneDrive\Desktop\project_new\semantic-photo-intelligence\car_angle_dataset\180\224409.jpeg,180,256,144,3539,none,.jpeg
270__none__303808,C:\Users\aryan\OneDrive\Desktop\project_new\semantic-photo-intelligence\car_angle_dataset\270\303808.jpeg,270,256,144,4012,none,.jpeg
130__none__350293,C:\Users\aryan\OneDrive\Desktop\project_new\semantic-photo-intelligence\car_angle_dataset\130\350293.jpeg,130,256,170,4760,none,.jpeg
0__none__375480,C:\Users\aryan\OneDrive\Desktop\project_new\semantic-photo-intelligence\car_angle_dataset\0\375480.jpeg,0,256,192,4701,none,.jpeg
90__none__236792,C:\Users\aryan\OneDrive\Desktop\project_new\semantic-photo-intelligence\car_angle_dataset\90\236792.jpeg,90,256,144,3198,none,.jpeg
0__none__481178,C:\Users\aryan\OneDrive\Desktop\project_new\semantic-photo-intelligence\car_angle_dataset\0\481178.jpeg,0,256,192,7205,none,.jpeg
180__none__396502,C:\Users\aryan\OneDrive\Desktop\project_new\semantic-photo-intelligence\car_angle_dataset\180\396502.jpeg,180,256,144,4350,none,.jpeg
90__none__93254,C:\Users\aryan\OneDrive\Desktop\project_new\semantic-photo-intelligence\car_angle_dataset\90\93254.jpeg,90,256,144,4699,none,.jpeg
0__none__447068,C:\Users\aryan\OneDrive\Desktop\project_new\semantic-photo-intelligence\car_angle_dataset\0\447068.jpeg,0,256,192,5706,none,.jpeg
0__none__178852,C:\Users\aryan\OneDrive\Desktop\project_new\semantic-photo-intelligence\car_angle_dataset\0\178852.jpeg,0,256,144,3710,none,.jpeg
0__none__396883,C:\Users\aryan\OneDrive\Desktop\project_new\semantic-photo-intelligence\car_angle_dataset\0\396883.jpeg,0,256,192,8417,none,.jpeg
270__none__451367,C:\Users\aryan\OneDrive\Desktop\project_new\semantic-photo-intelligence\car_angle_dataset\270\451367.jpeg,270,256,192,5253,none,.jpeg
180__none__298697,C:\Users\aryan\OneDrive\Desktop\project_new\semantic-photo-intelligence\car_angle_dataset\180\298697.jpeg,180,256,192,8274,none,.jpeg
130__none__445022,C:\Users\aryan\OneDrive\Desktop\project_new\semantic-photo-intelligence\car_angle_dataset\130\445022.jpeg,130,256,170,5928,none,.jpeg
0__none__423443,C:\Users\aryan\OneDrive\Desktop\project_new\semantic-photo-intelligence\car_angle_dataset\0\423443.jpeg,0,256,192,7587,none,.jpeg
90__none__65017,C:\Users\aryan\OneDrive\Desktop\project_new\semantic-photo-intelligence\car_angle_dataset\90\65017.jpeg,90,256,144,4279,none,.jpeg
0__none__400761,C:\Users\aryan\OneDrive\Desktop\project_new\semantic-photo-intelligence\car_angle_dataset\0\400761.jpeg,0,256,192,8447,none,.jpeg
130__none__149106,C:\Users\aryan\OneDrive\Desktop\project_new\semantic-photo-intelligence\car_angle_dataset\130\149106.jpeg,130,256,144,3606,none,.jpeg
180__none__373387,C:\Users\aryan\OneDrive\Desktop\project_new\semantic-photo-intelligence\car_angle_dataset\180\373387.jpeg,180,256,144,3611,none,.jpeg
130__none__354309,C:\Users\aryan\OneDrive\Desktop\project_new\semantic-photo-intelligence\car_angle_dataset\130\354309.jpeg,130,256,144,3680,none,.jpeg
0__none__305133,C:\Users\aryan\OneDrive\Desktop\project_new\semantic-photo-intelligence\car_angle_dataset\0\305133.jpeg,0,256,144,3440,none,.jpeg
90__none__166654,C:\Users\aryan\OneDrive\Desktop\project_new\semantic-photo-intelligence\car_angle_dataset\90\166654.jpeg,90,256,144,4162,none,.jpeg
130__none__432011,C:\Users\aryan\OneDrive\Desktop\project_new\semantic-photo-intelligence\car_angle_dataset\130\432011.jpeg,130,256,192,4409,none,.jpeg
270__none__251814,C:\Users\aryan\OneDrive\Desktop\project_new\semantic-photo-intelligence\car_angle_dataset\270\251814.jpeg,270,256,144,5212,none,.jpeg
270__none__222501,C:\Users\aryan\OneDrive\Desktop\project_new\semantic-photo-intelligence\car_angle_dataset\270\222501.jpeg,270,256,144,4890,none,.jpeg
270__none__264586,C:\Users\aryan\OneDrive\Desktop\project_new\semantic-photo-intelligence\car_angle_dataset\270\264586.jpeg,270,256,144,4777,none,.jpeg
130__none__270283,C:\Users\aryan\OneDrive\Desktop\project_new\semantic-photo-intelligence\car_angle_dataset\130\270283.jpeg,130,256,144,4344,none,.jpeg
0__none__287193,C:\Users\aryan\OneDrive\Desktop\project_new\semantic-photo-intelligence\car_angle_dataset\0\287193.jpeg,0,256,144,4396,none,.jpeg
270__none__191601,C:\Users\aryan\OneDrive\Desktop\project_new\semantic-photo-intelligence\car_angle_dataset\270\191601.jpeg,270,256,144,3832,none,.jpeg
130__none__355619,C:\Users\aryan\OneDrive\Desktop\project_new\semantic-photo-intelligence\car_angle_dataset\130\355619.jpeg,130,256,144,4712,none,.jpeg
270__none__416800,C:\Users\aryan\OneDrive\Desktop\project_new\semantic-photo-intelligence\car_angle_dataset\270\416800.jpeg,270,256,144,3102,none,.jpeg
180__none__466627,C:\Users\aryan\OneDrive\Desktop\project_new\semantic-photo-intelligence\car_angle_dataset\180\466627.jpeg,180,256,170,5833,none,.jpeg
130__none__80306,C:\Users\aryan\OneDrive\Desktop\project_new\semantic-photo-intelligence\car_angle_dataset\130\80306.jpeg,130,256,144,4208,none,.jpeg
90__none__143422,C:\Users\aryan\OneDrive\Desktop\project_new\semantic-photo-intelligence\car_angle_dataset\90\143422.jpeg,90,256,144,3991,none,.jpeg
0__none__499512,C:\Users\aryan\OneDrive\Desktop\project_new\semantic-photo-intelligence\car_angle_dataset\0\499512.jpeg,0,256,144,2414,none,.jpeg
270__none__410224,C:\Users\aryan\OneDrive\Desktop\project_new\semantic-photo-intelligence\car_angle_dataset\270\410224.jpeg,270,256,144,3963,none,.jpeg
0__none__465846,C:\Users\aryan\OneDrive\Desktop\project_new\semantic-photo-intelligence\car_angle_dataset\0\465846.jpeg,0,256,192,3304,none,.jpeg
130__none__304638,C:\Users\aryan\OneDrive\Desktop\project_new\semantic-photo-intelligence\car_angle_dataset\130\304638.jpeg,130,256,144,4497,none,.jpeg
0__none__127962,C:\Users\aryan\OneDrive\Desktop\project_new\semantic-photo-intelligence\car_angle_dataset\0\127962.jpeg,0,256,192,7783,none,.jpeg
180__none__145372,C:\Users\aryan\OneDrive\Desktop\project_new\semantic-photo-intelligence\car_angle_dataset\180\145372.jpeg,180,256,192,4631,none,.jpeg
130__none__444328,C:\Users\aryan\OneDrive\Desktop\project_new\semantic-photo-intelligence\car_angle_dataset\130\444328.jpeg,130,256,192,4227,none,.jpeg
180__none__281063,C:\Users\aryan\OneDrive\Desktop\project_new\semantic-photo-intelligence\car_angle_dataset\180\281063.jpeg,180,256,144,3086,none,.jpeg
180__none__423954,C:\Users\aryan\OneDrive\Desktop\project_new\semantic-photo-intelligence\car_angle_dataset\180\423954.jpeg,180,256,144,4211,none,.jpeg
0__none__282382,C:\Users\aryan\OneDrive\Desktop\project_new\semantic-photo-intelligence\car_angle_dataset\0\282382.jpeg,0,256,192,8063,none,.jpeg
90__none__232195,C:\Users\aryan\OneDrive\Desktop\project_new\semantic-photo-intelligence\car_angle_dataset\90\232195.jpeg,90,256,192,5688,none,.jpeg
90__none__88634,C:\Users\aryan\OneDrive\Desktop\project_new\semantic-photo-intelligence\car_angle_dataset\90\88634.jpeg,90,256,192,4464,none,.jpeg
180__none__192433,C:\Users\aryan\OneDrive\Desktop\project_new\semantic-photo-intelligence\car_angle_dataset\180\192433.jpeg,180,256,192,4063,none,.jpeg
90__none__196341,C:\Users\aryan\OneDrive\Desktop\project_new\semantic-photo-intelligence\car_angle_dataset\90\196341.jpeg,90,256,192,6253,none,.jpeg
90__none__18704,C:\Users\aryan\OneDrive\Desktop\project_new\semantic-photo-intelligence\car_angle_dataset\90\18704.jpeg,90,256,144,4108,none,.jpeg
180__none__155397,C:\Users\aryan\OneDrive\Desktop\project_new\semantic-photo-intelligence\car_angle_dataset\180\155397.jpeg,180,256,192,4700,none,.jpeg
270__none__185452,C:\Users\aryan\OneDrive\Desktop\project_new\semantic-photo-intelligence\car_angle_dataset\270\185452.jpeg,270,256,144,3391,none,.jpeg
130__none__146290,C:\Users\aryan\OneDrive\Desktop\project_new\semantic-photo-intelligence\car_angle_dataset\130\146290.jpeg,130,256,192,4396,none,.jpeg
180__none__127726,C:\Users\aryan\OneDrive\Desktop\project_new\semantic-photo-intelligence\car_angle_dataset\180\127726.jpeg,180,256,144,5289,none,.jpeg
90__none__133276,C:\Users\aryan\OneDrive\Desktop\project_new\semantic-photo-intelligence\car_angle_dataset\90\133276.jpeg,90,256,170,4326,none,.jpeg
270__none__464143,C:\Users\aryan\OneDrive\Desktop\project_new\semantic-photo-intelligence\car_angle_dataset\270\464143.jpeg,270,256,192,5415,none,.jpeg
180__none__237611,C:\Users\aryan\OneDrive\Desktop\project_new\semantic-photo-intelligence\car_angle_dataset\180\237611.jpeg,180,256,192,6689,none,.jpeg
180__none__76533,C:\Users\aryan\OneDrive\Desktop\project_new\semantic-photo-intelligence\car_angle_dataset\180\76533.jpeg,180,256,144,4139,none,.jpeg
0__none__222431,C:\Users\aryan\OneDrive\Desktop\project_new\semantic-photo-intelligence\car_angle_dataset\0\222431.jpeg,0,256,144,3388,none,.jpeg
180__none__354355,C:\Users\aryan\OneDrive\Desktop\project_new\semantic-photo-intelligence\car_angle_dataset\180\354355.jpeg,180,256,144,2720,none,.jpeg
90__none__8345,C:\Users\aryan\OneDrive\Desktop\project_new\semantic-photo-intelligence\car_angle_dataset\90\8345.jpeg,90,256,144,5031,none,.jpeg
180__none__76036,C:\Users\aryan\OneDrive\Desktop\project_new\semantic-photo-intelligence\car_angle_dataset\180\76036.jpeg,180,256,144,3380,none,.jpeg
90__none__51072,C:\Users\aryan\OneDrive\Desktop\project_new\semantic-photo-intelligence\car_angle_dataset\90\51072.jpeg,90,256,144,4745,none,.jpeg
180__none__355052,C:\Users\aryan\OneDrive\Desktop\project_new\semantic-photo-intelligence\car_angle_dataset\180\355052.jpeg,180,256,144,2693,none,.jpeg
180__none__476720,C:\Users\aryan\OneDrive\Desktop\project_new\semantic-photo-intelligence\car_angle_dataset\180\476720.jpeg,180,256,192,4618,none,.jpeg
180__none__89828,C:\Users\aryan\OneDrive\Desktop\project_new\semantic-photo-intelligence\car_angle_dataset\180\89828.jpeg,180,256,144,4192,none,.jpeg
130__none__498900,C:\Users\aryan\OneDrive\Desktop\project_new\semantic-photo-intelligence\car_angle_dataset\130\498900.jpeg,130,256,192,4668,none,.jpeg
270__none__303846,C:\Users\aryan\OneDrive\Desktop\project_new\semantic-photo-intelligence\car_angle_dataset\270\303846.jpeg,270,256,192,4728,none,.jpeg
0__none__199685,C:\Users\aryan\OneDrive\Desktop\project_new\semantic-photo-intelligence\car_angle_dataset\0\199685.jpeg,0,256,144,3953,none,.jpeg
0__none__206651,C:\Users\aryan\OneDrive\Desktop\project_new\semantic-photo-intelligence\car_angle_dataset\0\206651.jpeg,0,256,192,4196,none,.jpeg
180__none__441799,C:\Users\aryan\OneDrive\Desktop\project_new\semantic-photo-intelligence\car_angle_dataset\180\441799.jpeg,180,256,144,2995,none,.jpeg
130__none__202638,C:\Users\aryan\OneDrive\Desktop\project_new\semantic-photo-intelligence\car_angle_dataset\130\202638.jpeg,130,256,144,4474,none,.jpeg
0__none__407234,C:\Users\aryan\OneDrive\Desktop\project_new\semantic-photo-intelligence\car_angle_dataset\0\407234.jpeg,0,256,144,3983,none,.jpeg
0__none__325723,C:\Users\aryan\OneDrive\Desktop\project_new\semantic-photo-intelligence\car_angle_dataset\0\325723.jpeg,0,256,192,7604,none,.jpeg
180__none__398011,C:\Users\aryan\OneDrive\Desktop\project_new\semantic-photo-intelligence\car_angle_dataset\180\398011.jpeg,180,256,192,8493,none,.jpeg
270__none__314772,C:\Users\aryan\OneDrive\Desktop\project_new\semantic-photo-intelligence\car_angle_dataset\270\314772.jpeg,270,256,192,4658,none,.jpeg
0__none__267640,C:\Users\aryan\OneDrive\Desktop\project_new\semantic-photo-intelligence\car_angle_dataset\0\267640.jpeg,0,256,144,4538,none,.jpeg
270__none__369679,C:\Users\aryan\OneDrive\Desktop\project_new\semantic-photo-intelligence\car_angle_dataset\270\369679.jpeg,270,256,192,3875,none,.jpeg
130__none__297965,C:\Users\aryan\OneDrive\Desktop\project_new\semantic-photo-intelligence\car_angle_dataset\130\297965.jpeg,130,256,144,4210,none,.jpeg
90__none__88648,C:\Users\aryan\OneDrive\Desktop\project_new\semantic-photo-intelligence\car_angle_dataset\90\88648.jpeg,90,256,144,4419,none,.jpeg
180__none__411304,C:\Users\aryan\OneDrive\Desktop\project_new\semantic-photo-intelligence\car_angle_dataset\180\411304.jpeg,180,256,192,2697,none,.jpeg
0__none__149370,C:\Users\aryan\OneDrive\Desktop\project_new\semantic-photo-intelligence\car_angle_dataset\0\149370.jpeg,0,256,192,7253,none,.jpeg
130__none__455282,C:\Users\aryan\OneDrive\Desktop\project_new\semantic-photo-intelligence\car_angle_dataset\130\455282.jpeg,130,256,192,4404,none,.jpeg
270__none__363820,C:\Users\aryan\OneDrive\Desktop\project_new\semantic-photo-intelligence\car_angle_dataset\270\363820.jpeg,270,256,144,4624,none,.jpeg
130__none__376766,C:\Users\aryan\OneDrive\Desktop\project_new\semantic-photo-intelligence\car_angle_dataset\130\376766.jpeg,130,256,144,3674,none,.jpeg
180__none__478184,C:\Users\aryan\OneDrive\Desktop\project_new\semantic-photo-intelligence\car_angle_dataset\180\478184.jpeg,180,256,191,6455,none,.jpeg
130__none__241580,C:\Users\aryan\OneDrive\Desktop\project_new\semantic-photo-intelligence\car_angle_dataset\130\241580.jpeg,130,256,144,5415,none,.jpeg
130__none__468043,C:\Users\aryan\OneDrive\Desktop\project_new\semantic-photo-intelligence\car_angle_dataset\130\468043.jpeg,130,256,144,3973,none,.jpeg
180__none__454480,C:\Users\aryan\OneDrive\Desktop\project_new\semantic-photo-intelligence\car_angle_dataset\180\454480.jpeg,180,256,192,5722,none,.jpeg
180__none__489128,C:\Users\aryan\OneDrive\Desktop\project_new\semantic-photo-intelligence\car_angle_dataset\180\489128.jpeg,180,256,192,6386,none,.jpeg
0__none__190155,C:\Users\aryan\OneDrive\Desktop\project_new\semantic-photo-intelligence\car_angle_dataset\0\190155.jpeg,0,256,203,4534,none,.jpeg
180__none__490200,C:\Users\aryan\OneDrive\Desktop\project_new\semantic-photo-intelligence\car_angle_dataset\180\490200.jpeg,180,256,192,5436,none,.jpeg
0__none__420747,C:\Users\aryan\OneDrive\Desktop\project_new\semantic-photo-intelligence\car_angle_dataset\0\420747.jpeg,0,256,191,5876,none,.jpeg
180__none__231657,C:\Users\aryan\OneDrive\Desktop\project_new\semantic-photo-intelligence\car_angle_dataset\180\231657.jpeg,180,256,144,3353,none,.jpeg
90__none__173797,C:\Users\aryan\OneDrive\Desktop\project_new\semantic-photo-intelligence\car_angle_dataset\90\173797.jpeg,90,256,144,3625,none,.jpeg
90__none__186294,C:\Users\aryan\OneDrive\Desktop\project_new\semantic-photo-intelligence\car_angle_dataset\90\186294.jpeg,90,256,144,3515,none,.jpeg
180__none__66791,C:\Users\aryan\OneDrive\Desktop\project_new\semantic-photo-intelligence\car_angle_dataset\180\66791.jpeg,180,256,192,7228,none,.jpeg
90__none__44406,C:\Users\aryan\OneDrive\Desktop\project_new\semantic-photo-intelligence\car_angle_dataset\90\44406.jpeg,90,256,144,5715,none,.jpeg
130__none__123507,C:\Users\aryan\OneDrive\Desktop\project_new\semantic-photo-intelligence\car_angle_dataset\130\123507.jpeg,130,256,144,4755,none,.jpeg
90__none__302385,C:\Users\aryan\OneDrive\Desktop\project_new\semantic-photo-intelligence\car_angle_dataset\90\302385.jpeg,90,256,144,4107,none,.jpeg
0__none__376368,C:\Users\aryan\OneDrive\Desktop\project_new\semantic-photo-intelligence\car_angle_dataset\0\376368.jpeg,0,256,192,5561,none,.jpeg
90__none__290350,C:\Users\aryan\OneDrive\Desktop\project_new\semantic-photo-intelligence\car_angle_dataset\90\290350.jpeg,90,256,192,4748,none,.jpeg
180__none__61239,C:\Users\aryan\OneDrive\Desktop\project_new\semantic-photo-intelligence\car_angle_dataset\180\61239.jpeg,180,256,192,4951,none,.jpeg
130__none__147832,C:\Users\aryan\OneDrive\Desktop\project_new\semantic-photo-intelligence\car_angle_dataset\130\147832.jpeg,130,256,144,4332,none,.jpeg
130__none__186969,C:\Users\aryan\OneDrive\Desktop\project_new\semantic-photo-intelligence\car_angle_dataset\130\186969.jpeg,130,256,192,3986,none,.jpeg
130__none__199589,C:\Users\aryan\OneDrive\Desktop\project_new\semantic-photo-intelligence\car_angle_dataset\130\199589.jpeg,130,256,144,3535,none,.jpeg
90__none__82247,C:\Users\aryan\OneDrive\Desktop\project_new\semantic-photo-intelligence\car_angle_dataset\90\82247.jpeg,90,256,192,4595,none,.jpeg
180__none__384099,C:\Users\aryan\OneDrive\Desktop\project_new\semantic-photo-intelligence\car_angle_dataset\180\384099.jpeg,180,256,192,3249,none,.jpeg
0__none__440848,C:\Users\aryan\OneDrive\Desktop\project_new\semantic-photo-intelligence\car_angle_dataset\0\440848.jpeg,0,256,170,7760,none,.jpeg
90__none__207996,C:\Users\aryan\OneDrive\Desktop\project_new\semantic-photo-intelligence\car_angle_dataset\90\207996.jpeg,90,256,192,6214,none,.jpeg
0__none__387081,C:\Users\aryan\OneDrive\Desktop\project_new\semantic-photo-intelligence\car_angle_dataset\0\387081.jpeg,0,192,256,5214,none,.jpeg
180__none__163948,C:\Users\aryan\OneDrive\Desktop\project_new\semantic-photo-intelligence\car_angle_dataset\180\163948.jpeg,180,256,192,7492,none,.jpeg
180__none__370706,C:\Users\aryan\OneDrive\Desktop\project_new\semantic-photo-intelligence\car_angle_dataset\180\370706.jpeg,180,256,192,3686,none,.jpeg
270__none__352969,C:\Users\aryan\OneDrive\Desktop\project_new\semantic-photo-intelligence\car_angle_dataset\270\352969.jpeg,270,256,192,4194,none,.jpeg
180__none__157407,C:\Users\aryan\OneDrive\Desktop\project_new\semantic-photo-intelligence\car_angle_dataset\180\157407.jpeg,180,256,192,8279,none,.jpeg
0__none__220468,C:\Users\aryan\OneDrive\Desktop\project_new\semantic-photo-intelligence\car_angle_dataset\0\220468.jpeg,0,256,144,4485,none,.jpeg
0__none__307214,C:\Users\aryan\OneDrive\Desktop\project_new\semantic-photo-intelligence\car_angle_dataset\0\307214.jpeg,0,256,144,3937,none,.jpeg
270__none__462545,C:\Users\aryan\OneDrive\Desktop\project_new\semantic-photo-intelligence\car_angle_dataset\270\462545.jpeg,270,256,192,4623,none,.jpeg
90__none__153105,C:\Users\aryan\OneDrive\Desktop\project_new\semantic-photo-intelligence\car_angle_dataset\90\153105.jpeg,90,256,144,5032,none,.jpeg
0__none__210467,C:\Users\aryan\OneDrive\Desktop\project_new\semantic-photo-intelligence\car_angle_dataset\0\210467.jpeg,0,256,192,4960,none,.jpeg
180__none__337721,C:\Users\aryan\OneDrive\Desktop\project_new\semantic-photo-intelligence\car_angle_dataset\180\337721.jpeg,180,256,144,3929,none,.jpeg
90__none__146953,C:\Users\aryan\OneDrive\Desktop\project_new\semantic-photo-intelligence\car_angle_dataset\90\146953.jpeg,90,256,144,4317,none,.jpeg
90__none__114175,C:\Users\aryan\OneDrive\Desktop\project_new\semantic-photo-intelligence\car_angle_dataset\90\114175.jpeg,90,256,192,4623,none,.jpeg
180__none__373620,C:\Users\aryan\OneDrive\Desktop\project_new\semantic-photo-intelligence\car_angle_dataset\180\373620.jpeg,180,256,192,3688,none,.jpeg
270__none__228497,C:\Users\aryan\OneDrive\Desktop\project_new\semantic-photo-intelligence\car_angle_dataset\270\228497.jpeg,270,256,192,4670,none,.jpeg
130__none__442428,C:\Users\aryan\OneDrive\Desktop\project_new\semantic-photo-intelligence\car_angle_dataset\130\442428.jpeg,130,256,170,5005,none,.jpeg
0__none__167465,C:\Users\aryan\OneDrive\Desktop\project_new\semantic-photo-intelligence\car_angle_dataset\0\167465.jpeg,0,256,144,4080,none,.jpeg
270__none__469783,C:\Users\aryan\OneDrive\Desktop\project_new\semantic-photo-intelligence\car_angle_dataset\270\469783.jpeg,270,256,192,4496,none,.jpeg
130__none__474480,C:\Users\aryan\OneDrive\Desktop\project_new\semantic-photo-intelligence\car_angle_dataset\130\474480.jpeg,130,256,192,4367,none,.jpeg
0__none__450151,C:\Users\aryan\OneDrive\Desktop\project_new\semantic-photo-intelligence\car_angle_dataset\0\450151.jpeg,0,256,144,3256,none,.jpeg
0__none__98760,C:\Users\aryan\OneDrive\Desktop\project_new\semantic-photo-intelligence\car_angle_dataset\0\98760.jpeg,0,256,144,4974,none,.jpeg
270__none__237069,C:\Users\aryan\OneDrive\Desktop\project_new\semantic-photo-intelligence\car_angle_dataset\270\237069.jpeg,270,256,137,5183,none,.jpeg
0__none__194014,C:\Users\aryan\OneDrive\Desktop\project_new\semantic-photo-intelligence\car_angle_dataset\0\194014.jpeg,0,256,192,8461,none,.jpeg
90__none__188937,C:\Users\aryan\OneDrive\Desktop\project_new\semantic-photo-intelligence\car_angle_dataset\90\188937.jpeg,90,256,144,4825,none,.jpeg
90__none__151721,C:\Users\aryan\OneDrive\Desktop\project_new\semantic-photo-intelligence\car_angle_dataset\90\151721.jpeg,90,256,192,5760,none,.jpeg
130__none__236038,C:\Users\aryan\OneDrive\Desktop\project_new\semantic-photo-intelligence\car_angle_dataset\130\236038.jpeg,130,256,144,4640,none,.jpeg
0__none__396086,C:\Users\aryan\OneDrive\Desktop\project_new\semantic-photo-intelligence\car_angle_dataset\0\396086.jpeg,0,256,170,8606,none,.jpeg
180__none__63365,C:\Users\aryan\OneDrive\Desktop\project_new\semantic-photo-intelligence\car_angle_dataset\180\63365.jpeg,180,256,191,4808,none,.jpeg
130__none__405428,C:\Users\aryan\OneDrive\Desktop\project_new\semantic-photo-intelligence\car_angle_dataset\130\405428.jpeg,130,256,192,4488,none,.jpeg
0__none__454256,C:\Users\aryan\OneDrive\Desktop\project_new\semantic-photo-intelligence\car_angle_dataset\0\454256.jpeg,0,256,192,5030,none,.jpeg
0__none__203155,C:\Users\aryan\OneDrive\Desktop\project_new\semantic-photo-intelligence\car_angle_dataset\0\203155.jpeg,0,256,192,6507,none,.jpeg
90__none__86885,C:\Users\aryan\OneDrive\Desktop\project_new\semantic-photo-intelligence\car_angle_dataset\90\86885.jpeg,90,256,144,4932,none,.jpeg
0__none__460471,C:\Users\aryan\OneDrive\Desktop\project_new\semantic-photo-intelligence\car_angle_dataset\0\460471.jpeg,0,256,192,7136,none,.jpeg
180__none__350998,C:\Users\aryan\OneDrive\Desktop\project_new\semantic-photo-intelligence\car_angle_dataset\180\350998.jpeg,180,256,144,3305,none,.jpeg
0__none__236409,C:\Users\aryan\OneDrive\Desktop\project_new\semantic-photo-intelligence\car_angle_dataset\0\236409.jpeg,0,256,144,2950,none,.jpeg
130__none__376936,C:\Users\aryan\OneDrive\Desktop\project_new\semantic-photo-intelligence\car_angle_dataset\130\376936.jpeg,130,256,144,5919,none,.jpeg
270__none__340402,C:\Users\aryan\OneDrive\Desktop\project_new\semantic-photo-intelligence\car_angle_dataset\270\340402.jpeg,270,256,144,5005,none,.jpeg
180__none__70076,C:\Users\aryan\OneDrive\Desktop\project_new\semantic-photo-intelligence\car_angle_dataset\180\70076.jpeg,180,256,144,3590,none,.jpeg
0__none__225631,C:\Users\aryan\OneDrive\Desktop\project_new\semantic-photo-intelligence\car_angle_dataset\0\225631.jpeg,0,256,144,4300,none,.jpeg
130__none__405108,C:\Users\aryan\OneDrive\Desktop\project_new\semantic-photo-intelligence\car_angle_dataset\130\405108.jpeg,130,256,192,5647,none,.jpeg
270__none__184989,C:\Users\aryan\OneDrive\Desktop\project_new\semantic-photo-intelligence\car_angle_dataset\270\184989.jpeg,270,256,144,5068,none,.jpeg
0__none__118693,C:\Users\aryan\OneDrive\Desktop\project_new\semantic-photo-intelligence\car_angle_dataset\0\118693.jpeg,0,256,144,3403,none,.jpeg
180__none__110436,C:\Users\aryan\OneDrive\Desktop\project_new\semantic-photo-intelligence\car_angle_dataset\180\110436.jpeg,180,256,144,4136,none,.jpeg
270__none__280661,C:\Users\aryan\OneDrive\Desktop\project_new\semantic-photo-intelligence\car_angle_dataset\270\280661.jpeg,270,256,144,3583,none,.jpeg
180__none__148252,C:\Users\aryan\OneDrive\Desktop\project_new\semantic-photo-intelligence\car_angle_dataset\180\148252.jpeg,180,256,191,3642,none,.jpeg
0__none__245573,C:\Users\aryan\OneDrive\Desktop\project_new\semantic-photo-intelligence\car_angle_dataset\0\245573.jpeg,0,256,170,5024,none,.jpeg
90__none__24263,C:\Users\aryan\OneDrive\Desktop\project_new\semantic-photo-intelligence\car_angle_dataset\90\24263.jpeg,90,256,192,4793,none,.jpeg
180__none__486242,C:\Users\aryan\OneDrive\Desktop\project_new\semantic-photo-intelligence\car_angle_dataset\180\486242.jpeg,180,256,162,5395,none,.jpeg
0__none__234490,C:\Users\aryan\OneDrive\Desktop\project_new\semantic-photo-intelligence\car_angle_dataset\0\234490.jpeg,0,256,144,4696,none,.jpeg
90__none__307551,C:\Users\aryan\OneDrive\Desktop\project_new\semantic-photo-intelligence\car_angle_dataset\90\307551.jpeg,90,256,144,4141,none,.jpeg
90__none__161358,C:\Users\aryan\OneDrive\Desktop\project_new\semantic-photo-intelligence\car_angle_dataset\90\161358.jpeg,90,256,144,3866,none,.jpeg
90__none__91558,C:\Users\aryan\OneDrive\Desktop\project_new\semantic-photo-intelligence\car_angle_dataset\90\91558.jpeg,90,256,144,5412,none,.jpeg
130__none__183386,C:\Users\aryan\OneDrive\Desktop\project_new\semantic-photo-intelligence\car_angle_dataset\130\183386.jpeg,130,256,192,5588,none,.jpeg
180__none__373739,C:\Users\aryan\OneDrive\Desktop\project_new\semantic-photo-intelligence\car_angle_dataset\180\373739.jpeg,180,256,144,3968,none,.jpeg
270__none__258036,C:\Users\aryan\OneDrive\Desktop\project_new\semantic-photo-intelligence\car_angle_dataset\270\258036.jpeg,270,256,144,4826,none,.jpeg
130__none__325852,C:\Users\aryan\OneDrive\Desktop\project_new\semantic-photo-intelligence\car_angle_dataset\130\325852.jpeg,130,256,144,4442,none,.jpeg
270__none__327779,C:\Users\aryan\OneDrive\Desktop\project_new\semantic-photo-intelligence\car_angle_dataset\270\327779.jpeg,270,256,192,4565,none,.jpeg
90__none__183413,C:\Users\aryan\OneDrive\Desktop\project_new\semantic-photo-intelligence\car_angle_dataset\90\183413.jpeg,90,256,144,3504,none,.jpeg
90__none__10427,C:\Users\aryan\OneDrive\Desktop\project_new\semantic-photo-intelligence\car_angle_dataset\90\10427.jpeg,90,256,144,4908,none,.jpeg
180__none__93770,C:\Users\aryan\OneDrive\Desktop\project_new\semantic-photo-intelligence\car_angle_dataset\180\93770.jpeg,180,256,144,3110,none,.jpeg
130__none__345080,C:\Users\aryan\OneDrive\Desktop\project_new\semantic-photo-intelligence\car_angle_dataset\130\345080.jpeg,130,256,144,4368,none,.jpeg
90__none__23660,C:\Users\aryan\OneDrive\Desktop\project_new\semantic-photo-intelligence\car_angle_dataset\90\23660.jpeg,90,256,192,5018,none,.jpeg
90__none__303402,C:\Users\aryan\OneDrive\Desktop\project_new\semantic-photo-intelligence\car_angle_dataset\90\303402.jpeg,90,256,144,2503,none,.jpeg
130__none__369503,C:\Users\aryan\OneDrive\Desktop\project_new\semantic-photo-intelligence\car_angle_dataset\130\369503.jpeg,130,256,144,3599,none,.jpeg
0__none__470182,C:\Users\aryan\OneDrive\Desktop\project_new\semantic-photo-intelligence\car_angle_dataset\0\470182.jpeg,0,256,192,7420,none,.jpeg
90__none__135144,C:\Users\aryan\OneDrive\Desktop\project_new\semantic-photo-intelligence\car_angle_dataset\90\135144.jpeg,90,256,144,4538,none,.jpeg
130__none__94901,C:\Users\aryan\OneDrive\Desktop\project_new\semantic-photo-intelligence\car_angle_dataset\130\94901.jpeg,130,256,144,4899,none,.jpeg
130__none__449856,C:\Users\aryan\OneDrive\Desktop\project_new\semantic-photo-intelligence\car_angle_dataset\130\449856.jpeg,130,256,144,4359,none,.jpeg
130__none__149208,C:\Users\aryan\OneDrive\Desktop\project_new\semantic-photo-intelligence\car_angle_dataset\130\149208.jpeg,130,256,144,4371,none,.jpeg
270__none__410035,C:\Users\aryan\OneDrive\Desktop\project_new\semantic-photo-intelligence\car_angle_dataset\270\410035.jpeg,270,256,144,3383,none,.jpeg
90__none__70077,C:\Users\aryan\OneDrive\Desktop\project_new\semantic-photo-intelligence\car_angle_dataset\90\70077.jpeg,90,256,144,5070,none,.jpeg
130__none__158759,C:\Users\aryan\OneDrive\Desktop\project_new\semantic-photo-intelligence\car_angle_dataset\130\158759.jpeg,130,256,144,5110,none,.jpeg
90__none__24633,C:\Users\aryan\OneDrive\Desktop\project_new\semantic-photo-intelligence\car_angle_dataset\90\24633.jpeg,90,256,192,4346,none,.jpeg
270__none__417603,C:\Users\aryan\OneDrive\Desktop\project_new\semantic-photo-intelligence\car_angle_dataset\270\417603.jpeg,270,256,192,5518,none,.jpeg
130__none__185748,C:\Users\aryan\OneDrive\Desktop\project_new\semantic-photo-intelligence\car_angle_dataset\130\185748.jpeg,130,256,144,6267,none,.jpeg
0__none__462217,C:\Users\aryan\OneDrive\Desktop\project_new\semantic-photo-intelligence\car_angle_dataset\0\462217.jpeg,0,256,192,6009,none,.jpeg
130__none__112829,C:\Users\aryan\OneDrive\Desktop\project_new\semantic-photo-intelligence\car_angle_dataset\130\112829.jpeg,130,256,192,6522,none,.jpeg
0__none__463325,C:\Users\aryan\OneDrive\Desktop\project_new\semantic-photo-intelligence\car_angle_dataset\0\463325.jpeg,0,256,192,8407,none,.jpeg
0__none__100182,C:\Users\aryan\OneDrive\Desktop\project_new\semantic-photo-intelligence\car_angle_dataset\0\100182.jpeg,0,256,157,4912,none,.jpeg
130__none__447027,C:\Users\aryan\OneDrive\Desktop\project_new\semantic-photo-intelligence\car_angle_dataset\130\447027.jpeg,130,256,144,5801,none,.jpeg
270__none__422683,C:\Users\aryan\OneDrive\Desktop\project_new\semantic-photo-intelligence\car_angle_dataset\270\422683.jpeg,270,256,192,5289,none,.jpeg
270__none__350137,C:\Users\aryan\OneDrive\Desktop\project_new\semantic-photo-intelligence\car_angle_dataset\270\350137.jpeg,270,256,144,3947,none,.jpeg
130__none__79591,C:\Users\aryan\OneDrive\Desktop\project_new\semantic-photo-intelligence\car_angle_dataset\130\79591.jpeg,130,256,144,4913,none,.jpeg
0__none__482670,C:\Users\aryan\OneDrive\Desktop\project_new\semantic-photo-intelligence\car_angle_dataset\0\482670.jpeg,0,256,192,5897,none,.jpeg
130__none__474520,C:\Users\aryan\OneDrive\Desktop\project_new\semantic-photo-intelligence\car_angle_dataset\130\474520.jpeg,130,256,192,9402,none,.jpeg
270__none__432034,C:\Users\aryan\OneDrive\Desktop\project_new\semantic-photo-intelligence\car_angle_dataset\270\432034.jpeg,270,256,192,5711,none,.jpeg
180__none__72409,C:\Users\aryan\OneDrive\Desktop\project_new\semantic-photo-intelligence\car_angle_dataset\180\72409.jpeg,180,256,179,7052,none,.jpeg
90__none__247018,C:\Users\aryan\OneDrive\Desktop\project_new\semantic-photo-intelligence\car_angle_dataset\90\247018.jpeg,90,256,144,4685,none,.jpeg
0__none__471089,C:\Users\aryan\OneDrive\Desktop\project_new\semantic-photo-intelligence\car_angle_dataset\0\471089.jpeg,0,256,144,4259,none,.jpeg
130__none__88511,C:\Users\aryan\OneDrive\Desktop\project_new\semantic-photo-intelligence\car_angle_dataset\130\88511.jpeg,130,256,144,6085,none,.jpeg
90__none__259846,C:\Users\aryan\OneDrive\Desktop\project_new\semantic-photo-intelligence\car_angle_dataset\90\259846.jpeg,90,256,144,3846,none,.jpeg
90__none__113800,C:\Users\aryan\OneDrive\Desktop\project_new\semantic-photo-intelligence\car_angle_dataset\90\113800.jpeg,90,256,144,5261,none,.jpeg
180__none__489275,C:\Users\aryan\OneDrive\Desktop\project_new\semantic-photo-intelligence\car_angle_dataset\180\489275.jpeg,180,256,144,3147,none,.jpeg
130__none__467038,C:\Users\aryan\OneDrive\Desktop\project_new\semantic-photo-intelligence\car_angle_dataset\130\467038.jpeg,130,256,192,4323,none,.jpeg
180__none__177109,C:\Users\aryan\OneDrive\Desktop\project_new\semantic-photo-intelligence\car_angle_dataset\180\177109.jpeg,180,256,144,2732,none,.jpeg
90__none__322526,C:\Users\aryan\OneDrive\Desktop\project_new\semantic-photo-intelligence\car_angle_dataset\90\322526.jpeg,90,256,192,4972,none,.jpeg
90__none__329996,C:\Users\aryan\OneDrive\Desktop\project_new\semantic-photo-intelligence\car_angle_dataset\90\329996.jpeg,90,256,144,3878,none,.jpeg
270__none__289930,C:\Users\aryan\OneDrive\Desktop\project_new\semantic-photo-intelligence\car_angle_dataset\270\289930.jpeg,270,256,144,4911,none,.jpeg
130__none__258230,C:\Users\aryan\OneDrive\Desktop\project_new\semantic-photo-intelligence\car_angle_dataset\130\258230.jpeg,130,256,144,3993,none,.jpeg
180__none__308519,C:\Users\aryan\OneDrive\Desktop\project_new\semantic-photo-intelligence\car_angle_dataset\180\308519.jpeg,180,256,192,3535,none,.jpeg
0__none__312508,C:\Users\aryan\OneDrive\Desktop\project_new\semantic-photo-intelligence\car_angle_dataset\0\312508.jpeg,0,256,144,4657,none,.jpeg
130__none__410695,C:\Users\aryan\OneDrive\Desktop\project_new\semantic-photo-intelligence\car_angle_dataset\130\410695.jpeg,130,256,144,4829,none,.jpeg
0__none__239688,C:\Users\aryan\OneDrive\Desktop\project_new\semantic-photo-intelligence\car_angle_dataset\0\239688.jpeg,0,256,192,7220,none,.jpeg
130__none__437655,C:\Users\aryan\OneDrive\Desktop\project_new\semantic-photo-intelligence\car_angle_dataset\130\437655.jpeg,130,256,192,3518,none,.jpeg
0__none__295566,C:\Users\aryan\OneDrive\Desktop\project_new\semantic-photo-intelligence\car_angle_dataset\0\295566.jpeg,0,256,144,3100,none,.jpeg
130__none__349824,C:\Users\aryan\OneDrive\Desktop\project_new\semantic-photo-intelligence\car_angle_dataset\130\349824.jpeg,130,256,144,4041,none,.jpeg
90__none__284428,C:\Users\aryan\OneDrive\Desktop\project_new\semantic-photo-intelligence\car_angle_dataset\90\284428.jpeg,90,256,144,4270,none,.jpeg
130__none__389492,C:\Users\aryan\OneDrive\Desktop\project_new\semantic-photo-intelligence\car_angle_dataset\130\389492.jpeg,130,256,192,4200,none,.jpeg
130__none__183772,C:\Users\aryan\OneDrive\Desktop\project_new\semantic-photo-intelligence\car_angle_dataset\130\183772.jpeg,130,256,192,5588,none,.jpeg
0__none__189938,C:\Users\aryan\OneDrive\Desktop\project_new\semantic-photo-intelligence\car_angle_dataset\0\189938.jpeg,0,256,192,5874,none,.jpeg
180__none__179686,C:\Users\aryan\OneDrive\Desktop\project_new\semantic-photo-intelligence\car_angle_dataset\180\179686.jpeg,180,256,144,4454,none,.jpeg
130__none__232212,C:\Users\aryan\OneDrive\Desktop\project_new\semantic-photo-intelligence\car_angle_dataset\130\232212.jpeg,130,256,144,4638,none,.jpeg
0__none__325600,C:\Users\aryan\OneDrive\Desktop\project_new\semantic-photo-intelligence\car_angle_dataset\0\325600.jpeg,0,256,192,8399,none,.jpeg
0__none__137739,C:\Users\aryan\OneDrive\Desktop\project_new\semantic-photo-intelligence\car_angle_dataset\0\137739.jpeg,0,256,144,3744,none,.jpeg
180__none__229451,C:\Users\aryan\OneDrive\Desktop\project_new\semantic-photo-intelligence\car_angle_dataset\180\229451.jpeg,180,256,192,8137,none,.jpeg
130__none__105743,C:\Users\aryan\OneDrive\Desktop\project_new\semantic-photo-intelligence\car_angle_dataset\130\105743.jpeg,130,256,144,4441,none,.jpeg
90__none__154829,C:\Users\aryan\OneDrive\Desktop\project_new\semantic-photo-intelligence\car_angle_dataset\90\154829.jpeg,90,256,192,4466,none,.jpeg
0__none__432627,C:\Users\aryan\OneDrive\Desktop\project_new\semantic-photo-intelligence\car_angle_dataset\0\432627.jpeg,0,256,195,8167,none,.jpeg
0__none__127980,C:\Users\aryan\OneDrive\Desktop\project_new\semantic-photo-intelligence\car_angle_dataset\0\127980.jpeg,0,256,192,8835,none,.jpeg
130__none__310330,C:\Users\aryan\OneDrive\Desktop\project_new\semantic-photo-intelligence\car_angle_dataset\130\310330.jpeg,130,256,144,3548,none,.jpeg
90__none__238640,C:\Users\aryan\OneDrive\Desktop\project_new\semantic-photo-intelligence\car_angle_dataset\90\238640.jpeg,90,256,144,5223,none,.jpeg
270__none__481359,C:\Users\aryan\OneDrive\Desktop\project_new\semantic-photo-intelligence\car_angle_dataset\270\481359.jpeg,270,256,170,5002,none,.jpeg
270__none__285026,C:\Users\aryan\OneDrive\Desktop\project_new\semantic-photo-intelligence\car_angle_dataset\270\285026.jpeg,270,256,192,4868,none,.jpeg
130__none__130200,C:\Users\aryan\OneDrive\Desktop\project_new\semantic-photo-intelligence\car_angle_dataset\130\130200.jpeg,130,256,192,5649,none,.jpeg
270__none__192135,C:\Users\aryan\OneDrive\Desktop\project_new\semantic-photo-intelligence\car_angle_dataset\270\192135.jpeg,270,256,192,4867,none,.jpeg
90__none__178055,C:\Users\aryan\OneDrive\Desktop\project_new\semantic-photo-intelligence\car_angle_dataset\90\178055.jpeg,90,256,144,3812,none,.jpeg
0__none__380898,C:\Users\aryan\OneDrive\Desktop\project_new\semantic-photo-intelligence\car_angle_dataset\0\380898.jpeg,0,256,192,3590,none,.jpeg
0__none__350248,C:\Users\aryan\OneDrive\Desktop\project_new\semantic-photo-intelligence\car_angle_dataset\0\350248.jpeg,0,256,144,3849,none,.jpeg
90__none__77456,C:\Users\aryan\OneDrive\Desktop\project_new\semantic-photo-intelligence\car_angle_dataset\90\77456.jpeg,90,256,144,5755,none,.jpeg
0__none__166166,C:\Users\aryan\OneDrive\Desktop\project_new\semantic-photo-intelligence\car_angle_dataset\0\166166.jpeg,0,256,144,2415,none,.jpeg
0__none__488597,C:\Users\aryan\OneDrive\Desktop\project_new\semantic-photo-intelligence\car_angle_dataset\0\488597.jpeg,0,256,192,5311,none,.jpeg
90__none__123314,C:\Users\aryan\OneDrive\Desktop\project_new\semantic-photo-intelligence\car_angle_dataset\90\123314.jpeg,90,256,192,4704,none,.jpeg
0__none__264807,C:\Users\aryan\OneDrive\Desktop\project_new\semantic-photo-intelligence\car_angle_dataset\0\264807.jpeg,0,256,144,5269,none,.jpeg
0__none__448988,C:\Users\aryan\OneDrive\Desktop\project_new\semantic-photo-intelligence\car_angle_dataset\0\448988.jpeg,0,256,144,3603,none,.jpeg
130__none__105548,C:\Users\aryan\OneDrive\Desktop\project_new\semantic-photo-intelligence\car_angle_dataset\130\105548.jpeg,130,256,144,5020,none,.jpeg
0__none__316574,C:\Users\aryan\OneDrive\Desktop\project_new\semantic-photo-intelligence\car_angle_dataset\0\316574.jpeg,0,256,192,5340,none,.jpeg
90__none__6738,C:\Users\aryan\OneDrive\Desktop\project_new\semantic-photo-intelligence\car_angle_dataset\90\6738.jpeg,90,256,144,4247,none,.jpeg
180__none__438235,C:\Users\aryan\OneDrive\Desktop\project_new\semantic-photo-intelligence\car_angle_dataset\180\438235.jpeg,180,256,192,5271,none,.jpeg
0__none__115822,C:\Users\aryan\OneDrive\Desktop\project_new\semantic-photo-intelligence\car_angle_dataset\0\115822.jpeg,0,256,144,3662,none,.jpeg
180__none__431726,C:\Users\aryan\OneDrive\Desktop\project_new\semantic-photo-intelligence\car_angle_dataset\180\431726.jpeg,180,256,192,3496,none,.jpeg
130__none__244011,C:\Users\aryan\OneDrive\Desktop\project_new\semantic-photo-intelligence\car_angle_dataset\130\244011.jpeg,130,256,192,4668,none,.jpeg
270__none__454662,C:\Users\aryan\OneDrive\Desktop\project_new\semantic-photo-intelligence\car_angle_dataset\270\454662.jpeg,270,256,192,5651,none,.jpeg
180__none__188049,C:\Users\aryan\OneDrive\Desktop\project_new\semantic-photo-intelligence\car_angle_dataset\180\188049.jpeg,180,256,144,3850,none,.jpeg
0__none__374569,C:\Users\aryan\OneDrive\Desktop\project_new\semantic-photo-intelligence\car_angle_dataset\0\374569.jpeg,0,256,192,5177,none,.jpeg
130__none__145552,C:\Users\aryan\OneDrive\Desktop\project_new\semantic-photo-intelligence\car_angle_dataset\130\145552.jpeg,130,256,144,3115,none,.jpeg
180__none__127478,C:\Users\aryan\OneDrive\Desktop\project_new\semantic-photo-intelligence\car_angle_dataset\180\127478.jpeg,180,256,144,3610,none,.jpeg
0__none__482377,C:\Users\aryan\OneDrive\Desktop\project_new\semantic-photo-intelligence\car_angle_dataset\0\482377.jpeg,0,256,192,11258,none,.jpeg
130__none__483991,C:\Users\aryan\OneDrive\Desktop\project_new\semantic-photo-intelligence\car_angle_dataset\130\483991.jpeg,130,256,144,4566,none,.jpeg
90__none__80783,C:\Users\aryan\OneDrive\Desktop\project_new\semantic-photo-intelligence\car_angle_dataset\90\80783.jpeg,90,256,170,6339,none,.jpeg
0__none__315228,C:\Users\aryan\OneDrive\Desktop\project_new\semantic-photo-intelligence\car_angle_dataset\0\315228.jpeg,0,256,144,4829,none,.jpeg
130__none__272509,C:\Users\aryan\OneDrive\Desktop\project_new\semantic-photo-intelligence\car_angle_dataset\130\272509.jpeg,130,256,144,5508,none,.jpeg
0__none__135772,C:\Users\aryan\OneDrive\Desktop\project_new\semantic-photo-intelligence\car_angle_dataset\0\135772.jpeg,0,256,144,3090,none,.jpeg
130__none__328368,C:\Users\aryan\OneDrive\Desktop\project_new\semantic-photo-intelligence\car_angle_dataset\130\328368.jpeg,130,256,144,4059,none,.jpeg
130__none__330944,C:\Users\aryan\OneDrive\Desktop\project_new\semantic-photo-intelligence\car_angle_dataset\130\330944.jpeg,130,256,144,4002,none,.jpeg
0__none__253647,C:\Users\aryan\OneDrive\Desktop\project_new\semantic-photo-intelligence\car_angle_dataset\0\253647.jpeg,0,256,144,4050,none,.jpeg
90__none__329306,C:\Users\aryan\OneDrive\Desktop\project_new\semantic-photo-intelligence\car_angle_dataset\90\329306.jpeg,90,256,144,4709,none,.jpeg
270__none__469846,C:\Users\aryan\OneDrive\Desktop\project_new\semantic-photo-intelligence\car_angle_dataset\270\469846.jpeg,270,256,192,4580,none,.jpeg
180__none__289984,C:\Users\aryan\OneDrive\Desktop\project_new\semantic-photo-intelligence\car_angle_dataset\180\289984.jpeg,180,256,191,5949,none,.jpeg
270__none__371150,C:\Users\aryan\OneDrive\Desktop\project_new\semantic-photo-intelligence\car_angle_dataset\270\371150.jpeg,270,256,192,5846,none,.jpeg
130__none__242922,C:\Users\aryan\OneDrive\Desktop\project_new\semantic-photo-intelligence\car_angle_dataset\130\242922.jpeg,130,256,144,4527,none,.jpeg
180__none__457827,C:\Users\aryan\OneDrive\Desktop\project_new\semantic-photo-intelligence\car_angle_dataset\180\457827.jpeg,180,256,192,6882,none,.jpeg
270__none__385506,C:\Users\aryan\OneDrive\Desktop\project_new\semantic-photo-intelligence\car_angle_dataset\270\385506.jpeg,270,256,192,5427,none,.jpeg
130__none__206321,C:\Users\aryan\OneDrive\Desktop\project_new\semantic-photo-intelligence\car_angle_dataset\130\206321.jpeg,130,256,170,6502,none,.jpeg
130__none__146043,C:\Users\aryan\OneDrive\Desktop\project_new\semantic-photo-intelligence\car_angle_dataset\130\146043.jpeg,130,256,192,6008,none,.jpeg
270__none__282550,C:\Users\aryan\OneDrive\Desktop\project_new\semantic-photo-intelligence\car_angle_dataset\270\282550.jpeg,270,256,144,4274,none,.jpeg
180__none__286612,C:\Users\aryan\OneDrive\Desktop\project_new\semantic-photo-intelligence\car_angle_dataset\180\286612.jpeg,180,256,144,4235,none,.jpeg
270__none__371883,C:\Users\aryan\OneDrive\Desktop\project_new\semantic-photo-intelligence\car_angle_dataset\270\371883.jpeg,270,256,192,6064,none,.jpeg
180__none__84127,C:\Users\aryan\OneDrive\Desktop\project_new\semantic-photo-intelligence\car_angle_dataset\180\84127.jpeg,180,256,192,5221,none,.jpeg
180__none__406121,C:\Users\aryan\OneDrive\Desktop\project_new\semantic-photo-intelligence\car_angle_dataset\180\406121.jpeg,180,256,144,3891,none,.jpeg
180__none__94130,C:\Users\aryan\OneDrive\Desktop\project_new\semantic-photo-intelligence\car_angle_dataset\180\94130.jpeg,180,256,144,2654,none,.jpeg
130__none__159522,C:\Users\aryan\OneDrive\Desktop\project_new\semantic-photo-intelligence\car_angle_dataset\130\159522.jpeg,130,256,144,2678,none,.jpeg
0__none__495127,C:\Users\aryan\OneDrive\Desktop\project_new\semantic-photo-intelligence\car_angle_dataset\0\495127.jpeg,0,256,192,7917,none,.jpeg
90__none__198352,C:\Users\aryan\OneDrive\Desktop\project_new\semantic-photo-intelligence\car_angle_dataset\90\198352.jpeg,90,256,144,4838,none,.jpeg
270__none__390969,C:\Users\aryan\OneDrive\Desktop\project_new\semantic-photo-intelligence\car_angle_dataset\270\390969.jpeg,270,256,192,4104,none,.jpeg
270__none__412466,C:\Users\aryan\OneDrive\Desktop\project_new\semantic-photo-intelligence\car_angle_dataset\270\412466.jpeg,270,256,192,4058,none,.jpeg
130__none__172539,C:\Users\aryan\OneDrive\Desktop\project_new\semantic-photo-intelligence\car_angle_dataset\130\172539.jpeg,130,256,144,4887,none,.jpeg
130__none__203430,C:\Users\aryan\OneDrive\Desktop\project_new\semantic-photo-intelligence\car_angle_dataset\130\203430.jpeg,130,256,144,4201,none,.jpeg
180__none__207716,C:\Users\aryan\OneDrive\Desktop\project_new\semantic-photo-intelligence\car_angle_dataset\180\207716.jpeg,180,256,192,9793,none,.jpeg
270__none__299732,C:\Users\aryan\OneDrive\Desktop\project_new\semantic-photo-intelligence\car_angle_dataset\270\299732.jpeg,270,256,144,4860,none,.jpeg
130__none__473762,C:\Users\aryan\OneDrive\Desktop\project_new\semantic-photo-intelligence\car_angle_dataset\130\473762.jpeg,130,256,144,4169,none,.jpeg
90__none__233280,C:\Users\aryan\OneDrive\Desktop\project_new\semantic-photo-intelligence\car_angle_dataset\90\233280.jpeg,90,256,144,4294,none,.jpeg
270__none__292768,C:\Users\aryan\OneDrive\Desktop\project_new\semantic-photo-intelligence\car_angle_dataset\270\292768.jpeg,270,256,192,5139,none,.jpeg
270__none__295321,C:\Users\aryan\OneDrive\Desktop\project_new\semantic-photo-intelligence\car_angle_dataset\270\295321.jpeg,270,256,144,4034,none,.jpeg
90__none__23922,C:\Users\aryan\OneDrive\Desktop\project_new\semantic-photo-intelligence\car_angle_dataset\90\23922.jpeg,90,256,192,5378,none,.jpeg
270__none__297483,C:\Users\aryan\OneDrive\Desktop\project_new\semantic-photo-intelligence\car_angle_dataset\270\297483.jpeg,270,256,192,4974,none,.jpeg
180__none__105704,C:\Users\aryan\OneDrive\Desktop\project_new\semantic-photo-intelligence\car_angle_dataset\180\105704.jpeg,180,256,144,2841,none,.jpeg
130__none__151849,C:\Users\aryan\OneDrive\Desktop\project_new\semantic-photo-intelligence\car_angle_dataset\130\151849.jpeg,130,256,144,4131,none,.jpeg
130__none__81525,C:\Users\aryan\OneDrive\Desktop\project_new\semantic-photo-intelligence\car_angle_dataset\130\81525.jpeg,130,256,144,3454,none,.jpeg
130__none__241445,C:\Users\aryan\OneDrive\Desktop\project_new\semantic-photo-intelligence\car_angle_dataset\130\241445.jpeg,130,256,144,4752,none,.jpeg
130__none__454396,C:\Users\aryan\OneDrive\Desktop\project_new\semantic-photo-intelligence\car_angle_dataset\130\454396.jpeg,130,256,144,5400,none,.jpeg
130__none__322308,C:\Users\aryan\OneDrive\Desktop\project_new\semantic-photo-intelligence\car_angle_dataset\130\322308.jpeg,130,256,192,4516,none,.jpeg
130__none__239573,C:\Users\aryan\OneDrive\Desktop\project_new\semantic-photo-intelligence\car_angle_dataset\130\239573.jpeg,130,256,144,4478,none,.jpeg
130__none__195696,C:\Users\aryan\OneDrive\Desktop\project_new\semantic-photo-intelligence\car_angle_dataset\130\195696.jpeg,130,256,192,8141,none,.jpeg
130__none__295370,C:\Users\aryan\OneDrive\Desktop\project_new\semantic-photo-intelligence\car_angle_dataset\130\295370.jpeg,130,256,144,3093,none,.jpeg
0__none__177632,C:\Users\aryan\OneDrive\Desktop\project_new\semantic-photo-intelligence\car_angle_dataset\0\177632.jpeg,0,256,144,3610,none,.jpeg
0__none__165305,C:\Users\aryan\OneDrive\Desktop\project_new\semantic-photo-intelligence\car_angle_dataset\0\165305.jpeg,0,256,192,5897,none,.jpeg
130__none__201710,C:\Users\aryan\OneDrive\Desktop\project_new\semantic-photo-intelligence\car_angle_dataset\130\201710.jpeg,130,256,144,4800,none,.jpeg
180__none__247030,C:\Users\aryan\OneDrive\Desktop\project_new\semantic-photo-intelligence\car_angle_dataset\180\247030.jpeg,180,256,144,3293,none,.jpeg
180__none__165645,C:\Users\aryan\OneDrive\Desktop\project_new\semantic-photo-intelligence\car_angle_dataset\180\165645.jpeg,180,256,144,2221,none,.jpeg
180__none__83353,C:\Users\aryan\OneDrive\Desktop\project_new\semantic-photo-intelligence\car_angle_dataset\180\83353.jpeg,180,256,192,6660,none,.jpeg
90__none__278048,C:\Users\aryan\OneDrive\Desktop\project_new\semantic-photo-intelligence\car_angle_dataset\90\278048.jpeg,90,256,144,3201,none,.jpeg
130__none__376707,C:\Users\aryan\OneDrive\Desktop\project_new\semantic-photo-intelligence\car_angle_dataset\130\376707.jpeg,130,256,144,4306,none,.jpeg
180__none__328521,C:\Users\aryan\OneDrive\Desktop\project_new\semantic-photo-intelligence\car_angle_dataset\180\328521.jpeg,180,256,192,5451,none,.jpeg
130__none__220647,C:\Users\aryan\OneDrive\Desktop\project_new\semantic-photo-intelligence\car_angle_dataset\130\220647.jpeg,130,256,144,4650,none,.jpeg
180__none__370982,C:\Users\aryan\OneDrive\Desktop\project_new\semantic-photo-intelligence\car_angle_dataset\180\370982.jpeg,180,256,192,3271,none,.jpeg
270__none__492965,C:\Users\aryan\OneDrive\Desktop\project_new\semantic-photo-intelligence\car_angle_dataset\270\492965.jpeg,270,256,192,5672,none,.jpeg
270__none__353396,C:\Users\aryan\OneDrive\Desktop\project_new\semantic-photo-intelligence\car_angle_dataset\270\353396.jpeg,270,256,192,4360,none,.jpeg
270__none__293290,C:\Users\aryan\OneDrive\Desktop\project_new\semantic-photo-intelligence\car_angle_dataset\270\293290.jpeg,270,256,192,3810,none,.jpeg
180__none__331439,C:\Users\aryan\OneDrive\Desktop\project_new\semantic-photo-intelligence\car_angle_dataset\180\331439.jpeg,180,256,144,3810,none,.jpeg
270__none__367906,C:\Users\aryan\OneDrive\Desktop\project_new\semantic-photo-intelligence\car_angle_dataset\270\367906.jpeg,270,256,144,6235,none,.jpeg
0__none__450052,C:\Users\aryan\OneDrive\Desktop\project_new\semantic-photo-intelligence\car_angle_dataset\0\450052.jpeg,0,256,144,3943,none,.jpeg
0__none__486954,C:\Users\aryan\OneDrive\Desktop\project_new\semantic-photo-intelligence\car_angle_dataset\0\486954.jpeg,0,256,192,5897,none,.jpeg
0__none__86204,C:\Users\aryan\OneDrive\Desktop\project_new\semantic-photo-intelligence\car_angle_dataset\0\86204.jpeg,0,256,192,6320,none,.jpeg
130__none__153864,C:\Users\aryan\OneDrive\Desktop\project_new\semantic-photo-intelligence\car_angle_dataset\130\153864.jpeg,130,256,144,3624,none,.jpeg
270__none__491647,C:\Users\aryan\OneDrive\Desktop\project_new\semantic-photo-intelligence\car_angle_dataset\270\491647.jpeg,270,256,191,3807,none,.jpeg
130__none__140474,C:\Users\aryan\OneDrive\Desktop\project_new\semantic-photo-intelligence\car_angle_dataset\130\140474.jpeg,130,256,144,5389,none,.jpeg
180__none__327407,C:\Users\aryan\OneDrive\Desktop\project_new\semantic-photo-intelligence\car_angle_dataset\180\327407.jpeg,180,256,144,2051,none,.jpeg
130__none__376624,C:\Users\aryan\OneDrive\Desktop\project_new\semantic-photo-intelligence\car_angle_dataset\130\376624.jpeg,130,256,144,3799,none,.jpeg
180__none__151881,C:\Users\aryan\OneDrive\Desktop\project_new\semantic-photo-intelligence\car_angle_dataset\180\151881.jpeg,180,256,144,3363,none,.jpeg
180__none__112736,C:\Users\aryan\OneDrive\Desktop\project_new\semantic-photo-intelligence\car_angle_dataset\180\112736.jpeg,180,256,192,5339,none,.jpeg
180__none__419799,C:\Users\aryan\OneDrive\Desktop\project_new\semantic-photo-intelligence\car_angle_dataset\180\419799.jpeg,180,256,191,5454,none,.jpeg
180__none__215490,C:\Users\aryan\OneDrive\Desktop\project_new\semantic-photo-intelligence\car_angle_dataset\180\215490.jpeg,180,256,144,3737,none,.jpeg
130__none__380556,C:\Users\aryan\OneDrive\Desktop\project_new\semantic-photo-intelligence\car_angle_dataset\130\380556.jpeg,130,256,144,4226,none,.jpeg
130__none__474980,C:\Users\aryan\OneDrive\Desktop\project_new\semantic-photo-intelligence\car_angle_dataset\130\474980.jpeg,130,256,192,3986,none,.jpeg
90__none__278578,C:\Users\aryan\OneDrive\Desktop\project_new\semantic-photo-intelligence\car_angle_dataset\90\278578.jpeg,90,256,144,4877,none,.jpeg
270__none__478480,C:\Users\aryan\OneDrive\Desktop\project_new\semantic-photo-intelligence\car_angle_dataset\270\478480.jpeg,270,256,192,4826,none,.jpeg
0__none__452996,C:\Users\aryan\OneDrive\Desktop\project_new\semantic-photo-intelligence\car_angle_dataset\0\452996.jpeg,0,256,192,4760,none,.jpeg
0__none__151165,C:\Users\aryan\OneDrive\Desktop\project_new\semantic-photo-intelligence\car_angle_dataset\0\151165.jpeg,0,256,192,5897,none,.jpeg
270__none__392296,C:\Users\aryan\OneDrive\Desktop\project_new\semantic-photo-intelligence\car_angle_dataset\270\392296.jpeg,270,256,192,4464,none,.jpeg
130__none__452506,C:\Users\aryan\OneDrive\Desktop\project_new\semantic-photo-intelligence\car_angle_dataset\130\452506.jpeg,130,256,192,4098,none,.jpeg
130__none__188774,C:\Users\aryan\OneDrive\Desktop\project_new\semantic-photo-intelligence\car_angle_dataset\130\188774.jpeg,130,256,192,4668,none,.jpeg
180__none__100493,C:\Users\aryan\OneDrive\Desktop\project_new\semantic-photo-intelligence\car_angle_dataset\180\100493.jpeg,180,256,192,4518,none,.jpeg
90__none__94346,C:\Users\aryan\OneDrive\Desktop\project_new\semantic-photo-intelligence\car_angle_dataset\90\94346.jpeg,90,256,144,4272,none,.jpeg
90__none__15648,C:\Users\aryan\OneDrive\Desktop\project_new\semantic-photo-intelligence\car_angle_dataset\90\15648.jpeg,90,256,192,4246,none,.jpeg
180__none__398028,C:\Users\aryan\OneDrive\Desktop\project_new\semantic-photo-intelligence\car_angle_dataset\180\398028.jpeg,180,256,192,7377,none,.jpeg
270__none__425203,C:\Users\aryan\OneDrive\Desktop\project_new\semantic-photo-intelligence\car_angle_dataset\270\425203.jpeg,270,256,144,5033,none,.jpeg
0__none__360125,C:\Users\aryan\OneDrive\Desktop\project_new\semantic-photo-intelligence\car_angle_dataset\0\360125.jpeg,0,256,144,5109,none,.jpeg
270__none__188351,C:\Users\aryan\OneDrive\Desktop\project_new\semantic-photo-intelligence\car_angle_dataset\270\188351.jpeg,270,256,144,4882,none,.jpeg
0__none__129472,C:\Users\aryan\OneDrive\Desktop\project_new\semantic-photo-intelligence\car_angle_dataset\0\129472.jpeg,0,256,144,4736,none,.jpeg
90__none__95198,C:\Users\aryan\OneDrive\Desktop\project_new\semantic-photo-intelligence\car_angle_dataset\90\95198.jpeg,90,256,144,4460,none,.jpeg
270__none__230308,C:\Users\aryan\OneDrive\Desktop\project_new\semantic-photo-intelligence\car_angle_dataset\270\230308.jpeg,270,256,144,4234,none,.jpeg
0__none__333967,C:\Users\aryan\OneDrive\Desktop\project_new\semantic-photo-intelligence\car_angle_dataset\0\333967.jpeg,0,256,144,3734,none,.jpeg
0__none__225926,C:\Users\aryan\OneDrive\Desktop\project_new\semantic-photo-intelligence\car_angle_dataset\0\225926.jpeg,0,256,191,6030,none,.jpeg
270__none__190189,C:\Users\aryan\OneDrive\Desktop\project_new\semantic-photo-intelligence\car_angle_dataset\270\190189.jpeg,270,256,144,4126,none,.jpeg
90__none__230121,C:\Users\aryan\OneDrive\Desktop\project_new\semantic-photo-intelligence\car_angle_dataset\90\230121.jpeg,90,256,144,4131,none,.jpeg
130__none__202870,C:\Users\aryan\OneDrive\Desktop\project_new\semantic-photo-intelligence\car_angle_dataset\130\202870.jpeg,130,256,144,3739,none,.jpeg
130__none__339874,C:\Users\aryan\OneDrive\Desktop\project_new\semantic-photo-intelligence\car_angle_dataset\130\339874.jpeg,130,256,144,4179,none,.jpeg
180__none__356042,C:\Users\aryan\OneDrive\Desktop\project_new\semantic-photo-intelligence\car_angle_dataset\180\356042.jpeg,180,256,191,6299,none,.jpeg
270__none__314221,C:\Users\aryan\OneDrive\Desktop\project_new\semantic-photo-intelligence\car_angle_dataset\270\314221.jpeg,270,256,144,4876,none,.jpeg
0__none__259362,C:\Users\aryan\OneDrive\Desktop\project_new\semantic-photo-intelligence\car_angle_dataset\0\259362.jpeg,0,256,144,2833,none,.jpeg
0__none__465314,C:\Users\aryan\OneDrive\Desktop\project_new\semantic-photo-intelligence\car_angle_dataset\0\465314.jpeg,0,256,192,3968,none,.jpeg
180__none__85572,C:\Users\aryan\OneDrive\Desktop\project_new\semantic-photo-intelligence\car_angle_dataset\180\85572.jpeg,180,256,144,3356,none,.jpeg
0__none__277372,C:\Users\aryan\OneDrive\Desktop\project_new\semantic-photo-intelligence\car_angle_dataset\0\277372.jpeg,0,256,144,3932,none,.jpeg
180__none__300550,C:\Users\aryan\OneDrive\Desktop\project_new\semantic-photo-intelligence\car_angle_dataset\180\300550.jpeg,180,256,144,3875,none,.jpeg
270__none__449827,C:\Users\aryan\OneDrive\Desktop\project_new\semantic-photo-intelligence\car_angle_dataset\270\449827.jpeg,270,256,144,2983,none,.jpeg
90__none__182525,C:\Users\aryan\OneDrive\Desktop\project_new\semantic-photo-intelligence\car_angle_dataset\90\182525.jpeg,90,256,144,6349,none,.jpeg
130__none__97475,C:\Users\aryan\OneDrive\Desktop\project_new\semantic-photo-intelligence\car_angle_dataset\130\97475.jpeg,130,256,144,5040,none,.jpeg
0__none__91870,C:\Users\aryan\OneDrive\Desktop\project_new\semantic-photo-intelligence\car_angle_dataset\0\91870.jpeg,0,256,192,5526,none,.jpeg
130__none__450796,C:\Users\aryan\OneDrive\Desktop\project_new\semantic-photo-intelligence\car_angle_dataset\130\450796.jpeg,130,256,192,5593,none,.jpeg
270__none__190176,C:\Users\aryan\OneDrive\Desktop\project_new\semantic-photo-intelligence\car_angle_dataset\270\190176.jpeg,270,256,144,3327,none,.jpeg
90__none__11017,C:\Users\aryan\OneDrive\Desktop\project_new\semantic-photo-intelligence\car_angle_dataset\90\11017.jpeg,90,256,144,4068,none,.jpeg
130__none__105153,C:\Users\aryan\OneDrive\Desktop\project_new\semantic-photo-intelligence\car_angle_dataset\130\105153.jpeg,130,256,144,4750,none,.jpeg
90__none__26392,C:\Users\aryan\OneDrive\Desktop\project_new\semantic-photo-intelligence\car_angle_dataset\90\26392.jpeg,90,256,192,5056,none,.jpeg
270__none__243492,C:\Users\aryan\OneDrive\Desktop\project_new\semantic-photo-intelligence\car_angle_dataset\270\243492.jpeg,270,256,144,5581,none,.jpeg
0__none__352613,C:\Users\aryan\OneDrive\Desktop\project_new\semantic-photo-intelligence\car_angle_dataset\0\352613.jpeg,0,256,144,3566,none,.jpeg
270__none__395985,C:\Users\aryan\OneDrive\Desktop\project_new\semantic-photo-intelligence\car_angle_dataset\270\395985.jpeg,270,256,170,5049,none,.jpeg
270__none__309244,C:\Users\aryan\OneDrive\Desktop\project_new\semantic-photo-intelligence\car_angle_dataset\270\309244.jpeg,270,256,144,5263,none,.jpeg
0__none__117362,C:\Users\aryan\OneDrive\Desktop\project_new\semantic-photo-intelligence\car_angle_dataset\0\117362.jpeg,0,256,144,3512,none,.jpeg
0__none__161620,C:\Users\aryan\OneDrive\Desktop\project_new\semantic-photo-intelligence\car_angle_dataset\0\161620.jpeg,0,256,192,8149,none,.jpeg
270__none__457575,C:\Users\aryan\OneDrive\Desktop\project_new\semantic-photo-intelligence\car_angle_dataset\270\457575.jpeg,270,256,192,3597,none,.jpeg
0__none__426434,C:\Users\aryan\OneDrive\Desktop\project_new\semantic-photo-intelligence\car_angle_dataset\0\426434.jpeg,0,256,144,3983,none,.jpeg
180__none__229722,C:\Users\aryan\OneDrive\Desktop\project_new\semantic-photo-intelligence\car_angle_dataset\180\229722.jpeg,180,256,192,7190,none,.jpeg
130__none__428923,C:\Users\aryan\OneDrive\Desktop\project_new\semantic-photo-intelligence\car_angle_dataset\130\428923.jpeg,130,256,192,4866,none,.jpeg
180__none__396926,C:\Users\aryan\OneDrive\Desktop\project_new\semantic-photo-intelligence\car_angle_dataset\180\396926.jpeg,180,256,192,5206,none,.jpeg
130__none__169899,C:\Users\aryan\OneDrive\Desktop\project_new\semantic-photo-intelligence\car_angle_dataset\130\169899.jpeg,130,256,192,5232,none,.jpeg
270__none__404866,C:\Users\aryan\OneDrive\Desktop\project_new\semantic-photo-intelligence\car_angle_dataset\270\404866.jpeg,270,118,256,3209,none,.jpeg
130__none__458551,C:\Users\aryan\OneDrive\Desktop\project_new\semantic-photo-intelligence\car_angle_dataset\130\458551.jpeg,130,256,144,3730,none,.jpeg
180__none__432787,C:\Users\aryan\OneDrive\Desktop\project_new\semantic-photo-intelligence\car_angle_dataset\180\432787.jpeg,180,256,170,7462,none,.jpeg
130__none__178895,C:\Users\aryan\OneDrive\Desktop\project_new\semantic-photo-intelligence\car_angle_dataset\130\178895.jpeg,130,256,144,3999,none,.jpeg
90__none__154782,C:\Users\aryan\OneDrive\Desktop\project_new\semantic-photo-intelligence\car_angle_dataset\90\154782.jpeg,90,256,192,4091,none,.jpeg
270__none__296201,C:\Users\aryan\OneDrive\Desktop\project_new\semantic-photo-intelligence\car_angle_dataset\270\296201.jpeg,270,256,192,4651,none,.jpeg
270__none__483962,C:\Users\aryan\OneDrive\Desktop\project_new\semantic-photo-intelligence\car_angle_dataset\270\483962.jpeg,270,256,144,3868,none,.jpeg
180__none__255513,C:\Users\aryan\OneDrive\Desktop\project_new\semantic-photo-intelligence\car_angle_dataset\180\255513.jpeg,180,256,192,3458,none,.jpeg
0__none__329225,C:\Users\aryan\OneDrive\Desktop\project_new\semantic-photo-intelligence\car_angle_dataset\0\329225.jpeg,0,256,144,4208,none,.jpeg
0__none__172096,C:\Users\aryan\OneDrive\Desktop\project_new\semantic-photo-intelligence\car_angle_dataset\0\172096.jpeg,0,256,192,6080,none,.jpeg
180__none__301426,C:\Users\aryan\OneDrive\Desktop\project_new\semantic-photo-intelligence\car_angle_dataset\180\301426.jpeg,180,256,138,1374,none,.jpeg
180__none__99985,C:\Users\aryan\OneDrive\Desktop\project_new\semantic-photo-intelligence\car_angle_dataset\180\99985.jpeg,180,256,144,3530,none,.jpeg
90__none__143341,C:\Users\aryan\OneDrive\Desktop\project_new\semantic-photo-intelligence\car_angle_dataset\90\143341.jpeg,90,256,144,3986,none,.jpeg
130__none__94345,C:\Users\aryan\OneDrive\Desktop\project_new\semantic-photo-intelligence\car_angle_dataset\130\94345.jpeg,130,256,144,4121,none,.jpeg
180__none__241595,C:\Users\aryan\OneDrive\Desktop\project_new\semantic-photo-intelligence\car_angle_dataset\180\241595.jpeg,180,256,144,3443,none,.jpeg
130__none__322431,C:\Users\aryan\OneDrive\Desktop\project_new\semantic-photo-intelligence\car_angle_dataset\130\322431.jpeg,130,256,144,4217,none,.jpeg
90__none__194468,C:\Users\aryan\OneDrive\Desktop\project_new\semantic-photo-intelligence\car_angle_dataset\90\194468.jpeg,90,256,144,3851,none,.jpeg
130__none__358181,C:\Users\aryan\OneDrive\Desktop\project_new\semantic-photo-intelligence\car_angle_dataset\130\358181.jpeg,130,256,144,3805,none,.jpeg
130__none__280773,C:\Users\aryan\OneDrive\Desktop\project_new\semantic-photo-intelligence\car_angle_dataset\130\280773.jpeg,130,256,144,5393,none,.jpeg
0__none__97477,C:\Users\aryan\OneDrive\Desktop\project_new\semantic-photo-intelligence\car_angle_dataset\0\97477.jpeg,0,256,192,6644,none,.jpeg
90__none__20541,C:\Users\aryan\OneDrive\Desktop\project_new\semantic-photo-intelligence\car_angle_dataset\90\20541.jpeg,90,256,144,4299,none,.jpeg
270__none__292290,C:\Users\aryan\OneDrive\Desktop\project_new\semantic-photo-intelligence\car_angle_dataset\270\292290.jpeg,270,256,192,5638,none,.jpeg
90__none__166446,C:\Users\aryan\OneDrive\Desktop\project_new\semantic-photo-intelligence\car_angle_dataset\90\166446.jpeg,90,256,144,4149,none,.jpeg
180__none__244196,C:\Users\aryan\OneDrive\Desktop\project_new\semantic-photo-intelligence\car_angle_dataset\180\244196.jpeg,180,256,144,2612,none,.jpeg
0__none__482968,C:\Users\aryan\OneDrive\Desktop\project_new\semantic-photo-intelligence\car_angle_dataset\0\482968.jpeg,0,256,192,5897,none,.jpeg
180__none__127123,C:\Users\aryan\OneDrive\Desktop\project_new\semantic-photo-intelligence\car_angle_dataset\180\127123.jpeg,180,256,144,3908,none,.jpeg
180__none__107205,C:\Users\aryan\OneDrive\Desktop\project_new\semantic-photo-intelligence\car_angle_dataset\180\107205.jpeg,180,256,144,3846,none,.jpeg
90__none__52256,C:\Users\aryan\OneDrive\Desktop\project_new\semantic-photo-intelligence\car_angle_dataset\90\52256.jpeg,90,256,144,3005,none,.jpeg
270__none__233194,C:\Users\aryan\OneDrive\Desktop\project_new\semantic-photo-intelligence\car_angle_dataset\270\233194.jpeg,270,256,144,3041,none,.jpeg
0__none__81666,C:\Users\aryan\OneDrive\Desktop\project_new\semantic-photo-intelligence\car_angle_dataset\0\81666.jpeg,0,256,144,5164,none,.jpeg
180__none__375435,C:\Users\aryan\OneDrive\Desktop\project_new\semantic-photo-intelligence\car_angle_dataset\180\375435.jpeg,180,256,192,3514,none,.jpeg
0__none__494406,C:\Users\aryan\OneDrive\Desktop\project_new\semantic-photo-intelligence\car_angle_dataset\0\494406.jpeg,0,256,191,9109,none,.jpeg
130__none__116513,C:\Users\aryan\OneDrive\Desktop\project_new\semantic-photo-intelligence\car_angle_dataset\130\116513.jpeg,130,256,144,5147,none,.jpeg
130__none__219884,C:\Users\aryan\OneDrive\Desktop\project_new\semantic-photo-intelligence\car_angle_dataset\130\219884.jpeg,130,256,144,4820,none,.jpeg
130__none__132203,C:\Users\aryan\OneDrive\Desktop\project_new\semantic-photo-intelligence\car_angle_dataset\130\132203.jpeg,130,256,144,3705,none,.jpeg
270__none__196466,C:\Users\aryan\OneDrive\Desktop\project_new\semantic-photo-intelligence\car_angle_dataset\270\196466.jpeg,270,256,192,6031,none,.jpeg
180__none__248348,C:\Users\aryan\OneDrive\Desktop\project_new\semantic-photo-intelligence\car_angle_dataset\180\248348.jpeg,180,256,192,4615,none,.jpeg
90__none__190769,C:\Users\aryan\OneDrive\Desktop\project_new\semantic-photo-intelligence\car_angle_dataset\90\190769.jpeg,90,256,144,3549,none,.jpeg
90__none__88724,C:\Users\aryan\OneDrive\Desktop\project_new\semantic-photo-intelligence\car_angle_dataset\90\88724.jpeg,90,256,144,5709,none,.jpeg
130__none__458401,C:\Users\aryan\OneDrive\Desktop\project_new\semantic-photo-intelligence\car_angle_dataset\130\458401.jpeg,130,256,192,5588,none,.jpeg
130__none__468788,C:\Users\aryan\OneDrive\Desktop\project_new\semantic-photo-intelligence\car_angle_dataset\130\468788.jpeg,130,256,144,3263,none,.jpeg
180__none__205634,C:\Users\aryan\OneDrive\Desktop\project_new\semantic-photo-intelligence\car_angle_dataset\180\205634.jpeg,180,256,192,6085,none,.jpeg
130__none__467294,C:\Users\aryan\OneDrive\Desktop\project_new\semantic-photo-intelligence\car_angle_dataset\130\467294.jpeg,130,256,144,3252,none,.jpeg
180__none__204991,C:\Users\aryan\OneDrive\Desktop\project_new\semantic-photo-intelligence\car_angle_dataset\180\204991.jpeg,180,256,192,7470,none,.jpeg
0__none__271623,C:\Users\aryan\OneDrive\Desktop\project_new\semantic-photo-intelligence\car_angle_dataset\0\271623.jpeg,0,256,192,7127,none,.jpeg
130__none__354772,C:\Users\aryan\OneDrive\Desktop\project_new\semantic-photo-intelligence\car_angle_dataset\130\354772.jpeg,130,256,144,4335,none,.jpeg
270__none__189062,C:\Users\aryan\OneDrive\Desktop\project_new\semantic-photo-intelligence\car_angle_dataset\270\189062.jpeg,270,256,144,4570,none,.jpeg
270__none__361220,C:\Users\aryan\OneDrive\Desktop\project_new\semantic-photo-intelligence\car_angle_dataset\270\361220.jpeg,270,256,192,4172,none,.jpeg
90__none__138744,C:\Users\aryan\OneDrive\Desktop\project_new\semantic-photo-intelligence\car_angle_dataset\90\138744.jpeg,90,256,144,2908,none,.jpeg
0__none__498399,C:\Users\aryan\OneDrive\Desktop\project_new\semantic-photo-intelligence\car_angle_dataset\0\498399.jpeg,0,256,192,5511,none,.jpeg
270__none__299127,C:\Users\aryan\OneDrive\Desktop\project_new\semantic-photo-intelligence\car_angle_dataset\270\299127.jpeg,270,256,192,4761,none,.jpeg
0__none__80989,C:\Users\aryan\OneDrive\Desktop\project_new\semantic-photo-intelligence\car_angle_dataset\0\80989.jpeg,0,256,144,4765,none,.jpeg
180__none__330869,C:\Users\aryan\OneDrive\Desktop\project_new\semantic-photo-intelligence\car_angle_dataset\180\330869.jpeg,180,256,144,2751,none,.jpeg
130__none__412813,C:\Users\aryan\OneDrive\Desktop\project_new\semantic-photo-intelligence\car_angle_dataset\130\412813.jpeg,130,256,192,4384,none,.jpeg
180__none__499693,C:\Users\aryan\OneDrive\Desktop\project_new\semantic-photo-intelligence\car_angle_dataset\180\499693.jpeg,180,256,144,3456,none,.jpeg
90__none__49792,C:\Users\aryan\OneDrive\Desktop\project_new\semantic-photo-intelligence\car_angle_dataset\90\49792.jpeg,90,256,191,4636,none,.jpeg
90__none__103333,C:\Users\aryan\OneDrive\Desktop\project_new\semantic-photo-intelligence\car_angle_dataset\90\103333.jpeg,90,256,144,5060,none,.jpeg
180__none__163184,C:\Users\aryan\OneDrive\Desktop\project_new\semantic-photo-intelligence\car_angle_dataset\180\163184.jpeg,180,256,144,4270,none,.jpeg
180__none__414095,C:\Users\aryan\OneDrive\Desktop\project_new\semantic-photo-intelligence\car_angle_dataset\180\414095.jpeg,180,256,144,2436,none,.jpeg
90__none__290627,C:\Users\aryan\OneDrive\Desktop\project_new\semantic-photo-intelligence\car_angle_dataset\90\290627.jpeg,90,256,144,4099,none,.jpeg
0__none__421805,C:\Users\aryan\OneDrive\Desktop\project_new\semantic-photo-intelligence\car_angle_dataset\0\421805.jpeg,0,256,192,6743,none,.jpeg
180__none__492483,C:\Users\aryan\OneDrive\Desktop\project_new\semantic-photo-intelligence\car_angle_dataset\180\492483.jpeg,180,256,191,5568,none,.jpeg
130__none__487259,C:\Users\aryan\OneDrive\Desktop\project_new\semantic-photo-intelligence\car_angle_dataset\130\487259.jpeg,130,256,170,5737,none,.jpeg
0__none__440210,C:\Users\aryan\OneDrive\Desktop\project_new\semantic-photo-intelligence\car_angle_dataset\0\440210.jpeg,0,256,192,4542,none,.jpeg
0__none__129565,C:\Users\aryan\OneDrive\Desktop\project_new\semantic-photo-intelligence\car_angle_dataset\0\129565.jpeg,0,256,192,10132,none,.jpeg
270__none__320258,C:\Users\aryan\OneDrive\Desktop\project_new\semantic-photo-intelligence\car_angle_dataset\270\320258.jpeg,270,256,144,3902,none,.jpeg
180__none__485608,C:\Users\aryan\OneDrive\Desktop\project_new\semantic-photo-intelligence\car_angle_dataset\180\485608.jpeg,180,256,192,10178,none,.jpeg
130__none__336630,C:\Users\aryan\OneDrive\Desktop\project_new\semantic-photo-intelligence\car_angle_dataset\130\336630.jpeg,130,256,144,4617,none,.jpeg
130__none__107857,C:\Users\aryan\OneDrive\Desktop\project_new\semantic-photo-intelligence\car_angle_dataset\130\107857.jpeg,130,256,144,4636,none,.jpeg
130__none__473577,C:\Users\aryan\OneDrive\Desktop\project_new\semantic-photo-intelligence\car_angle_dataset\130\473577.jpeg,130,256,144,4885,none,.jpeg
0__none__145738,C:\Users\aryan\OneDrive\Desktop\project_new\semantic-photo-intelligence\car_angle_dataset\0\145738.jpeg,0,256,144,3495,none,.jpeg
180__none__353290,C:\Users\aryan\OneDrive\Desktop\project_new\semantic-photo-intelligence\car_angle_dataset\180\353290.jpeg,180,256,144,4003,none,.jpeg
90__none__75194,C:\Users\aryan\OneDrive\Desktop\project_new\semantic-photo-intelligence\car_angle_dataset\90\75194.jpeg,90,256,144,5054,none,.jpeg
270__none__215634,C:\Users\aryan\OneDrive\Desktop\project_new\semantic-photo-intelligence\car_angle_dataset\270\215634.jpeg,270,256,144,4299,none,.jpeg
270__none__382968,C:\Users\aryan\OneDrive\Desktop\project_new\semantic-photo-intelligence\car_angle_dataset\270\382968.jpeg,270,256,192,5815,none,.jpeg
0__none__337686,C:\Users\aryan\OneDrive\Desktop\project_new\semantic-photo-intelligence\car_angle_dataset\0\337686.jpeg,0,256,144,3155,none,.jpeg
130__none__479402,C:\Users\aryan\OneDrive\Desktop\project_new\semantic-photo-intelligence\car_angle_dataset\130\479402.jpeg,130,256,170,6509,none,.jpeg
130__none__432098,C:\Users\aryan\OneDrive\Desktop\project_new\semantic-photo-intelligence\car_angle_dataset\130\432098.jpeg,130,256,144,3383,none,.jpeg
130__none__136878,C:\Users\aryan\OneDrive\Desktop\project_new\semantic-photo-intelligence\car_angle_dataset\130\136878.jpeg,130,256,144,4071,none,.jpeg
90__none__246305,C:\Users\aryan\OneDrive\Desktop\project_new\semantic-photo-intelligence\car_angle_dataset\90\246305.jpeg,90,256,144,4550,none,.jpeg
180__none__360323,C:\Users\aryan\OneDrive\Desktop\project_new\semantic-photo-intelligence\car_angle_dataset\180\360323.jpeg,180,256,192,4045,none,.jpeg
130__none__295307,C:\Users\aryan\OneDrive\Desktop\project_new\semantic-photo-intelligence\car_angle_dataset\130\295307.jpeg,130,256,144,3901,none,.jpeg
130__none__161852,C:\Users\aryan\OneDrive\Desktop\project_new\semantic-photo-intelligence\car_angle_dataset\130\161852.jpeg,130,256,192,3304,none,.jpeg
0__none__413852,C:\Users\aryan\OneDrive\Desktop\project_new\semantic-photo-intelligence\car_angle_dataset\0\413852.jpeg,0,256,192,6974,none,.jpeg
130__none__458607,C:\Users\aryan\OneDrive\Desktop\project_new\semantic-photo-intelligence\car_angle_dataset\130\458607.jpeg,130,256,144,5389,none,.jpeg
180__none__250837,C:\Users\aryan\OneDrive\Desktop\project_new\semantic-photo-intelligence\car_angle_dataset\180\250837.jpeg,180,256,192,6155,none,.jpeg
0__none__179697,C:\Users\aryan\OneDrive\Desktop\project_new\semantic-photo-intelligence\car_angle_dataset\0\179697.jpeg,0,256,192,6451,none,.jpeg
0__none__82411,C:\Users\aryan\OneDrive\Desktop\project_new\semantic-photo-intelligence\car_angle_dataset\0\82411.jpeg,0,256,170,6472,none,.jpeg
0__none__294114,C:\Users\aryan\OneDrive\Desktop\project_new\semantic-photo-intelligence\car_angle_dataset\0\294114.jpeg,0,256,144,4122,none,.jpeg
180__none__289302,C:\Users\aryan\OneDrive\Desktop\project_new\semantic-photo-intelligence\car_angle_dataset\180\289302.jpeg,180,256,192,5890,none,.jpeg
180__none__331467,C:\Users\aryan\OneDrive\Desktop\project_new\semantic-photo-intelligence\car_angle_dataset\180\331467.jpeg,180,256,144,3256,none,.jpeg
130__none__482640,C:\Users\aryan\OneDrive\Desktop\project_new\semantic-photo-intelligence\car_angle_dataset\130\482640.jpeg,130,256,192,3986,none,.jpeg
90__none__308147,C:\Users\aryan\OneDrive\Desktop\project_new\semantic-photo-intelligence\car_angle_dataset\90\308147.jpeg,90,256,192,4975,none,.jpeg
180__none__200778,C:\Users\aryan\OneDrive\Desktop\project_new\semantic-photo-intelligence\car_angle_dataset\180\200778.jpeg,180,256,144,3223,none,.jpeg
180__none__160605,C:\Users\aryan\OneDrive\Desktop\project_new\semantic-photo-intelligence\car_angle_dataset\180\160605.jpeg,180,256,192,5829,none,.jpeg
270__none__481328,C:\Users\aryan\OneDrive\Desktop\project_new\semantic-photo-intelligence\car_angle_dataset\270\481328.jpeg,270,256,170,5310,none,.jpeg
270__none__191427,C:\Users\aryan\OneDrive\Desktop\project_new\semantic-photo-intelligence\car_angle_dataset\270\191427.jpeg,270,256,192,4046,none,.jpeg
180__none__108527,C:\Users\aryan\OneDrive\Desktop\project_new\semantic-photo-intelligence\car_angle_dataset\180\108527.jpeg,180,256,191,5192,none,.jpeg
0__none__400765,C:\Users\aryan\OneDrive\Desktop\project_new\semantic-photo-intelligence\car_angle_dataset\0\400765.jpeg,0,256,192,7644,none,.jpeg
180__none__488059,C:\Users\aryan\OneDrive\Desktop\project_new\semantic-photo-intelligence\car_angle_dataset\180\488059.jpeg,180,256,192,7908,none,.jpeg
180__none__152537,C:\Users\aryan\OneDrive\Desktop\project_new\semantic-photo-intelligence\car_angle_dataset\180\152537.jpeg,180,256,192,6891,none,.jpeg
0__none__428355,C:\Users\aryan\OneDrive\Desktop\project_new\semantic-photo-intelligence\car_angle_dataset\0\428355.jpeg,0,256,144,3613,none,.jpeg
0__none__498405,C:\Users\aryan\OneDrive\Desktop\project_new\semantic-photo-intelligence\car_angle_dataset\0\498405.jpeg,0,256,144,3182,none,.jpeg
0__none__302460,C:\Users\aryan\OneDrive\Desktop\project_new\semantic-photo-intelligence\car_angle_dataset\0\302460.jpeg,0,256,144,3305,none,.jpeg
0__none__394106,C:\Users\aryan\OneDrive\Desktop\project_new\semantic-photo-intelligence\car_angle_dataset\0\394106.jpeg,0,256,144,3443,none,.jpeg
130__none__263074,C:\Users\aryan\OneDrive\Desktop\project_new\semantic-photo-intelligence\car_angle_dataset\130\263074.jpeg,130,256,144,5840,none,.jpeg
180__none__221564,C:\Users\aryan\OneDrive\Desktop\project_new\semantic-photo-intelligence\car_angle_dataset\180\221564.jpeg,180,256,144,3617,none,.jpeg
90__none__301314,C:\Users\aryan\OneDrive\Desktop\project_new\semantic-photo-intelligence\car_angle_dataset\90\301314.jpeg,90,256,192,4240,none,.jpeg
130__none__405768,C:\Users\aryan\OneDrive\Desktop\project_new\semantic-photo-intelligence\car_angle_dataset\130\405768.jpeg,130,256,144,5050,none,.jpeg
130__none__129843,C:\Users\aryan\OneDrive\Desktop\project_new\semantic-photo-intelligence\car_angle_dataset\130\129843.jpeg,130,256,144,3451,none,.jpeg
180__none__81093,C:\Users\aryan\OneDrive\Desktop\project_new\semantic-photo-intelligence\car_angle_dataset\180\81093.jpeg,180,256,192,8550,none,.jpeg
270__none__342950,C:\Users\aryan\OneDrive\Desktop\project_new\semantic-photo-intelligence\car_angle_dataset\270\342950.jpeg,270,256,144,5122,none,.jpeg
0__none__216178,C:\Users\aryan\OneDrive\Desktop\project_new\semantic-photo-intelligence\car_angle_dataset\0\216178.jpeg,0,256,144,3592,none,.jpeg
90__none__232814,C:\Users\aryan\OneDrive\Desktop\project_new\semantic-photo-intelligence\car_angle_dataset\90\232814.jpeg,90,256,144,4106,none,.jpeg
0__none__164540,C:\Users\aryan\OneDrive\Desktop\project_new\semantic-photo-intelligence\car_angle_dataset\0\164540.jpeg,0,256,144,3905,none,.jpeg
180__none__325657,C:\Users\aryan\OneDrive\Desktop\project_new\semantic-photo-intelligence\car_angle_dataset\180\325657.jpeg,180,256,192,7490,none,.jpeg
130__none__357930,C:\Users\aryan\OneDrive\Desktop\project_new\semantic-photo-intelligence\car_angle_dataset\130\357930.jpeg,130,256,144,4107,none,.jpeg
270__none__373881,C:\Users\aryan\OneDrive\Desktop\project_new\semantic-photo-intelligence\car_angle_dataset\270\373881.jpeg,270,256,192,3895,none,.jpeg
90__none__290451,C:\Users\aryan\OneDrive\Desktop\project_new\semantic-photo-intelligence\car_angle_dataset\90\290451.jpeg,90,256,191,4721,none,.jpeg
90__none__30990,C:\Users\aryan\OneDrive\Desktop\project_new\semantic-photo-intelligence\car_angle_dataset\90\30990.jpeg,90,256,192,4826,none,.jpeg
90__none__45209,C:\Users\aryan\OneDrive\Desktop\project_new\semantic-photo-intelligence\car_angle_dataset\90\45209.jpeg,90,256,144,3592,none,.jpeg
130__none__409275,C:\Users\aryan\OneDrive\Desktop\project_new\semantic-photo-intelligence\car_angle_dataset\130\409275.jpeg,130,256,192,4193,none,.jpeg
180__none__445365,C:\Users\aryan\OneDrive\Desktop\project_new\semantic-photo-intelligence\car_angle_dataset\180\445365.jpeg,180,256,192,3320,none,.jpeg
0__none__180851,C:\Users\aryan\OneDrive\Desktop\project_new\semantic-photo-intelligence\car_angle_dataset\0\180851.jpeg,0,256,144,3355,none,.jpeg
270__none__289115,C:\Users\aryan\OneDrive\Desktop\project_new\semantic-photo-intelligence\car_angle_dataset\270\289115.jpeg,270,256,144,5125,none,.jpeg
130__none__110180,C:\Users\aryan\OneDrive\Desktop\project_new\semantic-photo-intelligence\car_angle_dataset\130\110180.jpeg,130,256,144,3866,none,.jpeg
130__none__109393,C:\Users\aryan\OneDrive\Desktop\project_new\semantic-photo-intelligence\car_angle_dataset\130\109393.jpeg,130,256,144,4398,none,.jpeg
130__none__235105,C:\Users\aryan\OneDrive\Desktop\project_new\semantic-photo-intelligence\car_angle_dataset\130\235105.jpeg,130,256,144,4278,none,.jpeg
180__none__343519,C:\Users\aryan\OneDrive\Desktop\project_new\semantic-photo-intelligence\car_angle_dataset\180\343519.jpeg,180,256,144,2468,none,.jpeg
270__none__337514,C:\Users\aryan\OneDrive\Desktop\project_new\semantic-photo-intelligence\car_angle_dataset\270\337514.jpeg,270,256,144,3049,none,.jpeg
180__none__335746,C:\Users\aryan\OneDrive\Desktop\project_new\semantic-photo-intelligence\car_angle_dataset\180\335746.jpeg,180,256,192,4254,none,.jpeg
130__none__87587,C:\Users\aryan\OneDrive\Desktop\project_new\semantic-photo-intelligence\car_angle_dataset\130\87587.jpeg,130,256,144,5031,none,.jpeg
0__none__171016,C:\Users\aryan\OneDrive\Desktop\project_new\semantic-photo-intelligence\car_angle_dataset\0\171016.jpeg,0,256,192,7654,none,.jpeg
180__none__90824,C:\Users\aryan\OneDrive\Desktop\project_new\semantic-photo-intelligence\car_angle_dataset\180\90824.jpeg,180,256,144,2683,none,.jpeg
270__none__441838,C:\Users\aryan\OneDrive\Desktop\project_new\semantic-photo-intelligence\car_angle_dataset\270\441838.jpeg,270,256,192,5693,none,.jpeg
130__none__145106,C:\Users\aryan\OneDrive\Desktop\project_new\semantic-photo-intelligence\car_angle_dataset\130\145106.jpeg,130,256,144,4319,none,.jpeg
90__none__37833,C:\Users\aryan\OneDrive\Desktop\project_new\semantic-photo-intelligence\car_angle_dataset\90\37833.jpeg,90,256,144,3642,none,.jpeg
180__none__268872,C:\Users\aryan\OneDrive\Desktop\project_new\semantic-photo-intelligence\car_angle_dataset\180\268872.jpeg,180,256,144,2958,none,.jpeg
0__none__246029,C:\Users\aryan\OneDrive\Desktop\project_new\semantic-photo-intelligence\car_angle_dataset\0\246029.jpeg,0,256,144,4707,none,.jpeg
0__none__300962,C:\Users\aryan\OneDrive\Desktop\project_new\semantic-photo-intelligence\car_angle_dataset\0\300962.jpeg,0,256,170,6177,none,.jpeg
270__none__210419,C:\Users\aryan\OneDrive\Desktop\project_new\semantic-photo-intelligence\car_angle_dataset\270\210419.jpeg,270,256,192,5642,none,.jpeg
0__none__413913,C:\Users\aryan\OneDrive\Desktop\project_new\semantic-photo-intelligence\car_angle_dataset\0\413913.jpeg,0,256,192,8191,none,.jpeg
0__none__297861,C:\Users\aryan\OneDrive\Desktop\project_new\semantic-photo-intelligence\car_angle_dataset\0\297861.jpeg,0,256,144,4105,none,.jpeg
180__none__181542,C:\Users\aryan\OneDrive\Desktop\project_new\semantic-photo-intelligence\car_angle_dataset\180\181542.jpeg,180,256,144,3452,none,.jpeg
130__none__154235,C:\Users\aryan\OneDrive\Desktop\project_new\semantic-photo-intelligence\car_angle_dataset\130\154235.jpeg,130,256,144,4392,none,.jpeg
270__none__400762,C:\Users\aryan\OneDrive\Desktop\project_new\semantic-photo-intelligence\car_angle_dataset\270\400762.jpeg,270,256,192,5967,none,.jpeg
270__none__349544,C:\Users\aryan\OneDrive\Desktop\project_new\semantic-photo-intelligence\car_angle_dataset\270\349544.jpeg,270,256,144,4226,none,.jpeg
130__none__313678,C:\Users\aryan\OneDrive\Desktop\project_new\semantic-photo-intelligence\car_angle_dataset\130\313678.jpeg,130,256,144,4137,none,.jpeg
180__none__215273,C:\Users\aryan\OneDrive\Desktop\project_new\semantic-photo-intelligence\car_angle_dataset\180\215273.jpeg,180,256,144,3305,none,.jpeg
0__none__194103,C:\Users\aryan\OneDrive\Desktop\project_new\semantic-photo-intelligence\car_angle_dataset\0\194103.jpeg,0,256,192,6561,none,.jpeg
0__none__151157,C:\Users\aryan\OneDrive\Desktop\project_new\semantic-photo-intelligence\car_angle_dataset\0\151157.jpeg,0,256,192,5897,none,.jpeg
270__none__426990,C:\Users\aryan\OneDrive\Desktop\project_new\semantic-photo-intelligence\car_angle_dataset\270\426990.jpeg,270,256,144,5269,none,.jpeg
90__none__266023,C:\Users\aryan\OneDrive\Desktop\project_new\semantic-photo-intelligence\car_angle_dataset\90\266023.jpeg,90,256,192,4973,none,.jpeg
130__none__229045,C:\Users\aryan\OneDrive\Desktop\project_new\semantic-photo-intelligence\car_angle_dataset\130\229045.jpeg,130,256,144,4165,none,.jpeg
180__none__171901,C:\Users\aryan\OneDrive\Desktop\project_new\semantic-photo-intelligence\car_angle_dataset\180\171901.jpeg,180,256,144,3616,none,.jpeg
180__none__91815,C:\Users\aryan\OneDrive\Desktop\project_new\semantic-photo-intelligence\car_angle_dataset\180\91815.jpeg,180,256,144,2959,none,.jpeg
270__none__465750,C:\Users\aryan\OneDrive\Desktop\project_new\semantic-photo-intelligence\car_angle_dataset\270\465750.jpeg,270,256,192,4161,none,.jpeg
270__none__236276,C:\Users\aryan\OneDrive\Desktop\project_new\semantic-photo-intelligence\car_angle_dataset\270\236276.jpeg,270,256,192,4694,none,.jpeg
180__none__71833,C:\Users\aryan\OneDrive\Desktop\project_new\semantic-photo-intelligence\car_angle_dataset\180\71833.jpeg,180,256,144,3977,none,.jpeg
270__none__461529,C:\Users\aryan\OneDrive\Desktop\project_new\semantic-photo-intelligence\car_angle_dataset\270\461529.jpeg,270,256,192,6138,none,.jpeg
270__none__482204,C:\Users\aryan\OneDrive\Desktop\project_new\semantic-photo-intelligence\car_angle_dataset\270\482204.jpeg,270,256,144,3507,none,.jpeg
130__none__91342,C:\Users\aryan\OneDrive\Desktop\project_new\semantic-photo-intelligence\car_angle_dataset\130\91342.jpeg,130,256,192,4775,none,.jpeg
130__none__116900,C:\Users\aryan\OneDrive\Desktop\project_new\semantic-photo-intelligence\car_angle_dataset\130\116900.jpeg,130,256,144,4925,none,.jpeg
130__none__220340,C:\Users\aryan\OneDrive\Desktop\project_new\semantic-photo-intelligence\car_angle_dataset\130\220340.jpeg,130,256,144,4058,none,.jpeg
130__none__250020,C:\Users\aryan\OneDrive\Desktop\project_new\semantic-photo-intelligence\car_angle_dataset\130\250020.jpeg,130,256,144,3064,none,.jpeg
0__none__482982,C:\Users\aryan\OneDrive\Desktop\project_new\semantic-photo-intelligence\car_angle_dataset\0\482982.jpeg,0,256,192,5897,none,.jpeg
180__none__396255,C:\Users\aryan\OneDrive\Desktop\project_new\semantic-photo-intelligence\car_angle_dataset\180\396255.jpeg,180,256,197,7849,none,.jpeg
270__none__451574,C:\Users\aryan\OneDrive\Desktop\project_new\semantic-photo-intelligence\car_angle_dataset\270\451574.jpeg,270,256,170,4592,none,.jpeg
270__none__470135,C:\Users\aryan\OneDrive\Desktop\project_new\semantic-photo-intelligence\car_angle_dataset\270\470135.jpeg,270,256,144,4051,none,.jpeg
0__none__89268,C:\Users\aryan\OneDrive\Desktop\project_new\semantic-photo-intelligence\car_angle_dataset\0\89268.jpeg,0,256,192,5365,none,.jpeg
0__none__264923,C:\Users\aryan\OneDrive\Desktop\project_new\semantic-photo-intelligence\car_angle_dataset\0\264923.jpeg,0,256,192,6593,none,.jpeg
180__none__81593,C:\Users\aryan\OneDrive\Desktop\project_new\semantic-photo-intelligence\car_angle_dataset\180\81593.jpeg,180,256,144,3205,none,.jpeg
270__none__301801,C:\Users\aryan\OneDrive\Desktop\project_new\semantic-photo-intelligence\car_angle_dataset\270\301801.jpeg,270,256,192,5100,none,.jpeg
0__none__197241,C:\Users\aryan\OneDrive\Desktop\project_new\semantic-photo-intelligence\car_angle_dataset\0\197241.jpeg,0,256,144,3817,none,.jpeg
90__none__90551,C:\Users\aryan\OneDrive\Desktop\project_new\semantic-photo-intelligence\car_angle_dataset\90\90551.jpeg,90,256,144,3562,none,.jpeg
0__none__326663,C:\Users\aryan\OneDrive\Desktop\project_new\semantic-photo-intelligence\car_angle_dataset\0\326663.jpeg,0,256,144,4381,none,.jpeg
0__none__428502,C:\Users\aryan\OneDrive\Desktop\project_new\semantic-photo-intelligence\car_angle_dataset\0\428502.jpeg,0,256,192,3801,none,.jpeg
270__none__200220,C:\Users\aryan\OneDrive\Desktop\project_new\semantic-photo-intelligence\car_angle_dataset\270\200220.jpeg,270,256,144,4379,none,.jpeg
130__none__141901,C:\Users\aryan\OneDrive\Desktop\project_new\semantic-photo-intelligence\car_angle_dataset\130\141901.jpeg,130,256,144,3192,none,.jpeg
180__none__474390,C:\Users\aryan\OneDrive\Desktop\project_new\semantic-photo-intelligence\car_angle_dataset\180\474390.jpeg,180,256,192,7138,none,.jpeg
270__none__491364,C:\Users\aryan\OneDrive\Desktop\project_new\semantic-photo-intelligence\car_angle_dataset\270\491364.jpeg,270,256,192,4220,none,.jpeg
0__none__483082,C:\Users\aryan\OneDrive\Desktop\project_new\semantic-photo-intelligence\car_angle_dataset\0\483082.jpeg,0,256,192,5897,none,.jpeg
270__none__399909,C:\Users\aryan\OneDrive\Desktop\project_new\semantic-photo-intelligence\car_angle_dataset\270\399909.jpeg,270,256,192,4379,none,.jpeg
180__none__466538,C:\Users\aryan\OneDrive\Desktop\project_new\semantic-photo-intelligence\car_angle_dataset\180\466538.jpeg,180,256,192,7420,none,.jpeg
130__none__174197,C:\Users\aryan\OneDrive\Desktop\project_new\semantic-photo-intelligence\car_angle_dataset\130\174197.jpeg,130,256,144,4335,none,.jpeg
180__none__361362,C:\Users\aryan\OneDrive\Desktop\project_new\semantic-photo-intelligence\car_angle_dataset\180\361362.jpeg,180,256,192,5568,none,.jpeg
180__none__163097,C:\Users\aryan\OneDrive\Desktop\project_new\semantic-photo-intelligence\car_angle_dataset\180\163097.jpeg,180,256,192,5119,none,.jpeg
130__none__377885,C:\Users\aryan\OneDrive\Desktop\project_new\semantic-photo-intelligence\car_angle_dataset\130\377885.jpeg,130,256,144,7387,none,.jpeg
180__none__237336,C:\Users\aryan\OneDrive\Desktop\project_new\semantic-photo-intelligence\car_angle_dataset\180\237336.jpeg,180,256,144,3976,none,.jpeg
0__none__305502,C:\Users\aryan\OneDrive\Desktop\project_new\semantic-photo-intelligence\car_angle_dataset\0\305502.jpeg,0,256,192,6210,none,.jpeg
180__none__499511,C:\Users\aryan\OneDrive\Desktop\project_new\semantic-photo-intelligence\car_angle_dataset\180\499511.jpeg,180,256,144,2509,none,.jpeg
130__none__444125,C:\Users\aryan\OneDrive\Desktop\project_new\semantic-photo-intelligence\car_angle_dataset\130\444125.jpeg,130,256,144,3757,none,.jpeg
0__none__483095,C:\Users\aryan\OneDrive\Desktop\project_new\semantic-photo-intelligence\car_angle_dataset\0\483095.jpeg,0,256,192,5897,none,.jpeg
180__none__312636,C:\Users\aryan\OneDrive\Desktop\project_new\semantic-photo-intelligence\car_angle_dataset\180\312636.jpeg,180,256,144,3305,none,.jpeg
90__none__124473,C:\Users\aryan\OneDrive\Desktop\project_new\semantic-photo-intelligence\car_angle_dataset\90\124473.jpeg,90,256,192,4567,none,.jpeg
270__none__191151,C:\Users\aryan\OneDrive\Desktop\project_new\semantic-photo-intelligence\car_angle_dataset\270\191151.jpeg,270,256,192,3956,none,.jpeg
130__none__409006,C:\Users\aryan\OneDrive\Desktop\project_new\semantic-photo-intelligence\car_angle_dataset\130\409006.jpeg,130,256,192,3959,none,.jpeg
90__none__172669,C:\Users\aryan\OneDrive\Desktop\project_new\semantic-photo-intelligence\car_angle_dataset\90\172669.jpeg,90,256,192,6214,none,.jpeg
90__none__267973,C:\Users\aryan\OneDrive\Desktop\project_new\semantic-photo-intelligence\car_angle_dataset\90\267973.jpeg,90,256,192,3850,none,.jpeg
270__none__467644,C:\Users\aryan\OneDrive\Desktop\project_new\semantic-photo-intelligence\car_angle_dataset\270\467644.jpeg,270,256,192,5719,none,.jpeg
270__none__371018,C:\Users\aryan\OneDrive\Desktop\project_new\semantic-photo-intelligence\car_angle_dataset\270\371018.jpeg,270,256,192,4783,none,.jpeg
180__none__483362,C:\Users\aryan\OneDrive\Desktop\project_new\semantic-photo-intelligence\car_angle_dataset\180\483362.jpeg,180,256,170,3755,none,.jpeg
270__none__192551,C:\Users\aryan\OneDrive\Desktop\project_new\semantic-photo-intelligence\car_angle_dataset\270\192551.jpeg,270,256,192,4852,none,.jpeg
130__none__112871,C:\Users\aryan\OneDrive\Desktop\project_new\semantic-photo-intelligence\car_angle_dataset\130\112871.jpeg,130,256,192,6621,none,.jpeg
0__none__486124,C:\Users\aryan\OneDrive\Desktop\project_new\semantic-photo-intelligence\car_angle_dataset\0\486124.jpeg,0,256,144,3032,none,.jpeg
180__none__296826,C:\Users\aryan\OneDrive\Desktop\project_new\semantic-photo-intelligence\car_angle_dataset\180\296826.jpeg,180,256,144,3954,none,.jpeg
0__none__498691,C:\Users\aryan\OneDrive\Desktop\project_new\semantic-photo-intelligence\car_angle_dataset\0\498691.jpeg,0,256,192,5897,none,.jpeg
0__none__136695,C:\Users\aryan\OneDrive\Desktop\project_new\semantic-photo-intelligence\car_angle_dataset\0\136695.jpeg,0,256,191,4762,none,.jpeg
180__none__313233,C:\Users\aryan\OneDrive\Desktop\project_new\semantic-photo-intelligence\car_angle_dataset\180\313233.jpeg,180,256,144,7096,none,.jpeg
270__none__185987,C:\Users\aryan\OneDrive\Desktop\project_new\semantic-photo-intelligence\car_angle_dataset\270\185987.jpeg,270,256,144,5085,none,.jpeg
90__none__167529,C:\Users\aryan\OneDrive\Desktop\project_new\semantic-photo-intelligence\car_angle_dataset\90\167529.jpeg,90,256,192,5760,none,.jpeg
180__none__76272,C:\Users\aryan\OneDrive\Desktop\project_new\semantic-photo-intelligence\car_angle_dataset\180\76272.jpeg,180,256,144,3027,none,.jpeg
270__none__483224,C:\Users\aryan\OneDrive\Desktop\project_new\semantic-photo-intelligence\car_angle_dataset\270\483224.jpeg,270,256,192,5027,none,.jpeg
130__none__121833,C:\Users\aryan\OneDrive\Desktop\project_new\semantic-photo-intelligence\car_angle_dataset\130\121833.jpeg,130,256,144,5750,none,.jpeg
90__none__245678,C:\Users\aryan\OneDrive\Desktop\project_new\semantic-photo-intelligence\car_angle_dataset\90\245678.jpeg,90,256,144,4538,none,.jpeg
0__none__349342,C:\Users\aryan\OneDrive\Desktop\project_new\semantic-photo-intelligence\car_angle_dataset\0\349342.jpeg,0,256,144,4211,none,.jpeg
90__none__253618,C:\Users\aryan\OneDrive\Desktop\project_new\semantic-photo-intelligence\car_angle_dataset\90\253618.jpeg,90,256,192,5809,none,.jpeg
0__none__326888,C:\Users\aryan\OneDrive\Desktop\project_new\semantic-photo-intelligence\car_angle_dataset\0\326888.jpeg,0,256,144,3519,none,.jpeg
90__none__254893,C:\Users\aryan\OneDrive\Desktop\project_new\semantic-photo-intelligence\car_angle_dataset\90\254893.jpeg,90,256,144,3239,none,.jpeg
0__none__396839,C:\Users\aryan\OneDrive\Desktop\project_new\semantic-photo-intelligence\car_angle_dataset\0\396839.jpeg,0,256,144,2196,none,.jpeg
0__none__198805,C:\Users\aryan\OneDrive\Desktop\project_new\semantic-photo-intelligence\car_angle_dataset\0\198805.jpeg,0,256,144,4178,none,.jpeg
90__none__202626,C:\Users\aryan\OneDrive\Desktop\project_new\semantic-photo-intelligence\car_angle_dataset\90\202626.jpeg,90,256,144,3376,none,.jpeg
130__none__125014,C:\Users\aryan\OneDrive\Desktop\project_new\semantic-photo-intelligence\car_angle_dataset\130\125014.jpeg,130,256,144,5636,none,.jpeg
180__none__155970,C:\Users\aryan\OneDrive\Desktop\project_new\semantic-photo-intelligence\car_angle_dataset\180\155970.jpeg,180,256,144,3170,none,.jpeg
90__none__160343,C:\Users\aryan\OneDrive\Desktop\project_new\semantic-photo-intelligence\car_angle_dataset\90\160343.jpeg,90,256,192,4152,none,.jpeg
270__none__286872,C:\Users\aryan\OneDrive\Desktop\project_new\semantic-photo-intelligence\car_angle_dataset\270\286872.jpeg,270,256,192,5520,none,.jpeg
0__none__196185,C:\Users\aryan\OneDrive\Desktop\project_new\semantic-photo-intelligence\car_angle_dataset\0\196185.jpeg,0,256,161,4280,none,.jpeg
180__none__268400,C:\Users\aryan\OneDrive\Desktop\project_new\semantic-photo-intelligence\car_angle_dataset\180\268400.jpeg,180,256,192,5030,none,.jpeg
130__none__163722,C:\Users\aryan\OneDrive\Desktop\project_new\semantic-photo-intelligence\car_angle_dataset\130\163722.jpeg,130,256,144,5254,none,.jpeg
180__none__118275,C:\Users\aryan\OneDrive\Desktop\project_new\semantic-photo-intelligence\car_angle_dataset\180\118275.jpeg,180,256,144,3977,none,.jpeg
90__none__312876,C:\Users\aryan\OneDrive\Desktop\project_new\semantic-photo-intelligence\car_angle_dataset\90\312876.jpeg,90,256,192,5294,none,.jpeg
180__none__447677,C:\Users\aryan\OneDrive\Desktop\project_new\semantic-photo-intelligence\car_angle_dataset\180\447677.jpeg,180,256,144,3937,none,.jpeg
270__none__469539,C:\Users\aryan\OneDrive\Desktop\project_new\semantic-photo-intelligence\car_angle_dataset\270\469539.jpeg,270,256,192,5644,none,.jpeg
270__none__275660,C:\Users\aryan\OneDrive\Desktop\project_new\semantic-photo-intelligence\car_angle_dataset\270\275660.jpeg,270,256,144,4064,none,.jpeg
270__none__246866,C:\Users\aryan\OneDrive\Desktop\project_new\semantic-photo-intelligence\car_angle_dataset\270\246866.jpeg,270,256,144,4824,none,.jpeg
130__none__117655,C:\Users\aryan\OneDrive\Desktop\project_new\semantic-photo-intelligence\car_angle_dataset\130\117655.jpeg,130,256,144,5061,none,.jpeg
180__none__369772,C:\Users\aryan\OneDrive\Desktop\project_new\semantic-photo-intelligence\car_angle_dataset\180\369772.jpeg,180,256,144,3043,none,.jpeg
130__none__389393,C:\Users\aryan\OneDrive\Desktop\project_new\semantic-photo-intelligence\car_angle_dataset\130\389393.jpeg,130,256,192,3847,none,.jpeg
270__none__226320,C:\Users\aryan\OneDrive\Desktop\project_new\semantic-photo-intelligence\car_angle_dataset\270\226320.jpeg,270,256,192,4747,none,.jpeg
180__none__72348,C:\Users\aryan\OneDrive\Desktop\project_new\semantic-photo-intelligence\car_angle_dataset\180\72348.jpeg,180,256,144,2678,none,.jpeg
130__none__488594,C:\Users\aryan\OneDrive\Desktop\project_new\semantic-photo-intelligence\car_angle_dataset\130\488594.jpeg,130,256,192,6314,none,.jpeg
0__none__442761,C:\Users\aryan\OneDrive\Desktop\project_new\semantic-photo-intelligence\car_angle_dataset\0\442761.jpeg,0,256,170,3844,none,.jpeg
0__none__396535,C:\Users\aryan\OneDrive\Desktop\project_new\semantic-photo-intelligence\car_angle_dataset\0\396535.jpeg,0,256,144,6835,none,.jpeg
180__none__478487,C:\Users\aryan\OneDrive\Desktop\project_new\semantic-photo-intelligence\car_angle_dataset\180\478487.jpeg,180,256,192,6351,none,.jpeg
180__none__72590,C:\Users\aryan\OneDrive\Desktop\project_new\semantic-photo-intelligence\car_angle_dataset\180\72590.jpeg,180,256,144,4969,none,.jpeg
0__none__325595,C:\Users\aryan\OneDrive\Desktop\project_new\semantic-photo-intelligence\car_angle_dataset\0\325595.jpeg,0,256,192,6549,none,.jpeg
90__none__19567,C:\Users\aryan\OneDrive\Desktop\project_new\semantic-photo-intelligence\car_angle_dataset\90\19567.jpeg,90,256,144,4263,none,.jpeg
0__none__225833,C:\Users\aryan\OneDrive\Desktop\project_new\semantic-photo-intelligence\car_angle_dataset\0\225833.jpeg,0,256,144,4523,none,.jpeg
130__none__350940,C:\Users\aryan\OneDrive\Desktop\project_new\semantic-photo-intelligence\car_angle_dataset\130\350940.jpeg,130,256,144,3874,none,.jpeg
180__none__224205,C:\Users\aryan\OneDrive\Desktop\project_new\semantic-photo-intelligence\car_angle_dataset\180\224205.jpeg,180,256,144,3845,none,.jpeg
270__none__468264,C:\Users\aryan\OneDrive\Desktop\project_new\semantic-photo-intelligence\car_angle_dataset\270\468264.jpeg,270,256,192,5157,none,.jpeg
90__none__16314,C:\Users\aryan\OneDrive\Desktop\project_new\semantic-photo-intelligence\car_angle_dataset\90\16314.jpeg,90,256,144,4549,none,.jpeg
90__none__314456,C:\Users\aryan\OneDrive\Desktop\project_new\semantic-photo-intelligence\car_angle_dataset\90\314456.jpeg,90,256,144,6145,none,.jpeg
270__none__443360,C:\Users\aryan\OneDrive\Desktop\project_new\semantic-photo-intelligence\car_angle_dataset\270\443360.jpeg,270,256,144,3957,none,.jpeg
0__none__290253,C:\Users\aryan\OneDrive\Desktop\project_new\semantic-photo-intelligence\car_angle_dataset\0\290253.jpeg,0,256,170,6022,none,.jpeg
270__none__381457,C:\Users\aryan\OneDrive\Desktop\project_new\semantic-photo-intelligence\car_angle_dataset\270\381457.jpeg,270,256,192,4882,none,.jpeg
270__none__380729,C:\Users\aryan\OneDrive\Desktop\project_new\semantic-photo-intelligence\car_angle_dataset\270\380729.jpeg,270,256,147,5245,none,.jpeg
90__none__134182,C:\Users\aryan\OneDrive\Desktop\project_new\semantic-photo-intelligence\car_angle_dataset\90\134182.jpeg,90,256,144,4964,none,.jpeg
90__none__226024,C:\Users\aryan\OneDrive\Desktop\project_new\semantic-photo-intelligence\car_angle_dataset\90\226024.jpeg,90,256,144,3865,none,.jpeg
180__none__458120,C:\Users\aryan\OneDrive\Desktop\project_new\semantic-photo-intelligence\car_angle_dataset\180\458120.jpeg,180,256,144,3924,none,.jpeg
130__none__259943,C:\Users\aryan\OneDrive\Desktop\project_new\semantic-photo-intelligence\car_angle_dataset\130\259943.jpeg,130,256,144,3423,none,.jpeg
90__none__60024,C:\Users\aryan\OneDrive\Desktop\project_new\semantic-photo-intelligence\car_angle_dataset\90\60024.jpeg,90,256,144,4707,none,.jpeg
90__none__282688,C:\Users\aryan\OneDrive\Desktop\project_new\semantic-photo-intelligence\car_angle_dataset\90\282688.jpeg,90,256,192,5267,none,.jpeg
180__none__191011,C:\Users\aryan\OneDrive\Desktop\project_new\semantic-photo-intelligence\car_angle_dataset\180\191011.jpeg,180,256,144,5148,none,.jpeg
90__none__245626,C:\Users\aryan\OneDrive\Desktop\project_new\semantic-photo-intelligence\car_angle_dataset\90\245626.jpeg,90,256,144,3962,none,.jpeg
130__none__84596,C:\Users\aryan\OneDrive\Desktop\project_new\semantic-photo-intelligence\car_angle_dataset\130\84596.jpeg,130,256,144,4079,none,.jpeg
90__none__86107,C:\Users\aryan\OneDrive\Desktop\project_new\semantic-photo-intelligence\car_angle_dataset\90\86107.jpeg,90,256,192,5820,none,.jpeg
0__none__443547,C:\Users\aryan\OneDrive\Desktop\project_new\semantic-photo-intelligence\car_angle_dataset\0\443547.jpeg,0,256,192,9354,none,.jpeg
90__none__166059,C:\Users\aryan\OneDrive\Desktop\project_new\semantic-photo-intelligence\car_angle_dataset\90\166059.jpeg,90,256,192,6214,none,.jpeg
130__none__391667,C:\Users\aryan\OneDrive\Desktop\project_new\semantic-photo-intelligence\car_angle_dataset\130\391667.jpeg,130,256,144,5020,none,.jpeg
130__none__353153,C:\Users\aryan\OneDrive\Desktop\project_new\semantic-photo-intelligence\car_angle_dataset\130\353153.jpeg,130,256,144,3198,none,.jpeg
180__none__120697,C:\Users\aryan\OneDrive\Desktop\project_new\semantic-photo-intelligence\car_angle_dataset\180\120697.jpeg,180,256,144,3544,none,.jpeg
90__none__150279,C:\Users\aryan\OneDrive\Desktop\project_new\semantic-photo-intelligence\car_angle_dataset\90\150279.jpeg,90,256,144,5401,none,.jpeg
180__none__373163,C:\Users\aryan\OneDrive\Desktop\project_new\semantic-photo-intelligence\car_angle_dataset\180\373163.jpeg,180,256,192,7278,none,.jpeg
130__none__462361,C:\Users\aryan\OneDrive\Desktop\project_new\semantic-photo-intelligence\car_angle_dataset\130\462361.jpeg,130,256,192,4462,none,.jpeg
270__none__249439,C:\Users\aryan\OneDrive\Desktop\project_new\semantic-photo-intelligence\car_angle_dataset\270\249439.jpeg,270,256,144,4911,none,.jpeg
180__none__397130,C:\Users\aryan\OneDrive\Desktop\project_new\semantic-photo-intelligence\car_angle_dataset\180\397130.jpeg,180,256,144,2952,none,.jpeg
90__none__216850,C:\Users\aryan\OneDrive\Desktop\project_new\semantic-photo-intelligence\car_angle_dataset\90\216850.jpeg,90,256,192,5200,none,.jpeg
130__none__482248,C:\Users\aryan\OneDrive\Desktop\project_new\semantic-photo-intelligence\car_angle_dataset\130\482248.jpeg,130,256,192,6009,none,.jpeg
180__none__320022,C:\Users\aryan\OneDrive\Desktop\project_new\semantic-photo-intelligence\car_angle_dataset\180\320022.jpeg,180,256,144,3985,none,.jpeg
0__none__438253,C:\Users\aryan\OneDrive\Desktop\project_new\semantic-photo-intelligence\car_angle_dataset\0\438253.jpeg,0,256,162,6789,none,.jpeg
130__none__102549,C:\Users\aryan\OneDrive\Desktop\project_new\semantic-photo-intelligence\car_angle_dataset\130\102549.jpeg,130,256,144,3754,none,.jpeg
0__none__343965,C:\Users\aryan\OneDrive\Desktop\project_new\semantic-photo-intelligence\car_angle_dataset\0\343965.jpeg,0,256,144,4352,none,.jpeg
270__none__195388,C:\Users\aryan\OneDrive\Desktop\project_new\semantic-photo-intelligence\car_angle_dataset\270\195388.jpeg,270,256,192,3820,none,.jpeg
130__none__114868,C:\Users\aryan\OneDrive\Desktop\project_new\semantic-photo-intelligence\car_angle_dataset\130\114868.jpeg,130,256,144,4208,none,.jpeg
0__none__473619,C:\Users\aryan\OneDrive\Desktop\project_new\semantic-photo-intelligence\car_angle_dataset\0\473619.jpeg,0,256,144,4405,none,.jpeg
180__none__272540,C:\Users\aryan\OneDrive\Desktop\project_new\semantic-photo-intelligence\car_angle_dataset\180\272540.jpeg,180,256,144,2928,none,.jpeg
0__none__421066,C:\Users\aryan\OneDrive\Desktop\project_new\semantic-photo-intelligence\car_angle_dataset\0\421066.jpeg,0,256,144,3928,none,.jpeg
180__none__288834,C:\Users\aryan\OneDrive\Desktop\project_new\semantic-photo-intelligence\car_angle_dataset\180\288834.jpeg,180,256,144,3090,none,.jpeg
270__none__211010,C:\Users\aryan\OneDrive\Desktop\project_new\semantic-photo-intelligence\car_angle_dataset\270\211010.jpeg,270,256,192,2560,none,.jpeg
130__none__121212,C:\Users\aryan\OneDrive\Desktop\project_new\semantic-photo-intelligence\car_angle_dataset\130\121212.jpeg,130,256,144,3813,none,.jpeg
270__none__368102,C:\Users\aryan\OneDrive\Desktop\project_new\semantic-photo-intelligence\car_angle_dataset\270\368102.jpeg,270,256,144,4050,none,.jpeg
180__none__324553,C:\Users\aryan\OneDrive\Desktop\project_new\semantic-photo-intelligence\car_angle_dataset\180\324553.jpeg,180,256,192,6765,none,.jpeg
90__none__41037,C:\Users\aryan\OneDrive\Desktop\project_new\semantic-photo-intelligence\car_angle_dataset\90\41037.jpeg,90,256,144,4180,none,.jpeg
90__none__56593,C:\Users\aryan\OneDrive\Desktop\project_new\semantic-photo-intelligence\car_angle_dataset\90\56593.jpeg,90,256,192,5227,none,.jpeg
130__none__279118,C:\Users\aryan\OneDrive\Desktop\project_new\semantic-photo-intelligence\car_angle_dataset\130\279118.jpeg,130,256,144,4080,none,.jpeg
0__none__188293,C:\Users\aryan\OneDrive\Desktop\project_new\semantic-photo-intelligence\car_angle_dataset\0\188293.jpeg,0,256,192,5897,none,.jpeg
130__none__312665,C:\Users\aryan\OneDrive\Desktop\project_new\semantic-photo-intelligence\car_angle_dataset\130\312665.jpeg,130,256,144,4864,none,.jpeg
270__none__292321,C:\Users\aryan\OneDrive\Desktop\project_new\semantic-photo-intelligence\car_angle_dataset\270\292321.jpeg,270,256,192,4135,none,.jpeg
130__none__89753,C:\Users\aryan\OneDrive\Desktop\project_new\semantic-photo-intelligence\car_angle_dataset\130\89753.jpeg,130,256,144,4061,none,.jpeg
180__none__262294,C:\Users\aryan\OneDrive\Desktop\project_new\semantic-photo-intelligence\car_angle_dataset\180\262294.jpeg,180,256,144,3099,none,.jpeg
270__none__269198,C:\Users\aryan\OneDrive\Desktop\project_new\semantic-photo-intelligence\car_angle_dataset\270\269198.jpeg,270,256,170,6848,none,.jpeg
180__none__131396,C:\Users\aryan\OneDrive\Desktop\project_new\semantic-photo-intelligence\car_angle_dataset\180\131396.jpeg,180,256,170,4925,none,.jpeg
0__none__395825,C:\Users\aryan\OneDrive\Desktop\project_new\semantic-photo-intelligence\car_angle_dataset\0\395825.jpeg,0,256,192,5763,none,.jpeg
180__none__311639,C:\Users\aryan\OneDrive\Desktop\project_new\semantic-photo-intelligence\car_angle_dataset\180\311639.jpeg,180,256,144,2787,none,.jpeg
270__none__295868,C:\Users\aryan\OneDrive\Desktop\project_new\semantic-photo-intelligence\car_angle_dataset\270\295868.jpeg,270,256,192,4670,none,.jpeg
130__none__185705,C:\Users\aryan\OneDrive\Desktop\project_new\semantic-photo-intelligence\car_angle_dataset\130\185705.jpeg,130,256,144,4282,none,.jpeg
180__none__144927,C:\Users\aryan\OneDrive\Desktop\project_new\semantic-photo-intelligence\car_angle_dataset\180\144927.jpeg,180,256,144,2566,none,.jpeg
180__none__366692,C:\Users\aryan\OneDrive\Desktop\project_new\semantic-photo-intelligence\car_angle_dataset\180\366692.jpeg,180,256,144,2965,none,.jpeg
90__none__140314,C:\Users\aryan\OneDrive\Desktop\project_new\semantic-photo-intelligence\car_angle_dataset\90\140314.jpeg,90,256,144,5221,none,.jpeg
130__none__125098,C:\Users\aryan\OneDrive\Desktop\project_new\semantic-photo-intelligence\car_angle_dataset\130\125098.jpeg,130,256,144,3991,none,.jpeg
270__none__440001,C:\Users\aryan\OneDrive\Desktop\project_new\semantic-photo-intelligence\car_angle_dataset\270\440001.jpeg,270,256,192,5175,none,.jpeg
180__none__83559,C:\Users\aryan\OneDrive\Desktop\project_new\semantic-photo-intelligence\car_angle_dataset\180\83559.jpeg,180,256,192,4801,none,.jpeg
0__none__180482,C:\Users\aryan\OneDrive\Desktop\project_new\semantic-photo-intelligence\car_angle_dataset\0\180482.jpeg,0,256,192,5897,none,.jpeg
90__none__278231,C:\Users\aryan\OneDrive\Desktop\project_new\semantic-photo-intelligence\car_angle_dataset\90\278231.jpeg,90,256,192,4232,none,.jpeg
130__none__371962,C:\Users\aryan\OneDrive\Desktop\project_new\semantic-photo-intelligence\car_angle_dataset\130\371962.jpeg,130,256,192,3920,none,.jpeg
130__none__182280,C:\Users\aryan\OneDrive\Desktop\project_new\semantic-photo-intelligence\car_angle_dataset\130\182280.jpeg,130,256,144,5024,none,.jpeg
0__none__404266,C:\Users\aryan\OneDrive\Desktop\project_new\semantic-photo-intelligence\car_angle_dataset\0\404266.jpeg,0,256,191,6448,none,.jpeg
130__none__270242,C:\Users\aryan\OneDrive\Desktop\project_new\semantic-photo-intelligence\car_angle_dataset\130\270242.jpeg,130,256,144,4472,none,.jpeg
90__none__117765,C:\Users\aryan\OneDrive\Desktop\project_new\semantic-photo-intelligence\car_angle_dataset\90\117765.jpeg,90,256,144,3387,none,.jpeg
0__none__228331,C:\Users\aryan\OneDrive\Desktop\project_new\semantic-photo-intelligence\car_angle_dataset\0\228331.jpeg,0,256,192,5587,none,.jpeg
270__none__343120,C:\Users\aryan\OneDrive\Desktop\project_new\semantic-photo-intelligence\car_angle_dataset\270\343120.jpeg,270,256,144,5361,none,.jpeg
180__none__209335,C:\Users\aryan\OneDrive\Desktop\project_new\semantic-photo-intelligence\car_angle_dataset\180\209335.jpeg,180,256,192,5908,none,.jpeg
270__none__307221,C:\Users\aryan\OneDrive\Desktop\project_new\semantic-photo-intelligence\car_angle_dataset\270\307221.jpeg,270,256,144,3999,none,.jpeg
0__none__345871,C:\Users\aryan\OneDrive\Desktop\project_new\semantic-photo-intelligence\car_angle_dataset\0\345871.jpeg,0,256,192,7296,none,.jpeg
130__none__368743,C:\Users\aryan\OneDrive\Desktop\project_new\semantic-photo-intelligence\car_angle_dataset\130\368743.jpeg,130,256,144,3659,none,.jpeg
180__none__462737,C:\Users\aryan\OneDrive\Desktop\project_new\semantic-photo-intelligence\car_angle_dataset\180\462737.jpeg,180,256,192,6795,none,.jpeg
0__none__435002,C:\Users\aryan\OneDrive\Desktop\project_new\semantic-photo-intelligence\car_angle_dataset\0\435002.jpeg,0,256,192,5718,none,.jpeg
0__none__350429,C:\Users\aryan\OneDrive\Desktop\project_new\semantic-photo-intelligence\car_angle_dataset\0\350429.jpeg,0,256,193,7005,none,.jpeg
130__none__367991,C:\Users\aryan\OneDrive\Desktop\project_new\semantic-photo-intelligence\car_angle_dataset\130\367991.jpeg,130,256,144,3922,none,.jpeg
90__none__212541,C:\Users\aryan\OneDrive\Desktop\project_new\semantic-photo-intelligence\car_angle_dataset\90\212541.jpeg,90,256,144,4892,none,.jpeg
0__none__110124,C:\Users\aryan\OneDrive\Desktop\project_new\semantic-photo-intelligence\car_angle_dataset\0\110124.jpeg,0,256,144,3223,none,.jpeg
180__none__70714,C:\Users\aryan\OneDrive\Desktop\project_new\semantic-photo-intelligence\car_angle_dataset\180\70714.jpeg,180,256,144,2978,none,.jpeg
0__none__369031,C:\Users\aryan\OneDrive\Desktop\project_new\semantic-photo-intelligence\car_angle_dataset\0\369031.jpeg,0,256,144,3995,none,.jpeg
0__none__242537,C:\Users\aryan\OneDrive\Desktop\project_new\semantic-photo-intelligence\car_angle_dataset\0\242537.jpeg,0,256,144,2876,none,.jpeg
0__none__246536,C:\Users\aryan\OneDrive\Desktop\project_new\semantic-photo-intelligence\car_angle_dataset\0\246536.jpeg,0,256,144,3666,none,.jpeg
180__none__183148,C:\Users\aryan\OneDrive\Desktop\project_new\semantic-photo-intelligence\car_angle_dataset\180\183148.jpeg,180,256,144,3773,none,.jpeg
90__none__74913,C:\Users\aryan\OneDrive\Desktop\project_new\semantic-photo-intelligence\car_angle_dataset\90\74913.jpeg,90,256,144,4117,none,.jpeg
0__none__381062,C:\Users\aryan\OneDrive\Desktop\project_new\semantic-photo-intelligence\car_angle_dataset\0\381062.jpeg,0,256,192,4245,none,.jpeg
270__none__418680,C:\Users\aryan\OneDrive\Desktop\project_new\semantic-photo-intelligence\car_angle_dataset\270\418680.jpeg,270,256,144,4526,none,.jpeg
180__none__234656,C:\Users\aryan\OneDrive\Desktop\project_new\semantic-photo-intelligence\car_angle_dataset\180\234656.jpeg,180,256,192,6176,none,.jpeg
130__none__357513,C:\Users\aryan\OneDrive\Desktop\project_new\semantic-photo-intelligence\car_angle_dataset\130\357513.jpeg,130,256,144,4255,none,.jpeg
90__none__305227,C:\Users\aryan\OneDrive\Desktop\project_new\semantic-photo-intelligence\car_angle_dataset\90\305227.jpeg,90,256,192,3805,none,.jpeg
270__none__457155,C:\Users\aryan\OneDrive\Desktop\project_new\semantic-photo-intelligence\car_angle_dataset\270\457155.jpeg,270,256,144,2960,none,.jpeg
90__none__283529,C:\Users\aryan\OneDrive\Desktop\project_new\semantic-photo-intelligence\car_angle_dataset\90\283529.jpeg,90,256,144,5314,none,.jpeg
180__none__404250,C:\Users\aryan\OneDrive\Desktop\project_new\semantic-photo-intelligence\car_angle_dataset\180\404250.jpeg,180,256,192,7599,none,.jpeg
180__none__432821,C:\Users\aryan\OneDrive\Desktop\project_new\semantic-photo-intelligence\car_angle_dataset\180\432821.jpeg,180,256,143,4645,none,.jpeg
90__none__78038,C:\Users\aryan\OneDrive\Desktop\project_new\semantic-photo-intelligence\car_angle_dataset\90\78038.jpeg,90,256,144,3497,none,.jpeg
90__none__215986,C:\Users\aryan\OneDrive\Desktop\project_new\semantic-photo-intelligence\car_angle_dataset\90\215986.jpeg,90,256,192,4542,none,.jpeg
130__none__337218,C:\Users\aryan\OneDrive\Desktop\project_new\semantic-photo-intelligence\car_angle_dataset\130\337218.jpeg,130,256,144,4754,none,.jpeg
130__none__411216,C:\Users\aryan\OneDrive\Desktop\project_new\semantic-photo-intelligence\car_angle_dataset\130\411216.jpeg,130,256,192,4637,none,.jpeg
270__none__254067,C:\Users\aryan\OneDrive\Desktop\project_new\semantic-photo-intelligence\car_angle_dataset\270\254067.jpeg,270,256,144,4931,none,.jpeg
270__none__263363,C:\Users\aryan\OneDrive\Desktop\project_new\semantic-photo-intelligence\car_angle_dataset\270\263363.jpeg,270,256,144,3449,none,.jpeg
180__none__376971,C:\Users\aryan\OneDrive\Desktop\project_new\semantic-photo-intelligence\car_angle_dataset\180\376971.jpeg,180,256,144,3618,none,.jpeg
180__none__203684,C:\Users\aryan\OneDrive\Desktop\project_new\semantic-photo-intelligence\car_angle_dataset\180\203684.jpeg,180,256,155,4338,none,.jpeg
180__none__275652,C:\Users\aryan\OneDrive\Desktop\project_new\semantic-photo-intelligence\car_angle_dataset\180\275652.jpeg,180,256,144,4448,none,.jpeg
0__none__300180,C:\Users\aryan\OneDrive\Desktop\project_new\semantic-photo-intelligence\car_angle_dataset\0\300180.jpeg,0,256,144,4755,none,.jpeg
0__none__473880,C:\Users\aryan\OneDrive\Desktop\project_new\semantic-photo-intelligence\car_angle_dataset\0\473880.jpeg,0,256,144,3918,none,.jpeg
0__none__387756,C:\Users\aryan\OneDrive\Desktop\project_new\semantic-photo-intelligence\car_angle_dataset\0\387756.jpeg,0,256,192,6250,none,.jpeg
130__none__466088,C:\Users\aryan\OneDrive\Desktop\project_new\semantic-photo-intelligence\car_angle_dataset\130\466088.jpeg,130,256,192,4520,none,.jpeg
90__none__147767,C:\Users\aryan\OneDrive\Desktop\project_new\semantic-photo-intelligence\car_angle_dataset\90\147767.jpeg,90,256,144,3153,none,.jpeg
270__none__300479,C:\Users\aryan\OneDrive\Desktop\project_new\semantic-photo-intelligence\car_angle_dataset\270\300479.jpeg,270,256,192,5158,none,.jpeg
130__none__307415,C:\Users\aryan\OneDrive\Desktop\project_new\semantic-photo-intelligence\car_angle_dataset\130\307415.jpeg,130,256,144,4587,none,.jpeg
0__none__192548,C:\Users\aryan\OneDrive\Desktop\project_new\semantic-photo-intelligence\car_angle_dataset\0\192548.jpeg,0,256,144,4182,none,.jpeg
130__none__426096,C:\Users\aryan\OneDrive\Desktop\project_new\semantic-photo-intelligence\car_angle_dataset\130\426096.jpeg,130,256,144,5297,none,.jpeg
130__none__110536,C:\Users\aryan\OneDrive\Desktop\project_new\semantic-photo-intelligence\car_angle_dataset\130\110536.jpeg,130,256,144,5012,none,.jpeg
0__none__372780,C:\Users\aryan\OneDrive\Desktop\project_new\semantic-photo-intelligence\car_angle_dataset\0\372780.jpeg,0,256,192,7002,none,.jpeg
180__none__80910,C:\Users\aryan\OneDrive\Desktop\project_new\semantic-photo-intelligence\car_angle_dataset\180\80910.jpeg,180,256,192,4908,none,.jpeg
0__none__146063,C:\Users\aryan\OneDrive\Desktop\project_new\semantic-photo-intelligence\car_angle_dataset\0\146063.jpeg,0,256,144,4087,none,.jpeg
0__none__413774,C:\Users\aryan\OneDrive\Desktop\project_new\semantic-photo-intelligence\car_angle_dataset\0\413774.jpeg,0,256,192,7482,none,.jpeg
90__none__88363,C:\Users\aryan\OneDrive\Desktop\project_new\semantic-photo-intelligence\car_angle_dataset\90\88363.jpeg,90,256,192,5033,none,.jpeg
90__none__123113,C:\Users\aryan\OneDrive\Desktop\project_new\semantic-photo-intelligence\car_angle_dataset\90\123113.jpeg,90,256,144,4066,none,.jpeg
130__none__474855,C:\Users\aryan\OneDrive\Desktop\project_new\semantic-photo-intelligence\car_angle_dataset\130\474855.jpeg,130,256,192,4668,none,.jpeg
90__none__51548,C:\Users\aryan\OneDrive\Desktop\project_new\semantic-photo-intelligence\car_angle_dataset\90\51548.jpeg,90,256,144,5480,none,.jpeg
130__none__489986,C:\Users\aryan\OneDrive\Desktop\project_new\semantic-photo-intelligence\car_angle_dataset\130\489986.jpeg,130,256,192,3174,none,.jpeg
180__none__255383,C:\Users\aryan\OneDrive\Desktop\project_new\semantic-photo-intelligence\car_angle_dataset\180\255383.jpeg,180,256,192,5669,none,.jpeg
130__none__337223,C:\Users\aryan\OneDrive\Desktop\project_new\semantic-photo-intelligence\car_angle_dataset\130\337223.jpeg,130,256,144,3105,none,.jpeg
130__none__408557,C:\Users\aryan\OneDrive\Desktop\project_new\semantic-photo-intelligence\car_angle_dataset\130\408557.jpeg,130,256,144,5822,none,.jpeg
90__none__172790,C:\Users\aryan\OneDrive\Desktop\project_new\semantic-photo-intelligence\car_angle_dataset\90\172790.jpeg,90,256,192,5079,none,.jpeg
180__none__492707,C:\Users\aryan\OneDrive\Desktop\project_new\semantic-photo-intelligence\car_angle_dataset\180\492707.jpeg,180,256,192,6180,none,.jpeg
270__none__452640,C:\Users\aryan\OneDrive\Desktop\project_new\semantic-photo-intelligence\car_angle_dataset\270\452640.jpeg,270,256,192,5577,none,.jpeg
180__none__396291,C:\Users\aryan\OneDrive\Desktop\project_new\semantic-photo-intelligence\car_angle_dataset\180\396291.jpeg,180,256,170,9038,none,.jpeg
270__none__377360,C:\Users\aryan\OneDrive\Desktop\project_new\semantic-photo-intelligence\car_angle_dataset\270\377360.jpeg,270,256,144,4629,none,.jpeg
130__none__251989,C:\Users\aryan\OneDrive\Desktop\project_new\semantic-photo-intelligence\car_angle_dataset\130\251989.jpeg,130,256,144,4353,none,.jpeg
270__none__293338,C:\Users\aryan\OneDrive\Desktop\project_new\semantic-photo-intelligence\car_angle_dataset\270\293338.jpeg,270,256,144,4083,none,.jpeg
130__none__237870,C:\Users\aryan\OneDrive\Desktop\project_new\semantic-photo-intelligence\car_angle_dataset\130\237870.jpeg,130,256,144,3977,none,.jpeg
180__none__131063,C:\Users\aryan\OneDrive\Desktop\project_new\semantic-photo-intelligence\car_angle_dataset\180\131063.jpeg,180,256,192,10283,none,.jpeg
180__none__129927,C:\Users\aryan\OneDrive\Desktop\project_new\semantic-photo-intelligence\car_angle_dataset\180\129927.jpeg,180,256,192,5295,none,.jpeg
270__none__298748,C:\Users\aryan\OneDrive\Desktop\project_new\semantic-photo-intelligence\car_angle_dataset\270\298748.jpeg,270,256,144,5831,none,.jpeg
90__none__131642,C:\Users\aryan\OneDrive\Desktop\project_new\semantic-photo-intelligence\car_angle_dataset\90\131642.jpeg,90,256,192,4004,none,.jpeg
270__none__236157,C:\Users\aryan\OneDrive\Desktop\project_new\semantic-photo-intelligence\car_angle_dataset\270\236157.jpeg,270,256,192,4734,none,.jpeg
180__none__404738,C:\Users\aryan\OneDrive\Desktop\project_new\semantic-photo-intelligence\car_angle_dataset\180\404738.jpeg,180,256,192,3300,none,.jpeg
130__none__454677,C:\Users\aryan\OneDrive\Desktop\project_new\semantic-photo-intelligence\car_angle_dataset\130\454677.jpeg,130,256,192,5556,none,.jpeg
0__none__459284,C:\Users\aryan\OneDrive\Desktop\project_new\semantic-photo-intelligence\car_angle_dataset\0\459284.jpeg,0,256,144,4061,none,.jpeg
180__none__471817,C:\Users\aryan\OneDrive\Desktop\project_new\semantic-photo-intelligence\car_angle_dataset\180\471817.jpeg,180,256,191,6843,none,.jpeg
90__none__245767,C:\Users\aryan\OneDrive\Desktop\project_new\semantic-photo-intelligence\car_angle_dataset\90\245767.jpeg,90,256,144,4999,none,.jpeg
0__none__335155,C:\Users\aryan\OneDrive\Desktop\project_new\semantic-photo-intelligence\car_angle_dataset\0\335155.jpeg,0,256,192,3630,none,.jpeg
130__none__123915,C:\Users\aryan\OneDrive\Desktop\project_new\semantic-photo-intelligence\car_angle_dataset\130\123915.jpeg,130,256,144,3603,none,.jpeg
130__none__191076,C:\Users\aryan\OneDrive\Desktop\project_new\semantic-photo-intelligence\car_angle_dataset\130\191076.jpeg,130,256,192,3171,none,.jpeg
90__none__112699,C:\Users\aryan\OneDrive\Desktop\project_new\semantic-photo-intelligence\car_angle_dataset\90\112699.jpeg,90,256,192,3510,none,.jpeg
180__none__416649,C:\Users\aryan\OneDrive\Desktop\project_new\semantic-photo-intelligence\car_angle_dataset\180\416649.jpeg,180,256,144,3195,none,.jpeg
90__none__252073,C:\Users\aryan\OneDrive\Desktop\project_new\semantic-photo-intelligence\car_angle_dataset\90\252073.jpeg,90,256,144,4465,none,.jpeg
180__none__398705,C:\Users\aryan\OneDrive\Desktop\project_new\semantic-photo-intelligence\car_angle_dataset\180\398705.jpeg,180,256,192,5963,none,.jpeg
270__none__301480,C:\Users\aryan\OneDrive\Desktop\project_new\semantic-photo-intelligence\car_angle_dataset\270\301480.jpeg,270,256,192,5233,none,.jpeg
90__none__287394,C:\Users\aryan\OneDrive\Desktop\project_new\semantic-photo-intelligence\car_angle_dataset\90\287394.jpeg,90,256,144,4480,none,.jpeg
130__none__171050,C:\Users\aryan\OneDrive\Desktop\project_new\semantic-photo-intelligence\car_angle_dataset\130\171050.jpeg,130,256,144,4343,none,.jpeg
0__none__172505,C:\Users\aryan\OneDrive\Desktop\project_new\semantic-photo-intelligence\car_angle_dataset\0\172505.jpeg,0,256,144,4294,none,.jpeg
0__none__468955,C:\Users\aryan\OneDrive\Desktop\project_new\semantic-photo-intelligence\car_angle_dataset\0\468955.jpeg,0,256,192,7090,none,.jpeg
0__none__310596,C:\Users\aryan\OneDrive\Desktop\project_new\semantic-photo-intelligence\car_angle_dataset\0\310596.jpeg,0,256,144,4589,none,.jpeg
270__none__424927,C:\Users\aryan\OneDrive\Desktop\project_new\semantic-photo-intelligence\car_angle_dataset\270\424927.jpeg,270,256,144,4173,none,.jpeg
90__none__103756,C:\Users\aryan\OneDrive\Desktop\project_new\semantic-photo-intelligence\car_angle_dataset\90\103756.jpeg,90,256,144,4055,none,.jpeg
90__none__264667,C:\Users\aryan\OneDrive\Desktop\project_new\semantic-photo-intelligence\car_angle_dataset\90\264667.jpeg,90,114,256,5354,none,.jpeg
130__none__223425,C:\Users\aryan\OneDrive\Desktop\project_new\semantic-photo-intelligence\car_angle_dataset\130\223425.jpeg,130,256,144,4210,none,.jpeg
0__none__89456,C:\Users\aryan\OneDrive\Desktop\project_new\semantic-photo-intelligence\car_angle_dataset\0\89456.jpeg,0,256,144,3577,none,.jpeg
130__none__147156,C:\Users\aryan\OneDrive\Desktop\project_new\semantic-photo-intelligence\car_angle_dataset\130\147156.jpeg,130,256,144,4601,none,.jpeg
0__none__343985,C:\Users\aryan\OneDrive\Desktop\project_new\semantic-photo-intelligence\car_angle_dataset\0\343985.jpeg,0,256,144,3299,none,.jpeg
0__none__267315,C:\Users\aryan\OneDrive\Desktop\project_new\semantic-photo-intelligence\car_angle_dataset\0\267315.jpeg,0,256,170,4264,none,.jpeg
270__none__258792,C:\Users\aryan\OneDrive\Desktop\project_new\semantic-photo-intelligence\car_angle_dataset\270\258792.jpeg,270,256,144,4163,none,.jpeg
180__none__162043,C:\Users\aryan\OneDrive\Desktop\project_new\semantic-photo-intelligence\car_angle_dataset\180\162043.jpeg,180,256,144,4121,none,.jpeg
0__none__227711,C:\Users\aryan\OneDrive\Desktop\project_new\semantic-photo-intelligence\car_angle_dataset\0\227711.jpeg,0,256,144,4966,none,.jpeg
0__none__95916,C:\Users\aryan\OneDrive\Desktop\project_new\semantic-photo-intelligence\car_angle_dataset\0\95916.jpeg,0,256,192,6999,none,.jpeg
180__none__255587,C:\Users\aryan\OneDrive\Desktop\project_new\semantic-photo-intelligence\car_angle_dataset\180\255587.jpeg,180,256,192,5623,none,.jpeg
90__none__126004,C:\Users\aryan\OneDrive\Desktop\project_new\semantic-photo-intelligence\car_angle_dataset\90\126004.jpeg,90,256,192,5852,none,.jpeg
270__none__443979,C:\Users\aryan\OneDrive\Desktop\project_new\semantic-photo-intelligence\car_angle_dataset\270\443979.jpeg,270,256,192,5578,none,.jpeg
0__none__315481,C:\Users\aryan\OneDrive\Desktop\project_new\semantic-photo-intelligence\car_angle_dataset\0\315481.jpeg,0,256,144,3271,none,.jpeg
180__none__476376,C:\Users\aryan\OneDrive\Desktop\project_new\semantic-photo-intelligence\car_angle_dataset\180\476376.jpeg,180,256,192,3063,none,.jpeg
0__none__155667,C:\Users\aryan\OneDrive\Desktop\project_new\semantic-photo-intelligence\car_angle_dataset\0\155667.jpeg,0,256,192,9899,none,.jpeg
130__none__467394,C:\Users\aryan\OneDrive\Desktop\project_new\semantic-photo-intelligence\car_angle_dataset\130\467394.jpeg,130,256,192,4790,none,.jpeg
180__none__275225,C:\Users\aryan\OneDrive\Desktop\project_new\semantic-photo-intelligence\car_angle_dataset\180\275225.jpeg,180,256,192,5734,none,.jpeg
90__none__205855,C:\Users\aryan\OneDrive\Desktop\project_new\semantic-photo-intelligence\car_angle_dataset\90\205855.jpeg,90,256,160,5833,none,.jpeg
180__none__257489,C:\Users\aryan\OneDrive\Desktop\project_new\semantic-photo-intelligence\car_angle_dataset\180\257489.jpeg,180,256,144,3033,none,.jpeg
90__none__33657,C:\Users\aryan\OneDrive\Desktop\project_new\semantic-photo-intelligence\car_angle_dataset\90\33657.jpeg,90,256,192,4335,none,.jpeg
90__none__229673,C:\Users\aryan\OneDrive\Desktop\project_new\semantic-photo-intelligence\car_angle_dataset\90\229673.jpeg,90,256,192,4224,none,.jpeg
270__none__331659,C:\Users\aryan\OneDrive\Desktop\project_new\semantic-photo-intelligence\car_angle_dataset\270\331659.jpeg,270,256,192,4145,none,.jpeg
130__none__436118,C:\Users\aryan\OneDrive\Desktop\project_new\semantic-photo-intelligence\car_angle_dataset\130\436118.jpeg,130,256,144,3559,none,.jpeg
270__none__335235,C:\Users\aryan\OneDrive\Desktop\project_new\semantic-photo-intelligence\car_angle_dataset\270\335235.jpeg,270,256,192,4918,none,.jpeg
0__none__490008,C:\Users\aryan\OneDrive\Desktop\project_new\semantic-photo-intelligence\car_angle_dataset\0\490008.jpeg,0,256,144,4997,none,.jpeg
130__none__158114,C:\Users\aryan\OneDrive\Desktop\project_new\semantic-photo-intelligence\car_angle_dataset\130\158114.jpeg,130,256,192,3986,none,.jpeg
90__none__70975,C:\Users\aryan\OneDrive\Desktop\project_new\semantic-photo-intelligence\car_angle_dataset\90\70975.jpeg,90,256,144,4597,none,.jpeg
270__none__266905,C:\Users\aryan\OneDrive\Desktop\project_new\semantic-photo-intelligence\car_angle_dataset\270\266905.jpeg,270,256,192,5289,none,.jpeg
0__none__80631,C:\Users\aryan\OneDrive\Desktop\project_new\semantic-photo-intelligence\car_angle_dataset\0\80631.jpeg,0,256,192,7056,none,.jpeg
0__none__480443,C:\Users\aryan\OneDrive\Desktop\project_new\semantic-photo-intelligence\car_angle_dataset\0\480443.jpeg,0,256,144,3539,none,.jpeg
0__none__393158,C:\Users\aryan\OneDrive\Desktop\project_new\semantic-photo-intelligence\car_angle_dataset\0\393158.jpeg,0,256,191,7649,none,.jpeg
130__none__107431,C:\Users\aryan\OneDrive\Desktop\project_new\semantic-photo-intelligence\car_angle_dataset\130\107431.jpeg,130,256,144,3565,none,.jpeg
180__none__211222,C:\Users\aryan\OneDrive\Desktop\project_new\semantic-photo-intelligence\car_angle_dataset\180\211222.jpeg,180,256,144,2474,none,.jpeg
90__none__198442,C:\Users\aryan\OneDrive\Desktop\project_new\semantic-photo-intelligence\car_angle_dataset\90\198442.jpeg,90,256,144,3019,none,.jpeg
130__none__125584,C:\Users\aryan\OneDrive\Desktop\project_new\semantic-photo-intelligence\car_angle_dataset\130\125584.jpeg,130,256,144,3611,none,.jpeg
180__none__356936,C:\Users\aryan\OneDrive\Desktop\project_new\semantic-photo-intelligence\car_angle_dataset\180\356936.jpeg,180,256,191,5835,none,.jpeg
180__none__124897,C:\Users\aryan\OneDrive\Desktop\project_new\semantic-photo-intelligence\car_angle_dataset\180\124897.jpeg,180,256,144,2895,none,.jpeg
130__none__377283,C:\Users\aryan\OneDrive\Desktop\project_new\semantic-photo-intelligence\car_angle_dataset\130\377283.jpeg,130,256,144,5346,none,.jpeg
0__none__158160,C:\Users\aryan\OneDrive\Desktop\project_new\semantic-photo-intelligence\car_angle_dataset\0\158160.jpeg,0,256,192,5897,none,.jpeg
130__none__178298,C:\Users\aryan\OneDrive\Desktop\project_new\semantic-photo-intelligence\car_angle_dataset\130\178298.jpeg,130,256,144,4618,none,.jpeg
130__none__147398,C:\Users\aryan\OneDrive\Desktop\project_new\semantic-photo-intelligence\car_angle_dataset\130\147398.jpeg,130,256,144,3697,none,.jpeg
180__none__286587,C:\Users\aryan\OneDrive\Desktop\project_new\semantic-photo-intelligence\car_angle_dataset\180\286587.jpeg,180,256,144,3559,none,.jpeg
130__none__147044,C:\Users\aryan\OneDrive\Desktop\project_new\semantic-photo-intelligence\car_angle_dataset\130\147044.jpeg,130,256,144,2943,none,.jpeg
90__none__302690,C:\Users\aryan\OneDrive\Desktop\project_new\semantic-photo-intelligence\car_angle_dataset\90\302690.jpeg,90,256,144,4375,none,.jpeg
0__none__311641,C:\Users\aryan\OneDrive\Desktop\project_new\semantic-photo-intelligence\car_angle_dataset\0\311641.jpeg,0,256,144,3855,none,.jpeg
130__none__258224,C:\Users\aryan\OneDrive\Desktop\project_new\semantic-photo-intelligence\car_angle_dataset\130\258224.jpeg,130,256,144,4953,none,.jpeg
90__none__245,C:\Users\aryan\OneDrive\Desktop\project_new\semantic-photo-intelligence\car_angle_dataset\90\245.jpeg,90,256,192,6084,none,.jpeg
90__none__74175,C:\Users\aryan\OneDrive\Desktop\project_new\semantic-photo-intelligence\car_angle_dataset\90\74175.jpeg,90,256,192,3935,none,.jpeg
180__none__303805,C:\Users\aryan\OneDrive\Desktop\project_new\semantic-photo-intelligence\car_angle_dataset\180\303805.jpeg,180,256,144,2690,none,.jpeg
0__none__146342,C:\Users\aryan\OneDrive\Desktop\project_new\semantic-photo-intelligence\car_angle_dataset\0\146342.jpeg,0,256,144,4188,none,.jpeg
270__none__282316,C:\Users\aryan\OneDrive\Desktop\project_new\semantic-photo-intelligence\car_angle_dataset\270\282316.jpeg,270,256,144,4827,none,.jpeg
0__none__409899,C:\Users\aryan\OneDrive\Desktop\project_new\semantic-photo-intelligence\car_angle_dataset\0\409899.jpeg,0,256,144,4326,none,.jpeg
270__none__350104,C:\Users\aryan\OneDrive\Desktop\project_new\semantic-photo-intelligence\car_angle_dataset\270\350104.jpeg,270,256,192,6197,none,.jpeg
180__none__306197,C:\Users\aryan\OneDrive\Desktop\project_new\semantic-photo-intelligence\car_angle_dataset\180\306197.jpeg,180,256,144,2785,none,.jpeg
90__none__208096,C:\Users\aryan\OneDrive\Desktop\project_new\semantic-photo-intelligence\car_angle_dataset\90\208096.jpeg,90,256,144,3418,none,.jpeg
270__none__226494,C:\Users\aryan\OneDrive\Desktop\project_new\semantic-photo-intelligence\car_angle_dataset\270\226494.jpeg,270,256,144,5784,none,.jpeg
0__none__176943,C:\Users\aryan\OneDrive\Desktop\project_new\semantic-photo-intelligence\car_angle_dataset\0\176943.jpeg,0,256,192,11258,none,.jpeg
90__none__146828,C:\Users\aryan\OneDrive\Desktop\project_new\semantic-photo-intelligence\car_angle_dataset\90\146828.jpeg,90,256,144,4384,none,.jpeg
180__none__270110,C:\Users\aryan\OneDrive\Desktop\project_new\semantic-photo-intelligence\car_angle_dataset\180\270110.jpeg,180,256,192,3688,none,.jpeg
0__none__189333,C:\Users\aryan\OneDrive\Desktop\project_new\semantic-photo-intelligence\car_angle_dataset\0\189333.jpeg,0,256,144,3090,none,.jpeg
0__none__194990,C:\Users\aryan\OneDrive\Desktop\project_new\semantic-photo-intelligence\car_angle_dataset\0\194990.jpeg,0,256,192,4814,none,.jpeg
130__none__361338,C:\Users\aryan\OneDrive\Desktop\project_new\semantic-photo-intelligence\car_angle_dataset\130\361338.jpeg,130,256,192,5895,none,.jpeg
270__none__446779,C:\Users\aryan\OneDrive\Desktop\project_new\semantic-photo-intelligence\car_angle_dataset\270\446779.jpeg,270,256,192,4937,none,.jpeg
180__none__75485,C:\Users\aryan\OneDrive\Desktop\project_new\semantic-photo-intelligence\car_angle_dataset\180\75485.jpeg,180,256,144,3425,none,.jpeg
130__none__248839,C:\Users\aryan\OneDrive\Desktop\project_new\semantic-photo-intelligence\car_angle_dataset\130\248839.jpeg,130,256,144,4411,none,.jpeg
180__none__88228,C:\Users\aryan\OneDrive\Desktop\project_new\semantic-photo-intelligence\car_angle_dataset\180\88228.jpeg,180,256,144,2749,none,.jpeg
90__none__46610,C:\Users\aryan\OneDrive\Desktop\project_new\semantic-photo-intelligence\car_angle_dataset\90\46610.jpeg,90,256,144,3792,none,.jpeg
270__none__442236,C:\Users\aryan\OneDrive\Desktop\project_new\semantic-photo-intelligence\car_angle_dataset\270\442236.jpeg,270,256,192,5310,none,.jpeg
270__none__241852,C:\Users\aryan\OneDrive\Desktop\project_new\semantic-photo-intelligence\car_angle_dataset\270\241852.jpeg,270,256,144,4391,none,.jpeg
130__none__108983,C:\Users\aryan\OneDrive\Desktop\project_new\semantic-photo-intelligence\car_angle_dataset\130\108983.jpeg,130,256,144,4676,none,.jpeg
0__none__349159,C:\Users\aryan\OneDrive\Desktop\project_new\semantic-photo-intelligence\car_angle_dataset\0\349159.jpeg,0,256,144,4411,none,.jpeg
130__none__109120,C:\Users\aryan\OneDrive\Desktop\project_new\semantic-photo-intelligence\car_angle_dataset\130\109120.jpeg,130,256,144,4170,none,.jpeg
0__none__456371,C:\Users\aryan\OneDrive\Desktop\project_new\semantic-photo-intelligence\car_angle_dataset\0\456371.jpeg,0,256,144,5935,none,.jpeg
0__none__494203,C:\Users\aryan\OneDrive\Desktop\project_new\semantic-photo-intelligence\car_angle_dataset\0\494203.jpeg,0,256,192,6345,none,.jpeg
0__none__456736,C:\Users\aryan\OneDrive\Desktop\project_new\semantic-photo-intelligence\car_angle_dataset\0\456736.jpeg,0,256,144,7430,none,.jpeg
180__none__272643,C:\Users\aryan\OneDrive\Desktop\project_new\semantic-photo-intelligence\car_angle_dataset\180\272643.jpeg,180,256,144,2881,none,.jpeg
270__none__320950,C:\Users\aryan\OneDrive\Desktop\project_new\semantic-photo-intelligence\car_angle_dataset\270\320950.jpeg,270,256,192,4618,none,.jpeg
90__none__318902,C:\Users\aryan\OneDrive\Desktop\project_new\semantic-photo-intelligence\car_angle_dataset\90\318902.jpeg,90,256,192,4842,none,.jpeg
270__none__356552,C:\Users\aryan\OneDrive\Desktop\project_new\semantic-photo-intelligence\car_angle_dataset\270\356552.jpeg,270,256,144,3795,none,.jpeg
130__none__204815,C:\Users\aryan\OneDrive\Desktop\project_new\semantic-photo-intelligence\car_angle_dataset\130\204815.jpeg,130,256,192,7496,none,.jpeg
90__none__248136,C:\Users\aryan\OneDrive\Desktop\project_new\semantic-photo-intelligence\car_angle_dataset\90\248136.jpeg,90,256,144,5041,none,.jpeg
0__none__482645,C:\Users\aryan\OneDrive\Desktop\project_new\semantic-photo-intelligence\car_angle_dataset\0\482645.jpeg,0,256,192,5897,none,.jpeg
130__none__174523,C:\Users\aryan\OneDrive\Desktop\project_new\semantic-photo-intelligence\car_angle_dataset\130\174523.jpeg,130,256,192,3938,none,.jpeg
180__none__225481,C:\Users\aryan\OneDrive\Desktop\project_new\semantic-photo-intelligence\car_angle_dataset\180\225481.jpeg,180,256,192,7326,none,.jpeg
130__none__298830,C:\Users\aryan\OneDrive\Desktop\project_new\semantic-photo-intelligence\car_angle_dataset\130\298830.jpeg,130,256,144,4957,none,.jpeg
180__none__398267,C:\Users\aryan\OneDrive\Desktop\project_new\semantic-photo-intelligence\car_angle_dataset\180\398267.jpeg,180,256,192,9709,none,.jpeg
130__none__137892,C:\Users\aryan\OneDrive\Desktop\project_new\semantic-photo-intelligence\car_angle_dataset\130\137892.jpeg,130,256,144,4315,none,.jpeg
130__none__218144,C:\Users\aryan\OneDrive\Desktop\project_new\semantic-photo-intelligence\car_angle_dataset\130\218144.jpeg,130,256,144,4939,none,.jpeg
130__none__338070,C:\Users\aryan\OneDrive\Desktop\project_new\semantic-photo-intelligence\car_angle_dataset\130\338070.jpeg,130,256,144,4393,none,.jpeg
270__none__412485,C:\Users\aryan\OneDrive\Desktop\project_new\semantic-photo-intelligence\car_angle_dataset\270\412485.jpeg,270,256,144,4007,none,.jpeg
130__none__367161,C:\Users\aryan\OneDrive\Desktop\project_new\semantic-photo-intelligence\car_angle_dataset\130\367161.jpeg,130,256,144,4267,none,.jpeg
180__none__190511,C:\Users\aryan\OneDrive\Desktop\project_new\semantic-photo-intelligence\car_angle_dataset\180\190511.jpeg,180,256,144,4044,none,.jpeg
90__none__118135,C:\Users\aryan\OneDrive\Desktop\project_new\semantic-photo-intelligence\car_angle_dataset\90\118135.jpeg,90,256,144,6338,none,.jpeg
130__none__188187,C:\Users\aryan\OneDrive\Desktop\project_new\semantic-photo-intelligence\car_angle_dataset\130\188187.jpeg,130,256,192,5588,none,.jpeg
270__none__466038,C:\Users\aryan\OneDrive\Desktop\project_new\semantic-photo-intelligence\car_angle_dataset\270\466038.jpeg,270,256,192,4796,none,.jpeg
90__none__66854,C:\Users\aryan\OneDrive\Desktop\project_new\semantic-photo-intelligence\car_angle_dataset\90\66854.jpeg,90,256,144,3915,none,.jpeg
180__none__403786,C:\Users\aryan\OneDrive\Desktop\project_new\semantic-photo-intelligence\car_angle_dataset\180\403786.jpeg,180,256,192,7343,none,.jpeg
0__none__426231,C:\Users\aryan\OneDrive\Desktop\project_new\semantic-photo-intelligence\car_angle_dataset\0\426231.jpeg,0,256,192,4018,none,.jpeg
180__none__194803,C:\Users\aryan\OneDrive\Desktop\project_new\semantic-photo-intelligence\car_angle_dataset\180\194803.jpeg,180,256,192,6414,none,.jpeg
130__none__481421,C:\Users\aryan\OneDrive\Desktop\project_new\semantic-photo-intelligence\car_angle_dataset\130\481421.jpeg,130,256,192,9687,none,.jpeg
130__none__440094,C:\Users\aryan\OneDrive\Desktop\project_new\semantic-photo-intelligence\car_angle_dataset\130\440094.jpeg,130,256,192,4213,none,.jpeg
130__none__178681,C:\Users\aryan\OneDrive\Desktop\project_new\semantic-photo-intelligence\car_angle_dataset\130\178681.jpeg,130,256,144,5899,none,.jpeg
130__none__179271,C:\Users\aryan\OneDrive\Desktop\project_new\semantic-photo-intelligence\car_angle_dataset\130\179271.jpeg,130,256,144,5858,none,.jpeg
130__none__492286,C:\Users\aryan\OneDrive\Desktop\project_new\semantic-photo-intelligence\car_angle_dataset\130\492286.jpeg,130,256,192,4384,none,.jpeg
270__none__281963,C:\Users\aryan\OneDrive\Desktop\project_new\semantic-photo-intelligence\car_angle_dataset\270\281963.jpeg,270,256,192,4920,none,.jpeg
0__none__404852,C:\Users\aryan\OneDrive\Desktop\project_new\semantic-photo-intelligence\car_angle_dataset\0\404852.jpeg,0,256,192,6082,none,.jpeg
90__none__285138,C:\Users\aryan\OneDrive\Desktop\project_new\semantic-photo-intelligence\car_angle_dataset\90\285138.jpeg,90,256,192,4679,none,.jpeg
130__none__333464,C:\Users\aryan\OneDrive\Desktop\project_new\semantic-photo-intelligence\car_angle_dataset\130\333464.jpeg,130,256,144,4085,none,.jpeg
270__none__187039,C:\Users\aryan\OneDrive\Desktop\project_new\semantic-photo-intelligence\car_angle_dataset\270\187039.jpeg,270,256,144,5044,none,.jpeg
90__none__25429,C:\Users\aryan\OneDrive\Desktop\project_new\semantic-photo-intelligence\car_angle_dataset\90\25429.jpeg,90,256,192,5025,none,.jpeg
90__none__229319,C:\Users\aryan\OneDrive\Desktop\project_new\semantic-photo-intelligence\car_angle_dataset\90\229319.jpeg,90,256,192,4954,none,.jpeg
0__none__474922,C:\Users\aryan\OneDrive\Desktop\project_new\semantic-photo-intelligence\car_angle_dataset\0\474922.jpeg,0,256,192,5897,none,.jpeg
0__none__281118,C:\Users\aryan\OneDrive\Desktop\project_new\semantic-photo-intelligence\car_angle_dataset\0\281118.jpeg,0,256,144,3453,none,.jpeg
180__none__319824,C:\Users\aryan\OneDrive\Desktop\project_new\semantic-photo-intelligence\car_angle_dataset\180\319824.jpeg,180,256,143,4627,none,.jpeg
180__none__215224,C:\Users\aryan\OneDrive\Desktop\project_new\semantic-photo-intelligence\car_angle_dataset\180\215224.jpeg,180,256,144,4263,none,.jpeg
180__none__354854,C:\Users\aryan\OneDrive\Desktop\project_new\semantic-photo-intelligence\car_angle_dataset\180\354854.jpeg,180,256,192,6271,none,.jpeg
180__none__411953,C:\Users\aryan\OneDrive\Desktop\project_new\semantic-photo-intelligence\car_angle_dataset\180\411953.jpeg,180,256,144,3343,none,.jpeg
130__none__234786,C:\Users\aryan\OneDrive\Desktop\project_new\semantic-photo-intelligence\car_angle_dataset\130\234786.jpeg,130,256,144,3931,none,.jpeg
180__none__152656,C:\Users\aryan\OneDrive\Desktop\project_new\semantic-photo-intelligence\car_angle_dataset\180\152656.jpeg,180,256,144,4381,none,.jpeg
180__none__103711,C:\Users\aryan\OneDrive\Desktop\project_new\semantic-photo-intelligence\car_angle_dataset\180\103711.jpeg,180,256,144,2888,none,.jpeg
180__none__275347,C:\Users\aryan\OneDrive\Desktop\project_new\semantic-photo-intelligence\car_angle_dataset\180\275347.jpeg,180,256,192,6714,none,.jpeg
0__none__275193,C:\Users\aryan\OneDrive\Desktop\project_new\semantic-photo-intelligence\car_angle_dataset\0\275193.jpeg,0,256,144,3948,none,.jpeg
270__none__307634,C:\Users\aryan\OneDrive\Desktop\project_new\semantic-photo-intelligence\car_angle_dataset\270\307634.jpeg,270,256,144,5151,none,.jpeg
0__none__345181,C:\Users\aryan\OneDrive\Desktop\project_new\semantic-photo-intelligence\car_angle_dataset\0\345181.jpeg,0,256,144,4382,none,.jpeg
180__none__410292,C:\Users\aryan\OneDrive\Desktop\project_new\semantic-photo-intelligence\car_angle_dataset\180\410292.jpeg,180,256,192,3988,none,.jpeg
90__none__27746,C:\Users\aryan\OneDrive\Desktop\project_new\semantic-photo-intelligence\car_angle_dataset\90\27746.jpeg,90,256,192,4978,none,.jpeg
90__none__98112,C:\Users\aryan\OneDrive\Desktop\project_new\semantic-photo-intelligence\car_angle_dataset\90\98112.jpeg,90,256,144,5054,none,.jpeg
0__none__317847,C:\Users\aryan\OneDrive\Desktop\project_new\semantic-photo-intelligence\car_angle_dataset\0\317847.jpeg,0,256,192,7121,none,.jpeg
130__none__201697,C:\Users\aryan\OneDrive\Desktop\project_new\semantic-photo-intelligence\car_angle_dataset\130\201697.jpeg,130,256,144,3732,none,.jpeg
270__none__411253,C:\Users\aryan\OneDrive\Desktop\project_new\semantic-photo-intelligence\car_angle_dataset\270\411253.jpeg,270,256,192,5550,none,.jpeg
130__none__146590,C:\Users\aryan\OneDrive\Desktop\project_new\semantic-photo-intelligence\car_angle_dataset\130\146590.jpeg,130,256,192,4668,none,.jpeg
90__none__138139,C:\Users\aryan\OneDrive\Desktop\project_new\semantic-photo-intelligence\car_angle_dataset\90\138139.jpeg,90,256,144,4690,none,.jpeg
90__none__16378,C:\Users\aryan\OneDrive\Desktop\project_new\semantic-photo-intelligence\car_angle_dataset\90\16378.jpeg,90,256,192,5266,none,.jpeg
270__none__312681,C:\Users\aryan\OneDrive\Desktop\project_new\semantic-photo-intelligence\car_angle_dataset\270\312681.jpeg,270,256,144,3951,none,.jpeg
180__none__446284,C:\Users\aryan\OneDrive\Desktop\project_new\semantic-photo-intelligence\car_angle_dataset\180\446284.jpeg,180,256,192,7422,none,.jpeg
0__none__151776,C:\Users\aryan\OneDrive\Desktop\project_new\semantic-photo-intelligence\car_angle_dataset\0\151776.jpeg,0,256,192,5897,none,.jpeg
130__none__219668,C:\Users\aryan\OneDrive\Desktop\project_new\semantic-photo-intelligence\car_angle_dataset\130\219668.jpeg,130,256,144,3383,none,.jpeg
0__none__102918,C:\Users\aryan\OneDrive\Desktop\project_new\semantic-photo-intelligence\car_angle_dataset\0\102918.jpeg,0,256,144,3440,none,.jpeg
0__none__277112,C:\Users\aryan\OneDrive\Desktop\project_new\semantic-photo-intelligence\car_angle_dataset\0\277112.jpeg,0,256,195,5793,none,.jpeg
0__none__143449,C:\Users\aryan\OneDrive\Desktop\project_new\semantic-photo-intelligence\car_angle_dataset\0\143449.jpeg,0,256,192,5005,none,.jpeg
0__none__463528,C:\Users\aryan\OneDrive\Desktop\project_new\semantic-photo-intelligence\car_angle_dataset\0\463528.jpeg,0,256,144,2324,none,.jpeg
90__none__313712,C:\Users\aryan\OneDrive\Desktop\project_new\semantic-photo-intelligence\car_angle_dataset\90\313712.jpeg,90,256,192,5877,none,.jpeg
270__none__276811,C:\Users\aryan\OneDrive\Desktop\project_new\semantic-photo-intelligence\car_angle_dataset\270\276811.jpeg,270,256,192,5436,none,.jpeg
270__none__342517,C:\Users\aryan\OneDrive\Desktop\project_new\semantic-photo-intelligence\car_angle_dataset\270\342517.jpeg,270,256,192,6080,none,.jpeg
130__none__361991,C:\Users\aryan\OneDrive\Desktop\project_new\semantic-photo-intelligence\car_angle_dataset\130\361991.jpeg,130,256,192,5519,none,.jpeg
180__none__90745,C:\Users\aryan\OneDrive\Desktop\project_new\semantic-photo-intelligence\car_angle_dataset\180\90745.jpeg,180,256,144,2305,none,.jpeg
0__none__344114,C:\Users\aryan\OneDrive\Desktop\project_new\semantic-photo-intelligence\car_angle_dataset\0\344114.jpeg,0,256,144,3417,none,.jpeg
90__none__105076,C:\Users\aryan\OneDrive\Desktop\project_new\semantic-photo-intelligence\car_angle_dataset\90\105076.jpeg,90,256,192,4715,none,.jpeg
180__none__345345,C:\Users\aryan\OneDrive\Desktop\project_new\semantic-photo-intelligence\car_angle_dataset\180\345345.jpeg,180,256,144,3721,none,.jpeg
130__none__416656,C:\Users\aryan\OneDrive\Desktop\project_new\semantic-photo-intelligence\car_angle_dataset\130\416656.jpeg,130,256,144,4015,none,.jpeg
90__none__133403,C:\Users\aryan\OneDrive\Desktop\project_new\semantic-photo-intelligence\car_angle_dataset\90\133403.jpeg,90,256,192,5278,none,.jpeg
0__none__303799,C:\Users\aryan\OneDrive\Desktop\project_new\semantic-photo-intelligence\car_angle_dataset\0\303799.jpeg,0,256,144,3175,none,.jpeg
270__none__379622,C:\Users\aryan\OneDrive\Desktop\project_new\semantic-photo-intelligence\car_angle_dataset\270\379622.jpeg,270,256,144,3917,none,.jpeg
180__none__363546,C:\Users\aryan\OneDrive\Desktop\project_new\semantic-photo-intelligence\car_angle_dataset\180\363546.jpeg,180,256,192,6075,none,.jpeg
130__none__289853,C:\Users\aryan\OneDrive\Desktop\project_new\semantic-photo-intelligence\car_angle_dataset\130\289853.jpeg,130,256,144,4310,none,.jpeg
90__none__126630,C:\Users\aryan\OneDrive\Desktop\project_new\semantic-photo-intelligence\car_angle_dataset\90\126630.jpeg,90,256,144,3019,none,.jpeg
130__none__186349,C:\Users\aryan\OneDrive\Desktop\project_new\semantic-photo-intelligence\car_angle_dataset\130\186349.jpeg,130,256,144,4437,none,.jpeg
130__none__135973,C:\Users\aryan\OneDrive\Desktop\project_new\semantic-photo-intelligence\car_angle_dataset\130\135973.jpeg,130,256,144,3641,none,.jpeg
90__none__174516,C:\Users\aryan\OneDrive\Desktop\project_new\semantic-photo-intelligence\car_angle_dataset\90\174516.jpeg,90,256,192,3989,none,.jpeg
130__none__497497,C:\Users\aryan\OneDrive\Desktop\project_new\semantic-photo-intelligence\car_angle_dataset\130\497497.jpeg,130,256,192,4442,none,.jpeg
90__none__62587,C:\Users\aryan\OneDrive\Desktop\project_new\semantic-photo-intelligence\car_angle_dataset\90\62587.jpeg,90,256,144,4129,none,.jpeg
0__none__367486,C:\Users\aryan\OneDrive\Desktop\project_new\semantic-photo-intelligence\car_angle_dataset\0\367486.jpeg,0,256,144,3435,none,.jpeg
180__none__482041,C:\Users\aryan\OneDrive\Desktop\project_new\semantic-photo-intelligence\car_angle_dataset\180\482041.jpeg,180,256,170,4392,none,.jpeg
180__none__76296,C:\Users\aryan\OneDrive\Desktop\project_new\semantic-photo-intelligence\car_angle_dataset\180\76296.jpeg,180,256,192,7826,none,.jpeg
130__none__148951,C:\Users\aryan\OneDrive\Desktop\project_new\semantic-photo-intelligence\car_angle_dataset\130\148951.jpeg,130,256,144,5607,none,.jpeg
90__none__285705,C:\Users\aryan\OneDrive\Desktop\project_new\semantic-photo-intelligence\car_angle_dataset\90\285705.jpeg,90,256,144,4954,none,.jpeg
180__none__417953,C:\Users\aryan\OneDrive\Desktop\project_new\semantic-photo-intelligence\car_angle_dataset\180\417953.jpeg,180,256,144,3540,none,.jpeg
90__none__209749,C:\Users\aryan\OneDrive\Desktop\project_new\semantic-photo-intelligence\car_angle_dataset\90\209749.jpeg,90,256,192,4551,none,.jpeg
270__none__395889,C:\Users\aryan\OneDrive\Desktop\project_new\semantic-photo-intelligence\car_angle_dataset\270\395889.jpeg,270,256,170,4979,none,.jpeg
270__none__269077,C:\Users\aryan\OneDrive\Desktop\project_new\semantic-photo-intelligence\car_angle_dataset\270\269077.jpeg,270,256,170,3881,none,.jpeg
270__none__277898,C:\Users\aryan\OneDrive\Desktop\project_new\semantic-photo-intelligence\car_angle_dataset\270\277898.jpeg,270,256,144,4815,none,.jpeg
270__none__306867,C:\Users\aryan\OneDrive\Desktop\project_new\semantic-photo-intelligence\car_angle_dataset\270\306867.jpeg,270,256,144,4406,none,.jpeg
180__none__178709,C:\Users\aryan\OneDrive\Desktop\project_new\semantic-photo-intelligence\car_angle_dataset\180\178709.jpeg,180,256,144,4310,none,.jpeg
270__none__377575,C:\Users\aryan\OneDrive\Desktop\project_new\semantic-photo-intelligence\car_angle_dataset\270\377575.jpeg,270,256,144,3696,none,.jpeg
130__none__238858,C:\Users\aryan\OneDrive\Desktop\project_new\semantic-photo-intelligence\car_angle_dataset\130\238858.jpeg,130,256,144,3491,none,.jpeg
180__none__150374,C:\Users\aryan\OneDrive\Desktop\project_new\semantic-photo-intelligence\car_angle_dataset\180\150374.jpeg,180,256,192,3559,none,.jpeg
180__none__434553,C:\Users\aryan\OneDrive\Desktop\project_new\semantic-photo-intelligence\car_angle_dataset\180\434553.jpeg,180,256,144,3637,none,.jpeg
270__none__320777,C:\Users\aryan\OneDrive\Desktop\project_new\semantic-photo-intelligence\car_angle_dataset\270\320777.jpeg,270,256,144,4360,none,.jpeg
270__none__483535,C:\Users\aryan\OneDrive\Desktop\project_new\semantic-photo-intelligence\car_angle_dataset\270\483535.jpeg,270,256,170,4992,none,.jpeg
270__none__455337,C:\Users\aryan\OneDrive\Desktop\project_new\semantic-photo-intelligence\car_angle_dataset\270\455337.jpeg,270,256,192,5618,none,.jpeg
0__none__151142,C:\Users\aryan\OneDrive\Desktop\project_new\semantic-photo-intelligence\car_angle_dataset\0\151142.jpeg,0,256,192,5897,none,.jpeg
0__none__497798,C:\Users\aryan\OneDrive\Desktop\project_new\semantic-photo-intelligence\car_angle_dataset\0\497798.jpeg,0,256,192,6275,none,.jpeg
270__none__310292,C:\Users\aryan\OneDrive\Desktop\project_new\semantic-photo-intelligence\car_angle_dataset\270\310292.jpeg,270,256,144,5203,none,.jpeg
0__none__425056,C:\Users\aryan\OneDrive\Desktop\project_new\semantic-photo-intelligence\car_angle_dataset\0\425056.jpeg,0,256,144,3467,none,.jpeg
0__none__215019,C:\Users\aryan\OneDrive\Desktop\project_new\semantic-photo-intelligence\car_angle_dataset\0\215019.jpeg,0,256,144,2299,none,.jpeg
180__none__85221,C:\Users\aryan\OneDrive\Desktop\project_new\semantic-photo-intelligence\car_angle_dataset\180\85221.jpeg,180,256,144,3957,none,.jpeg
180__none__102024,C:\Users\aryan\OneDrive\Desktop\project_new\semantic-photo-intelligence\car_angle_dataset\180\102024.jpeg,180,256,192,5604,none,.jpeg
0__none__104505,C:\Users\aryan\OneDrive\Desktop\project_new\semantic-photo-intelligence\car_angle_dataset\0\104505.jpeg,0,256,170,8088,none,.jpeg
90__none__80856,C:\Users\aryan\OneDrive\Desktop\project_new\semantic-photo-intelligence\car_angle_dataset\90\80856.jpeg,90,256,192,4045,none,.jpeg
270__none__324516,C:\Users\aryan\OneDrive\Desktop\project_new\semantic-photo-intelligence\car_angle_dataset\270\324516.jpeg,270,256,192,5263,none,.jpeg
180__none__186079,C:\Users\aryan\OneDrive\Desktop\project_new\semantic-photo-intelligence\car_angle_dataset\180\186079.jpeg,180,256,144,3207,none,.jpeg
0__none__91274,C:\Users\aryan\OneDrive\Desktop\project_new\semantic-photo-intelligence\car_angle_dataset\0\91274.jpeg,0,256,144,3276,none,.jpeg
130__none__231710,C:\Users\aryan\OneDrive\Desktop\project_new\semantic-photo-intelligence\car_angle_dataset\130\231710.jpeg,130,256,144,2900,none,.jpeg
0__none__351348,C:\Users\aryan\OneDrive\Desktop\project_new\semantic-photo-intelligence\car_angle_dataset\0\351348.jpeg,0,256,144,4016,none,.jpeg
180__none__286063,C:\Users\aryan\OneDrive\Desktop\project_new\semantic-photo-intelligence\car_angle_dataset\180\286063.jpeg,180,256,191,3395,none,.jpeg
90__none__321959,C:\Users\aryan\OneDrive\Desktop\project_new\semantic-photo-intelligence\car_angle_dataset\90\321959.jpeg,90,256,144,4446,none,.jpeg
90__none__265086,C:\Users\aryan\OneDrive\Desktop\project_new\semantic-photo-intelligence\car_angle_dataset\90\265086.jpeg,90,256,144,4580,none,.jpeg
0__none__238721,C:\Users\aryan\OneDrive\Desktop\project_new\semantic-photo-intelligence\car_angle_dataset\0\238721.jpeg,0,256,192,7271,none,.jpeg
180__none__263716,C:\Users\aryan\OneDrive\Desktop\project_new\semantic-photo-intelligence\car_angle_dataset\180\263716.jpeg,180,256,192,4356,none,.jpeg
0__none__365205,C:\Users\aryan\OneDrive\Desktop\project_new\semantic-photo-intelligence\car_angle_dataset\0\365205.jpeg,0,256,144,2982,none,.jpeg
130__none__498716,C:\Users\aryan\OneDrive\Desktop\project_new\semantic-photo-intelligence\car_angle_dataset\130\498716.jpeg,130,256,144,4797,none,.jpeg
180__none__444344,C:\Users\aryan\OneDrive\Desktop\project_new\semantic-photo-intelligence\car_angle_dataset\180\444344.jpeg,180,256,192,4946,none,.jpeg
180__none__408104,C:\Users\aryan\OneDrive\Desktop\project_new\semantic-photo-intelligence\car_angle_dataset\180\408104.jpeg,180,256,191,7135,none,.jpeg
90__none__225998,C:\Users\aryan\OneDrive\Desktop\project_new\semantic-photo-intelligence\car_angle_dataset\90\225998.jpeg,90,256,144,5532,none,.jpeg
130__none__357476,C:\Users\aryan\OneDrive\Desktop\project_new\semantic-photo-intelligence\car_angle_dataset\130\357476.jpeg,130,256,144,4692,none,.jpeg
0__none__278836,C:\Users\aryan\OneDrive\Desktop\project_new\semantic-photo-intelligence\car_angle_dataset\0\278836.jpeg,0,256,163,8474,none,.jpeg
130__none__321906,C:\Users\aryan\OneDrive\Desktop\project_new\semantic-photo-intelligence\car_angle_dataset\130\321906.jpeg,130,256,144,3739,none,.jpeg
90__none__152046,C:\Users\aryan\OneDrive\Desktop\project_new\semantic-photo-intelligence\car_angle_dataset\90\152046.jpeg,90,256,144,3575,none,.jpeg
0__none__158057,C:\Users\aryan\OneDrive\Desktop\project_new\semantic-photo-intelligence\car_angle_dataset\0\158057.jpeg,0,256,192,5897,none,.jpeg
130__none__433042,C:\Users\aryan\OneDrive\Desktop\project_new\semantic-photo-intelligence\car_angle_dataset\130\433042.jpeg,130,256,192,5287,none,.jpeg
180__none__420336,C:\Users\aryan\OneDrive\Desktop\project_new\semantic-photo-intelligence\car_angle_dataset\180\420336.jpeg,180,256,144,4702,none,.jpeg
0__none__234375,C:\Users\aryan\OneDrive\Desktop\project_new\semantic-photo-intelligence\car_angle_dataset\0\234375.jpeg,0,256,144,4619,none,.jpeg
130__none__254432,C:\Users\aryan\OneDrive\Desktop\project_new\semantic-photo-intelligence\car_angle_dataset\130\254432.jpeg,130,256,144,4733,none,.jpeg
90__none__196158,C:\Users\aryan\OneDrive\Desktop\project_new\semantic-photo-intelligence\car_angle_dataset\90\196158.jpeg,90,256,192,4300,none,.jpeg
180__none__395798,C:\Users\aryan\OneDrive\Desktop\project_new\semantic-photo-intelligence\car_angle_dataset\180\395798.jpeg,180,256,170,8659,none,.jpeg
270__none__221490,C:\Users\aryan\OneDrive\Desktop\project_new\semantic-photo-intelligence\car_angle_dataset\270\221490.jpeg,270,256,144,3299,none,.jpeg
130__none__320260,C:\Users\aryan\OneDrive\Desktop\project_new\semantic-photo-intelligence\car_angle_dataset\130\320260.jpeg,130,256,144,3919,none,.jpeg
90__none__160483,C:\Users\aryan\OneDrive\Desktop\project_new\semantic-photo-intelligence\car_angle_dataset\90\160483.jpeg,90,256,144,4407,none,.jpeg
0__none__208919,C:\Users\aryan\OneDrive\Desktop\project_new\semantic-photo-intelligence\car_angle_dataset\0\208919.jpeg,0,256,192,8684,none,.jpeg
0__none__290236,C:\Users\aryan\OneDrive\Desktop\project_new\semantic-photo-intelligence\car_angle_dataset\0\290236.jpeg,0,256,144,3000,none,.jpeg
180__none__154153,C:\Users\aryan\OneDrive\Desktop\project_new\semantic-photo-intelligence\car_angle_dataset\180\154153.jpeg,180,256,192,3637,none,.jpeg
180__none__328600,C:\Users\aryan\OneDrive\Desktop\project_new\semantic-photo-intelligence\car_angle_dataset\180\328600.jpeg,180,256,192,7163,none,.jpeg
270__none__405061,C:\Users\aryan\OneDrive\Desktop\project_new\semantic-photo-intelligence\car_angle_dataset\270\405061.jpeg,270,256,192,4453,none,.jpeg
90__none__116307,C:\Users\aryan\OneDrive\Desktop\project_new\semantic-photo-intelligence\car_angle_dataset\90\116307.jpeg,90,256,144,4051,none,.jpeg
130__none__408316,C:\Users\aryan\OneDrive\Desktop\project_new\semantic-photo-intelligence\car_angle_dataset\130\408316.jpeg,130,256,144,4581,none,.jpeg
180__none__229386,C:\Users\aryan\OneDrive\Desktop\project_new\semantic-photo-intelligence\car_angle_dataset\180\229386.jpeg,180,256,192,4731,none,.jpeg
90__none__304832,C:\Users\aryan\OneDrive\Desktop\project_new\semantic-photo-intelligence\car_angle_dataset\90\304832.jpeg,90,256,144,3890,none,.jpeg
130__none__140732,C:\Users\aryan\OneDrive\Desktop\project_new\semantic-photo-intelligence\car_angle_dataset\130\140732.jpeg,130,256,144,5051,none,.jpeg
90__none__21955,C:\Users\aryan\OneDrive\Desktop\project_new\semantic-photo-intelligence\car_angle_dataset\90\21955.jpeg,90,256,192,5253,none,.jpeg
180__none__445077,C:\Users\aryan\OneDrive\Desktop\project_new\semantic-photo-intelligence\car_angle_dataset\180\445077.jpeg,180,256,256,10865,none,.jpeg
90__none__333792,C:\Users\aryan\OneDrive\Desktop\project_new\semantic-photo-intelligence\car_angle_dataset\90\333792.jpeg,90,256,144,4587,none,.jpeg
90__none__304097,C:\Users\aryan\OneDrive\Desktop\project_new\semantic-photo-intelligence\car_angle_dataset\90\304097.jpeg,90,256,192,6262,none,.jpeg
90__none__259806,C:\Users\aryan\OneDrive\Desktop\project_new\semantic-photo-intelligence\car_angle_dataset\90\259806.jpeg,90,256,144,5054,none,.jpeg
90__none__304329,C:\Users\aryan\OneDrive\Desktop\project_new\semantic-photo-intelligence\car_angle_dataset\90\304329.jpeg,90,256,192,4983,none,.jpeg
130__none__282663,C:\Users\aryan\OneDrive\Desktop\project_new\semantic-photo-intelligence\car_angle_dataset\130\282663.jpeg,130,256,144,4081,none,.jpeg
180__none__156579,C:\Users\aryan\OneDrive\Desktop\project_new\semantic-photo-intelligence\car_angle_dataset\180\156579.jpeg,180,256,144,2583,none,.jpeg
180__none__297764,C:\Users\aryan\OneDrive\Desktop\project_new\semantic-photo-intelligence\car_angle_dataset\180\297764.jpeg,180,256,144,3810,none,.jpeg
130__none__498713,C:\Users\aryan\OneDrive\Desktop\project_new\semantic-photo-intelligence\car_angle_dataset\130\498713.jpeg,130,256,192,4668,none,.jpeg
0__none__277465,C:\Users\aryan\OneDrive\Desktop\project_new\semantic-photo-intelligence\car_angle_dataset\0\277465.jpeg,0,256,170,3995,none,.jpeg
270__none__413896,C:\Users\aryan\OneDrive\Desktop\project_new\semantic-photo-intelligence\car_angle_dataset\270\413896.jpeg,270,256,192,5019,none,.jpeg
130__none__462295,C:\Users\aryan\OneDrive\Desktop\project_new\semantic-photo-intelligence\car_angle_dataset\130\462295.jpeg,130,256,192,7196,none,.jpeg
0__none__240340,C:\Users\aryan\OneDrive\Desktop\project_new\semantic-photo-intelligence\car_angle_dataset\0\240340.jpeg,0,256,256,5462,none,.jpeg
270__none__258162,C:\Users\aryan\OneDrive\Desktop\project_new\semantic-photo-intelligence\car_angle_dataset\270\258162.jpeg,270,256,144,5085,none,.jpeg
0__none__468045,C:\Users\aryan\OneDrive\Desktop\project_new\semantic-photo-intelligence\car_angle_dataset\0\468045.jpeg,0,114,256,2884,none,.jpeg
180__none__264963,C:\Users\aryan\OneDrive\Desktop\project_new\semantic-photo-intelligence\car_angle_dataset\180\264963.jpeg,180,256,144,4014,none,.jpeg
0__none__159324,C:\Users\aryan\OneDrive\Desktop\project_new\semantic-photo-intelligence\car_angle_dataset\0\159324.jpeg,0,256,144,3892,none,.jpeg
270__none__456780,C:\Users\aryan\OneDrive\Desktop\project_new\semantic-photo-intelligence\car_angle_dataset\270\456780.jpeg,270,256,192,5359,none,.jpeg
0__none__269183,C:\Users\aryan\OneDrive\Desktop\project_new\semantic-photo-intelligence\car_angle_dataset\0\269183.jpeg,0,256,170,5349,none,.jpeg
130__none__107514,C:\Users\aryan\OneDrive\Desktop\project_new\semantic-photo-intelligence\car_angle_dataset\130\107514.jpeg,130,256,144,4203,none,.jpeg
180__none__147444,C:\Users\aryan\OneDrive\Desktop\project_new\semantic-photo-intelligence\car_angle_dataset\180\147444.jpeg,180,256,144,3009,none,.jpeg
90__none__15219,C:\Users\aryan\OneDrive\Desktop\project_new\semantic-photo-intelligence\car_angle_dataset\90\15219.jpeg,90,256,192,4418,none,.jpeg
0__none__288357,C:\Users\aryan\OneDrive\Desktop\project_new\semantic-photo-intelligence\car_angle_dataset\0\288357.jpeg,0,256,191,6117,none,.jpeg
90__none__295968,C:\Users\aryan\OneDrive\Desktop\project_new\semantic-photo-intelligence\car_angle_dataset\90\295968.jpeg,90,256,191,3479,none,.jpeg
0__none__395850,C:\Users\aryan\OneDrive\Desktop\project_new\semantic-photo-intelligence\car_angle_dataset\0\395850.jpeg,0,256,170,7216,none,.jpeg
270__none__379931,C:\Users\aryan\OneDrive\Desktop\project_new\semantic-photo-intelligence\car_angle_dataset\270\379931.jpeg,270,256,144,5332,none,.jpeg
270__none__336482,C:\Users\aryan\OneDrive\Desktop\project_new\semantic-photo-intelligence\car_angle_dataset\270\336482.jpeg,270,256,144,4646,none,.jpeg
180__none__281016,C:\Users\aryan\OneDrive\Desktop\project_new\semantic-photo-intelligence\car_angle_dataset\180\281016.jpeg,180,256,144,3988,none,.jpeg
0__none__191575,C:\Users\aryan\OneDrive\Desktop\project_new\semantic-photo-intelligence\car_angle_dataset\0\191575.jpeg,0,256,192,5151,none,.jpeg
130__none__188046,C:\Users\aryan\OneDrive\Desktop\project_new\semantic-photo-intelligence\car_angle_dataset\130\188046.jpeg,130,256,192,4668,none,.jpeg
180__none__101395,C:\Users\aryan\OneDrive\Desktop\project_new\semantic-photo-intelligence\car_angle_dataset\180\101395.jpeg,180,256,144,4148,none,.jpeg
0__none__139458,C:\Users\aryan\OneDrive\Desktop\project_new\semantic-photo-intelligence\car_angle_dataset\0\139458.jpeg,0,256,144,4806,none,.jpeg
90__none__174527,C:\Users\aryan\OneDrive\Desktop\project_new\semantic-photo-intelligence\car_angle_dataset\90\174527.jpeg,90,256,192,3627,none,.jpeg
130__none__215936,C:\Users\aryan\OneDrive\Desktop\project_new\semantic-photo-intelligence\car_angle_dataset\130\215936.jpeg,130,256,144,4443,none,.jpeg
0__none__92826,C:\Users\aryan\OneDrive\Desktop\project_new\semantic-photo-intelligence\car_angle_dataset\0\92826.jpeg,0,256,144,3150,none,.jpeg
180__none__451023,C:\Users\aryan\OneDrive\Desktop\project_new\semantic-photo-intelligence\car_angle_dataset\180\451023.jpeg,180,256,170,4460,none,.jpeg
130__none__428719,C:\Users\aryan\OneDrive\Desktop\project_new\semantic-photo-intelligence\car_angle_dataset\130\428719.jpeg,130,256,192,4405,none,.jpeg
130__none__144006,C:\Users\aryan\OneDrive\Desktop\project_new\semantic-photo-intelligence\car_angle_dataset\130\144006.jpeg,130,256,144,4295,none,.jpeg
180__none__458782,C:\Users\aryan\OneDrive\Desktop\project_new\semantic-photo-intelligence\car_angle_dataset\180\458782.jpeg,180,256,192,7604,none,.jpeg
180__none__89221,C:\Users\aryan\OneDrive\Desktop\project_new\semantic-photo-intelligence\car_angle_dataset\180\89221.jpeg,180,256,192,7131,none,.jpeg
180__none__318874,C:\Users\aryan\OneDrive\Desktop\project_new\semantic-photo-intelligence\car_angle_dataset\180\318874.jpeg,180,256,144,3937,none,.jpeg
130__none__83137,C:\Users\aryan\OneDrive\Desktop\project_new\semantic-photo-intelligence\car_angle_dataset\130\83137.jpeg,130,256,144,3861,none,.jpeg
180__none__310449,C:\Users\aryan\OneDrive\Desktop\project_new\semantic-photo-intelligence\car_angle_dataset\180\310449.jpeg,180,256,192,6191,none,.jpeg
270__none__239100,C:\Users\aryan\OneDrive\Desktop\project_new\semantic-photo-intelligence\car_angle_dataset\270\239100.jpeg,270,256,144,4303,none,.jpeg
180__none__474383,C:\Users\aryan\OneDrive\Desktop\project_new\semantic-photo-intelligence\car_angle_dataset\180\474383.jpeg,180,256,192,3682,none,.jpeg
130__none__156961,C:\Users\aryan\OneDrive\Desktop\project_new\semantic-photo-intelligence\car_angle_dataset\130\156961.jpeg,130,256,192,4668,none,.jpeg
130__none__292118,C:\Users\aryan\OneDrive\Desktop\project_new\semantic-photo-intelligence\car_angle_dataset\130\292118.jpeg,130,256,144,4241,none,.jpeg
90__none__164424,C:\Users\aryan\OneDrive\Desktop\project_new\semantic-photo-intelligence\car_angle_dataset\90\164424.jpeg,90,256,162,6191,none,.jpeg
180__none__210880,C:\Users\aryan\OneDrive\Desktop\project_new\semantic-photo-intelligence\car_angle_dataset\180\210880.jpeg,180,256,192,7636,none,.jpeg
180__none__460402,C:\Users\aryan\OneDrive\Desktop\project_new\semantic-photo-intelligence\car_angle_dataset\180\460402.jpeg,180,256,144,4096,none,.jpeg
0__none__130121,C:\Users\aryan\OneDrive\Desktop\project_new\semantic-photo-intelligence\car_angle_dataset\0\130121.jpeg,0,256,144,7402,none,.jpeg
0__none__335486,C:\Users\aryan\OneDrive\Desktop\project_new\semantic-photo-intelligence\car_angle_dataset\0\335486.jpeg,0,256,192,7698,none,.jpeg
180__none__289745,C:\Users\aryan\OneDrive\Desktop\project_new\semantic-photo-intelligence\car_angle_dataset\180\289745.jpeg,180,170,256,8785,none,.jpeg
90__none__29773,C:\Users\aryan\OneDrive\Desktop\project_new\semantic-photo-intelligence\car_angle_dataset\90\29773.jpeg,90,256,144,3621,none,.jpeg
0__none__321419,C:\Users\aryan\OneDrive\Desktop\project_new\semantic-photo-intelligence\car_angle_dataset\0\321419.jpeg,0,256,192,6182,none,.jpeg
130__none__165720,C:\Users\aryan\OneDrive\Desktop\project_new\semantic-photo-intelligence\car_angle_dataset\130\165720.jpeg,130,256,144,4160,none,.jpeg
130__none__356688,C:\Users\aryan\OneDrive\Desktop\project_new\semantic-photo-intelligence\car_angle_dataset\130\356688.jpeg,130,256,144,4634,none,.jpeg
90__none__336113,C:\Users\aryan\OneDrive\Desktop\project_new\semantic-photo-intelligence\car_angle_dataset\90\336113.jpeg,90,256,144,5040,none,.jpeg
180__none__188827,C:\Users\aryan\OneDrive\Desktop\project_new\semantic-photo-intelligence\car_angle_dataset\180\188827.jpeg,180,256,144,4366,none,.jpeg
270__none__320278,C:\Users\aryan\OneDrive\Desktop\project_new\semantic-photo-intelligence\car_angle_dataset\270\320278.jpeg,270,256,144,4180,none,.jpeg
0__none__149994,C:\Users\aryan\OneDrive\Desktop\project_new\semantic-photo-intelligence\car_angle_dataset\0\149994.jpeg,0,256,144,3902,none,.jpeg
0__none__323907,C:\Users\aryan\OneDrive\Desktop\project_new\semantic-photo-intelligence\car_angle_dataset\0\323907.jpeg,0,256,192,5965,none,.jpeg
0__none__365533,C:\Users\aryan\OneDrive\Desktop\project_new\semantic-photo-intelligence\car_angle_dataset\0\365533.jpeg,0,256,192,3929,none,.jpeg
270__none__303299,C:\Users\aryan\OneDrive\Desktop\project_new\semantic-photo-intelligence\car_angle_dataset\270\303299.jpeg,270,256,144,3958,none,.jpeg
130__none__247479,C:\Users\aryan\OneDrive\Desktop\project_new\semantic-photo-intelligence\car_angle_dataset\130\247479.jpeg,130,256,144,4444,none,.jpeg
0__none__399957,C:\Users\aryan\OneDrive\Desktop\project_new\semantic-photo-intelligence\car_angle_dataset\0\399957.jpeg,0,256,192,8485,none,.jpeg
180__none__277138,C:\Users\aryan\OneDrive\Desktop\project_new\semantic-photo-intelligence\car_angle_dataset\180\277138.jpeg,180,256,192,6717,none,.jpeg
90__none__135142,C:\Users\aryan\OneDrive\Desktop\project_new\semantic-photo-intelligence\car_angle_dataset\90\135142.jpeg,90,256,144,5338,none,.jpeg
180__none__342752,C:\Users\aryan\OneDrive\Desktop\project_new\semantic-photo-intelligence\car_angle_dataset\180\342752.jpeg,180,256,192,7000,none,.jpeg
0__none__188041,C:\Users\aryan\OneDrive\Desktop\project_new\semantic-photo-intelligence\car_angle_dataset\0\188041.jpeg,0,256,192,5897,none,.jpeg
130__none__416716,C:\Users\aryan\OneDrive\Desktop\project_new\semantic-photo-intelligence\car_angle_dataset\130\416716.jpeg,130,256,144,4864,none,.jpeg
90__none__8410,C:\Users\aryan\OneDrive\Desktop\project_new\semantic-photo-intelligence\car_angle_dataset\90\8410.jpeg,90,256,193,5788,none,.jpeg
270__none__431358,C:\Users\aryan\OneDrive\Desktop\project_new\semantic-photo-intelligence\car_angle_dataset\270\431358.jpeg,270,256,192,6188,none,.jpeg
180__none__110801,C:\Users\aryan\OneDrive\Desktop\project_new\semantic-photo-intelligence\car_angle_dataset\180\110801.jpeg,180,256,144,3393,none,.jpeg
130__none__336760,C:\Users\aryan\OneDrive\Desktop\project_new\semantic-photo-intelligence\car_angle_dataset\130\336760.jpeg,130,256,144,3610,none,.jpeg
270__none__251696,C:\Users\aryan\OneDrive\Desktop\project_new\semantic-photo-intelligence\car_angle_dataset\270\251696.jpeg,270,256,144,4451,none,.jpeg
270__none__375725,C:\Users\aryan\OneDrive\Desktop\project_new\semantic-photo-intelligence\car_angle_dataset\270\375725.jpeg,270,256,192,5092,none,.jpeg
0__none__414570,C:\Users\aryan\OneDrive\Desktop\project_new\semantic-photo-intelligence\car_angle_dataset\0\414570.jpeg,0,256,192,6032,none,.jpeg
270__none__211834,C:\Users\aryan\OneDrive\Desktop\project_new\semantic-photo-intelligence\car_angle_dataset\270\211834.jpeg,270,256,144,4938,none,.jpeg
130__none__82239,C:\Users\aryan\OneDrive\Desktop\project_new\semantic-photo-intelligence\car_angle_dataset\130\82239.jpeg,130,256,144,3956,none,.jpeg
0__none__341763,C:\Users\aryan\OneDrive\Desktop\project_new\semantic-photo-intelligence\car_angle_dataset\0\341763.jpeg,0,256,170,5024,none,.jpeg
0__none__133501,C:\Users\aryan\OneDrive\Desktop\project_new\semantic-photo-intelligence\car_angle_dataset\0\133501.jpeg,0,256,191,4077,none,.jpeg
90__none__97669,C:\Users\aryan\OneDrive\Desktop\project_new\semantic-photo-intelligence\car_angle_dataset\90\97669.jpeg,90,256,144,4249,none,.jpeg
180__none__196791,C:\Users\aryan\OneDrive\Desktop\project_new\semantic-photo-intelligence\car_angle_dataset\180\196791.jpeg,180,256,192,10552,none,.jpeg
270__none__410836,C:\Users\aryan\OneDrive\Desktop\project_new\semantic-photo-intelligence\car_angle_dataset\270\410836.jpeg,270,256,192,4504,none,.jpeg
0__none__421464,C:\Users\aryan\OneDrive\Desktop\project_new\semantic-photo-intelligence\car_angle_dataset\0\421464.jpeg,0,256,192,7584,none,.jpeg
180__none__141626,C:\Users\aryan\OneDrive\Desktop\project_new\semantic-photo-intelligence\car_angle_dataset\180\141626.jpeg,180,256,144,2084,none,.jpeg
270__none__431442,C:\Users\aryan\OneDrive\Desktop\project_new\semantic-photo-intelligence\car_angle_dataset\270\431442.jpeg,270,256,192,4657,none,.jpeg
180__none__75907,C:\Users\aryan\OneDrive\Desktop\project_new\semantic-photo-intelligence\car_angle_dataset\180\75907.jpeg,180,256,144,2583,none,.jpeg
0__none__295559,C:\Users\aryan\OneDrive\Desktop\project_new\semantic-photo-intelligence\car_angle_dataset\0\295559.jpeg,0,256,144,3723,none,.jpeg
130__none__482653,C:\Users\aryan\OneDrive\Desktop\project_new\semantic-photo-intelligence\car_angle_dataset\130\482653.jpeg,130,256,192,5588,none,.jpeg
90__none__294454,C:\Users\aryan\OneDrive\Desktop\project_new\semantic-photo-intelligence\car_angle_dataset\90\294454.jpeg,90,256,192,4823,none,.jpeg
180__none__367914,C:\Users\aryan\OneDrive\Desktop\project_new\semantic-photo-intelligence\car_angle_dataset\180\367914.jpeg,180,256,144,3045,none,.jpeg
130__none__231419,C:\Users\aryan\OneDrive\Desktop\project_new\semantic-photo-intelligence\car_angle_dataset\130\231419.jpeg,130,256,144,4044,none,.jpeg
90__none__38881,C:\Users\aryan\OneDrive\Desktop\project_new\semantic-photo-intelligence\car_angle_dataset\90\38881.jpeg,90,256,144,5083,none,.jpeg
180__none__454513,C:\Users\aryan\OneDrive\Desktop\project_new\semantic-photo-intelligence\car_angle_dataset\180\454513.jpeg,180,256,192,6950,none,.jpeg
130__none__219595,C:\Users\aryan\OneDrive\Desktop\project_new\semantic-photo-intelligence\car_angle_dataset\130\219595.jpeg,130,256,192,3944,none,.jpeg
180__none__300956,C:\Users\aryan\OneDrive\Desktop\project_new\semantic-photo-intelligence\car_angle_dataset\180\300956.jpeg,180,256,144,2519,none,.jpeg
180__none__261926,C:\Users\aryan\OneDrive\Desktop\project_new\semantic-photo-intelligence\car_angle_dataset\180\261926.jpeg,180,256,144,3224,none,.jpeg
270__none__438214,C:\Users\aryan\OneDrive\Desktop\project_new\semantic-photo-intelligence\car_angle_dataset\270\438214.jpeg,270,256,192,5542,none,.jpeg
0__none__419690,C:\Users\aryan\OneDrive\Desktop\project_new\semantic-photo-intelligence\car_angle_dataset\0\419690.jpeg,0,256,192,6926,none,.jpeg
90__none__131839,C:\Users\aryan\OneDrive\Desktop\project_new\semantic-photo-intelligence\car_angle_dataset\90\131839.jpeg,90,256,144,4989,none,.jpeg
90__none__318818,C:\Users\aryan\OneDrive\Desktop\project_new\semantic-photo-intelligence\car_angle_dataset\90\318818.jpeg,90,256,144,3987,none,.jpeg
0__none__374244,C:\Users\aryan\OneDrive\Desktop\project_new\semantic-photo-intelligence\car_angle_dataset\0\374244.jpeg,0,256,170,7045,none,.jpeg
90__none__73905,C:\Users\aryan\OneDrive\Desktop\project_new\semantic-photo-intelligence\car_angle_dataset\90\73905.jpeg,90,256,144,5404,none,.jpeg
0__none__219345,C:\Users\aryan\OneDrive\Desktop\project_new\semantic-photo-intelligence\car_angle_dataset\0\219345.jpeg,0,256,144,3229,none,.jpeg
270__none__305288,C:\Users\aryan\OneDrive\Desktop\project_new\semantic-photo-intelligence\car_angle_dataset\270\305288.jpeg,270,256,144,5893,none,.jpeg
130__none__214949,C:\Users\aryan\OneDrive\Desktop\project_new\semantic-photo-intelligence\car_angle_dataset\130\214949.jpeg,130,256,144,2592,none,.jpeg
90__none__225953,C:\Users\aryan\OneDrive\Desktop\project_new\semantic-photo-intelligence\car_angle_dataset\90\225953.jpeg,90,256,192,5293,none,.jpeg
180__none__212833,C:\Users\aryan\OneDrive\Desktop\project_new\semantic-photo-intelligence\car_angle_dataset\180\212833.jpeg,180,256,144,4029,none,.jpeg
270__none__223837,C:\Users\aryan\OneDrive\Desktop\project_new\semantic-photo-intelligence\car_angle_dataset\270\223837.jpeg,270,256,144,2960,none,.jpeg
90__none__12146,C:\Users\aryan\OneDrive\Desktop\project_new\semantic-photo-intelligence\car_angle_dataset\90\12146.jpeg,90,256,144,4350,none,.jpeg
130__none__104032,C:\Users\aryan\OneDrive\Desktop\project_new\semantic-photo-intelligence\car_angle_dataset\130\104032.jpeg,130,256,170,8849,none,.jpeg
270__none__318252,C:\Users\aryan\OneDrive\Desktop\project_new\semantic-photo-intelligence\car_angle_dataset\270\318252.jpeg,270,256,192,5699,none,.jpeg
130__none__338922,C:\Users\aryan\OneDrive\Desktop\project_new\semantic-photo-intelligence\car_angle_dataset\130\338922.jpeg,130,256,144,4295,none,.jpeg
90__none__170990,C:\Users\aryan\OneDrive\Desktop\project_new\semantic-photo-intelligence\car_angle_dataset\90\170990.jpeg,90,256,192,4791,none,.jpeg
180__none__85934,C:\Users\aryan\OneDrive\Desktop\project_new\semantic-photo-intelligence\car_angle_dataset\180\85934.jpeg,180,256,191,6322,none,.jpeg
270__none__465309,C:\Users\aryan\OneDrive\Desktop\project_new\semantic-photo-intelligence\car_angle_dataset\270\465309.jpeg,270,256,192,4612,none,.jpeg
130__none__187936,C:\Users\aryan\OneDrive\Desktop\project_new\semantic-photo-intelligence\car_angle_dataset\130\187936.jpeg,130,256,192,5588,none,.jpeg
270__none__257629,C:\Users\aryan\OneDrive\Desktop\project_new\semantic-photo-intelligence\car_angle_dataset\270\257629.jpeg,270,256,144,5196,none,.jpeg
0__none__178269,C:\Users\aryan\OneDrive\Desktop\project_new\semantic-photo-intelligence\car_angle_dataset\0\178269.jpeg,0,256,144,6051,none,.jpeg
130__none__237321,C:\Users\aryan\OneDrive\Desktop\project_new\semantic-photo-intelligence\car_angle_dataset\130\237321.jpeg,130,256,144,3989,none,.jpeg
130__none__397397,C:\Users\aryan\OneDrive\Desktop\project_new\semantic-photo-intelligence\car_angle_dataset\130\397397.jpeg,130,256,170,4931,none,.jpeg
90__none__108822,C:\Users\aryan\OneDrive\Desktop\project_new\semantic-photo-intelligence\car_angle_dataset\90\108822.jpeg,90,256,144,4858,none,.jpeg
180__none__303919,C:\Users\aryan\OneDrive\Desktop\project_new\semantic-photo-intelligence\car_angle_dataset\180\303919.jpeg,180,256,192,5633,none,.jpeg
90__none__305728,C:\Users\aryan\OneDrive\Desktop\project_new\semantic-photo-intelligence\car_angle_dataset\90\305728.jpeg,90,256,144,3425,none,.jpeg
180__none__113719,C:\Users\aryan\OneDrive\Desktop\project_new\semantic-photo-intelligence\car_angle_dataset\180\113719.jpeg,180,256,191,6041,none,.jpeg
90__none__320851,C:\Users\aryan\OneDrive\Desktop\project_new\semantic-photo-intelligence\car_angle_dataset\90\320851.jpeg,90,256,192,5326,none,.jpeg
130__none__276184,C:\Users\aryan\OneDrive\Desktop\project_new\semantic-photo-intelligence\car_angle_dataset\130\276184.jpeg,130,256,144,3780,none,.jpeg
0__none__456457,C:\Users\aryan\OneDrive\Desktop\project_new\semantic-photo-intelligence\car_angle_dataset\0\456457.jpeg,0,256,192,7552,none,.jpeg
270__none__364983,C:\Users\aryan\OneDrive\Desktop\project_new\semantic-photo-intelligence\car_angle_dataset\270\364983.jpeg,270,256,140,4021,none,.jpeg
130__none__368072,C:\Users\aryan\OneDrive\Desktop\project_new\semantic-photo-intelligence\car_angle_dataset\130\368072.jpeg,130,256,144,5036,none,.jpeg
0__none__482192,C:\Users\aryan\OneDrive\Desktop\project_new\semantic-photo-intelligence\car_angle_dataset\0\482192.jpeg,0,256,192,5897,none,.jpeg
130__none__214502,C:\Users\aryan\OneDrive\Desktop\project_new\semantic-photo-intelligence\car_angle_dataset\130\214502.jpeg,130,256,144,2856,none,.jpeg
130__none__285630,C:\Users\aryan\OneDrive\Desktop\project_new\semantic-photo-intelligence\car_angle_dataset\130\285630.jpeg,130,256,192,6233,none,.jpeg
90__none__96787,C:\Users\aryan\OneDrive\Desktop\project_new\semantic-photo-intelligence\car_angle_dataset\90\96787.jpeg,90,256,144,4840,none,.jpeg
90__none__157481,C:\Users\aryan\OneDrive\Desktop\project_new\semantic-photo-intelligence\car_angle_dataset\90\157481.jpeg,90,256,144,3877,none,.jpeg
180__none__212040,C:\Users\aryan\OneDrive\Desktop\project_new\semantic-photo-intelligence\car_angle_dataset\180\212040.jpeg,180,256,144,3458,none,.jpeg
180__none__478389,C:\Users\aryan\OneDrive\Desktop\project_new\semantic-photo-intelligence\car_angle_dataset\180\478389.jpeg,180,256,144,2800,none,.jpeg
130__none__384972,C:\Users\aryan\OneDrive\Desktop\project_new\semantic-photo-intelligence\car_angle_dataset\130\384972.jpeg,130,256,192,5692,none,.jpeg
90__none__307513,C:\Users\aryan\OneDrive\Desktop\project_new\semantic-photo-intelligence\car_angle_dataset\90\307513.jpeg,90,256,144,3426,none,.jpeg
130__none__440827,C:\Users\aryan\OneDrive\Desktop\project_new\semantic-photo-intelligence\car_angle_dataset\130\440827.jpeg,130,256,170,5325,none,.jpeg
270__none__287449,C:\Users\aryan\OneDrive\Desktop\project_new\semantic-photo-intelligence\car_angle_dataset\270\287449.jpeg,270,256,192,5979,none,.jpeg
270__none__442958,C:\Users\aryan\OneDrive\Desktop\project_new\semantic-photo-intelligence\car_angle_dataset\270\442958.jpeg,270,256,158,5131,none,.jpeg
180__none__235425,C:\Users\aryan\OneDrive\Desktop\project_new\semantic-photo-intelligence\car_angle_dataset\180\235425.jpeg,180,256,192,4829,none,.jpeg
90__none__196013,C:\Users\aryan\OneDrive\Desktop\project_new\semantic-photo-intelligence\car_angle_dataset\90\196013.jpeg,90,256,172,5706,none,.jpeg
270__none__456602,C:\Users\aryan\OneDrive\Desktop\project_new\semantic-photo-intelligence\car_angle_dataset\270\456602.jpeg,270,256,192,5378,none,.jpeg
0__none__497896,C:\Users\aryan\OneDrive\Desktop\project_new\semantic-photo-intelligence\car_angle_dataset\0\497896.jpeg,0,256,192,9450,none,.jpeg
90__none__292726,C:\Users\aryan\OneDrive\Desktop\project_new\semantic-photo-intelligence\car_angle_dataset\90\292726.jpeg,90,256,144,4242,none,.jpeg
180__none__334851,C:\Users\aryan\OneDrive\Desktop\project_new\semantic-photo-intelligence\car_angle_dataset\180\334851.jpeg,180,256,192,5379,none,.jpeg
90__none__52192,C:\Users\aryan\OneDrive\Desktop\project_new\semantic-photo-intelligence\car_angle_dataset\90\52192.jpeg,90,256,144,4283,none,.jpeg
90__none__10807,C:\Users\aryan\OneDrive\Desktop\project_new\semantic-photo-intelligence\car_angle_dataset\90\10807.jpeg,90,256,144,3342,none,.jpeg
130__none__77939,C:\Users\aryan\OneDrive\Desktop\project_new\semantic-photo-intelligence\car_angle_dataset\130\77939.jpeg,130,256,192,3221,none,.jpeg
180__none__164434,C:\Users\aryan\OneDrive\Desktop\project_new\semantic-photo-intelligence\car_angle_dataset\180\164434.jpeg,180,256,162,5395,none,.jpeg
180__none__192870,C:\Users\aryan\OneDrive\Desktop\project_new\semantic-photo-intelligence\car_angle_dataset\180\192870.jpeg,180,256,144,2180,none,.jpeg
130__none__476191,C:\Users\aryan\OneDrive\Desktop\project_new\semantic-photo-intelligence\car_angle_dataset\130\476191.jpeg,130,256,162,6122,none,.jpeg
90__none__129868,C:\Users\aryan\OneDrive\Desktop\project_new\semantic-photo-intelligence\car_angle_dataset\90\129868.jpeg,90,256,144,4559,none,.jpeg
0__none__87007,C:\Users\aryan\OneDrive\Desktop\project_new\semantic-photo-intelligence\car_angle_dataset\0\87007.jpeg,0,256,170,6233,none,.jpeg
0__none__131152,C:\Users\aryan\OneDrive\Desktop\project_new\semantic-photo-intelligence\car_angle_dataset\0\131152.jpeg,0,256,192,8161,none,.jpeg
270__none__358532,C:\Users\aryan\OneDrive\Desktop\project_new\semantic-photo-intelligence\car_angle_dataset\270\358532.jpeg,270,256,144,4519,none,.jpeg
130__none__249703,C:\Users\aryan\OneDrive\Desktop\project_new\semantic-photo-intelligence\car_angle_dataset\130\249703.jpeg,130,256,144,3984,none,.jpeg
180__none__102641,C:\Users\aryan\OneDrive\Desktop\project_new\semantic-photo-intelligence\car_angle_dataset\180\102641.jpeg,180,256,144,3101,none,.jpeg
270__none__362075,C:\Users\aryan\OneDrive\Desktop\project_new\semantic-photo-intelligence\car_angle_dataset\270\362075.jpeg,270,256,192,4976,none,.jpeg
180__none__218496,C:\Users\aryan\OneDrive\Desktop\project_new\semantic-photo-intelligence\car_angle_dataset\180\218496.jpeg,180,256,144,3052,none,.jpeg
90__none__77245,C:\Users\aryan\OneDrive\Desktop\project_new\semantic-photo-intelligence\car_angle_dataset\90\77245.jpeg,90,256,192,4845,none,.jpeg
180__none__76649,C:\Users\aryan\OneDrive\Desktop\project_new\semantic-photo-intelligence\car_angle_dataset\180\76649.jpeg,180,256,144,3448,none,.jpeg
130__none__339664,C:\Users\aryan\OneDrive\Desktop\project_new\semantic-photo-intelligence\car_angle_dataset\130\339664.jpeg,130,256,144,3653,none,.jpeg
180__none__128985,C:\Users\aryan\OneDrive\Desktop\project_new\semantic-photo-intelligence\car_angle_dataset\180\128985.jpeg,180,256,191,5503,none,.jpeg
90__none__166299,C:\Users\aryan\OneDrive\Desktop\project_new\semantic-photo-intelligence\car_angle_dataset\90\166299.jpeg,90,256,144,4389,none,.jpeg
180__none__289319,C:\Users\aryan\OneDrive\Desktop\project_new\semantic-photo-intelligence\car_angle_dataset\180\289319.jpeg,180,256,192,5822,none,.jpeg
0__none__319279,C:\Users\aryan\OneDrive\Desktop\project_new\semantic-photo-intelligence\car_angle_dataset\0\319279.jpeg,0,256,192,6033,none,.jpeg
270__none__375914,C:\Users\aryan\OneDrive\Desktop\project_new\semantic-photo-intelligence\car_angle_dataset\270\375914.jpeg,270,256,192,5130,none,.jpeg
90__none__17203,C:\Users\aryan\OneDrive\Desktop\project_new\semantic-photo-intelligence\car_angle_dataset\90\17203.jpeg,90,256,192,4996,none,.jpeg
180__none__408656,C:\Users\aryan\OneDrive\Desktop\project_new\semantic-photo-intelligence\car_angle_dataset\180\408656.jpeg,180,256,144,3007,none,.jpeg
180__none__476349,C:\Users\aryan\OneDrive\Desktop\project_new\semantic-photo-intelligence\car_angle_dataset\180\476349.jpeg,180,256,144,3384,none,.jpeg
0__none__269901,C:\Users\aryan\OneDrive\Desktop\project_new\semantic-photo-intelligence\car_angle_dataset\0\269901.jpeg,0,256,192,5199,none,.jpeg
90__none__258297,C:\Users\aryan\OneDrive\Desktop\project_new\semantic-photo-intelligence\car_angle_dataset\90\258297.jpeg,90,256,144,4804,none,.jpeg
0__none__158079,C:\Users\aryan\OneDrive\Desktop\project_new\semantic-photo-intelligence\car_angle_dataset\0\158079.jpeg,0,256,192,5897,none,.jpeg
130__none__389866,C:\Users\aryan\OneDrive\Desktop\project_new\semantic-photo-intelligence\car_angle_dataset\130\389866.jpeg,130,256,192,4484,none,.jpeg
90__none__226318,C:\Users\aryan\OneDrive\Desktop\project_new\semantic-photo-intelligence\car_angle_dataset\90\226318.jpeg,90,256,192,5226,none,.jpeg
130__none__240398,C:\Users\aryan\OneDrive\Desktop\project_new\semantic-photo-intelligence\car_angle_dataset\130\240398.jpeg,130,256,144,4749,none,.jpeg
180__none__68557,C:\Users\aryan\OneDrive\Desktop\project_new\semantic-photo-intelligence\car_angle_dataset\180\68557.jpeg,180,256,144,2745,none,.jpeg
0__none__227050,C:\Users\aryan\OneDrive\Desktop\project_new\semantic-photo-intelligence\car_angle_dataset\0\227050.jpeg,0,256,144,4226,none,.jpeg
130__none__97149,C:\Users\aryan\OneDrive\Desktop\project_new\semantic-photo-intelligence\car_angle_dataset\130\97149.jpeg,130,256,144,4213,none,.jpeg
130__none__207328,C:\Users\aryan\OneDrive\Desktop\project_new\semantic-photo-intelligence\car_angle_dataset\130\207328.jpeg,130,256,144,4662,none,.jpeg
270__none__339774,C:\Users\aryan\OneDrive\Desktop\project_new\semantic-photo-intelligence\car_angle_dataset\270\339774.jpeg,270,256,192,3662,none,.jpeg
130__none__77731,C:\Users\aryan\OneDrive\Desktop\project_new\semantic-photo-intelligence\car_angle_dataset\130\77731.jpeg,130,256,144,4599,none,.jpeg
270__none__188527,C:\Users\aryan\OneDrive\Desktop\project_new\semantic-photo-intelligence\car_angle_dataset\270\188527.jpeg,270,256,144,4297,none,.jpeg
130__none__400045,C:\Users\aryan\OneDrive\Desktop\project_new\semantic-photo-intelligence\car_angle_dataset\130\400045.jpeg,130,256,192,5733,none,.jpeg
180__none__185359,C:\Users\aryan\OneDrive\Desktop\project_new\semantic-photo-intelligence\car_angle_dataset\180\185359.jpeg,180,256,144,4136,none,.jpeg
130__none__122878,C:\Users\aryan\OneDrive\Desktop\project_new\semantic-photo-intelligence\car_angle_dataset\130\122878.jpeg,130,256,144,5581,none,.jpeg
270__none__421533,C:\Users\aryan\OneDrive\Desktop\project_new\semantic-photo-intelligence\car_angle_dataset\270\421533.jpeg,270,256,191,5068,none,.jpeg
180__none__328336,C:\Users\aryan\OneDrive\Desktop\project_new\semantic-photo-intelligence\car_angle_dataset\180\328336.jpeg,180,256,144,4200,none,.jpeg
180__none__276406,C:\Users\aryan\OneDrive\Desktop\project_new\semantic-photo-intelligence\car_angle_dataset\180\276406.jpeg,180,256,144,4187,none,.jpeg
0__none__482802,C:\Users\aryan\OneDrive\Desktop\project_new\semantic-photo-intelligence\car_angle_dataset\0\482802.jpeg,0,256,192,5897,none,.jpeg
180__none__397724,C:\Users\aryan\OneDrive\Desktop\project_new\semantic-photo-intelligence\car_angle_dataset\180\397724.jpeg,180,256,192,6977,none,.jpeg
180__none__112919,C:\Users\aryan\OneDrive\Desktop\project_new\semantic-photo-intelligence\car_angle_dataset\180\112919.jpeg,180,256,192,6888,none,.jpeg
0__none__397499,C:\Users\aryan\OneDrive\Desktop\project_new\semantic-photo-intelligence\car_angle_dataset\0\397499.jpeg,0,256,192,8154,none,.jpeg
180__none__425739,C:\Users\aryan\OneDrive\Desktop\project_new\semantic-photo-intelligence\car_angle_dataset\180\425739.jpeg,180,256,144,2657,none,.jpeg
90__none__52060,C:\Users\aryan\OneDrive\Desktop\project_new\semantic-photo-intelligence\car_angle_dataset\90\52060.jpeg,90,256,144,3056,none,.jpeg
180__none__92255,C:\Users\aryan\OneDrive\Desktop\project_new\semantic-photo-intelligence\car_angle_dataset\180\92255.jpeg,180,256,191,4976,none,.jpeg
180__none__69856,C:\Users\aryan\OneDrive\Desktop\project_new\semantic-photo-intelligence\car_angle_dataset\180\69856.jpeg,180,256,144,2769,none,.jpeg
270__none__190248,C:\Users\aryan\OneDrive\Desktop\project_new\semantic-photo-intelligence\car_angle_dataset\270\190248.jpeg,270,256,192,4864,none,.jpeg
0__none__346949,C:\Users\aryan\OneDrive\Desktop\project_new\semantic-photo-intelligence\car_angle_dataset\0\346949.jpeg,0,256,170,6035,none,.jpeg
0__none__173199,C:\Users\aryan\OneDrive\Desktop\project_new\semantic-photo-intelligence\car_angle_dataset\0\173199.jpeg,0,256,192,11258,none,.jpeg
180__none__423038,C:\Users\aryan\OneDrive\Desktop\project_new\semantic-photo-intelligence\car_angle_dataset\180\423038.jpeg,180,256,192,8770,none,.jpeg
180__none__382440,C:\Users\aryan\OneDrive\Desktop\project_new\semantic-photo-intelligence\car_angle_dataset\180\382440.jpeg,180,192,256,3944,none,.jpeg
180__none__210351,C:\Users\aryan\OneDrive\Desktop\project_new\semantic-photo-intelligence\car_angle_dataset\180\210351.jpeg,180,256,192,3683,none,.jpeg
180__none__108658,C:\Users\aryan\OneDrive\Desktop\project_new\semantic-photo-intelligence\car_angle_dataset\180\108658.jpeg,180,256,192,8012,none,.jpeg
180__none__134505,C:\Users\aryan\OneDrive\Desktop\project_new\semantic-photo-intelligence\car_angle_dataset\180\134505.jpeg,180,256,170,5834,none,.jpeg
130__none__221061,C:\Users\aryan\OneDrive\Desktop\project_new\semantic-photo-intelligence\car_angle_dataset\130\221061.jpeg,130,256,144,4506,none,.jpeg
0__none__453566,C:\Users\aryan\OneDrive\Desktop\project_new\semantic-photo-intelligence\car_angle_dataset\0\453566.jpeg,0,256,192,3823,none,.jpeg
0__none__85266,C:\Users\aryan\OneDrive\Desktop\project_new\semantic-photo-intelligence\car_angle_dataset\0\85266.jpeg,0,256,144,2930,none,.jpeg
0__none__377762,C:\Users\aryan\OneDrive\Desktop\project_new\semantic-photo-intelligence\car_angle_dataset\0\377762.jpeg,0,256,144,2800,none,.jpeg
270__none__442112,C:\Users\aryan\OneDrive\Desktop\project_new\semantic-photo-intelligence\car_angle_dataset\270\442112.jpeg,270,256,170,5457,none,.jpeg
0__none__227557,C:\Users\aryan\OneDrive\Desktop\project_new\semantic-photo-intelligence\car_angle_dataset\0\227557.jpeg,0,256,144,5428,none,.jpeg
180__none__318193,C:\Users\aryan\OneDrive\Desktop\project_new\semantic-photo-intelligence\car_angle_dataset\180\318193.jpeg,180,256,191,6371,none,.jpeg
270__none__474281,C:\Users\aryan\OneDrive\Desktop\project_new\semantic-photo-intelligence\car_angle_dataset\270\474281.jpeg,270,256,144,4345,none,.jpeg
180__none__398050,C:\Users\aryan\OneDrive\Desktop\project_new\semantic-photo-intelligence\car_angle_dataset\180\398050.jpeg,180,256,192,8393,none,.jpeg
0__none__476799,C:\Users\aryan\OneDrive\Desktop\project_new\semantic-photo-intelligence\car_angle_dataset\0\476799.jpeg,0,256,192,5897,none,.jpeg
0__none__382381,C:\Users\aryan\OneDrive\Desktop\project_new\semantic-photo-intelligence\car_angle_dataset\0\382381.jpeg,0,256,191,5761,none,.jpeg
270__none__226878,C:\Users\aryan\OneDrive\Desktop\project_new\semantic-photo-intelligence\car_angle_dataset\270\226878.jpeg,270,256,144,5272,none,.jpeg
0__none__305968,C:\Users\aryan\OneDrive\Desktop\project_new\semantic-photo-intelligence\car_angle_dataset\0\305968.jpeg,0,256,144,2868,none,.jpeg
180__none__233821,C:\Users\aryan\OneDrive\Desktop\project_new\semantic-photo-intelligence\car_angle_dataset\180\233821.jpeg,180,256,144,2483,none,.jpeg
270__none__190162,C:\Users\aryan\OneDrive\Desktop\project_new\semantic-photo-intelligence\car_angle_dataset\270\190162.jpeg,270,256,144,4750,none,.jpeg
130__none__187131,C:\Users\aryan\OneDrive\Desktop\project_new\semantic-photo-intelligence\car_angle_dataset\130\187131.jpeg,130,256,144,5329,none,.jpeg
130__none__417992,C:\Users\aryan\OneDrive\Desktop\project_new\semantic-photo-intelligence\car_angle_dataset\130\417992.jpeg,130,256,144,4235,none,.jpeg
130__none__231789,C:\Users\aryan\OneDrive\Desktop\project_new\semantic-photo-intelligence\car_angle_dataset\130\231789.jpeg,130,256,144,4503,none,.jpeg
270__none__398459,C:\Users\aryan\OneDrive\Desktop\project_new\semantic-photo-intelligence\car_angle_dataset\270\398459.jpeg,270,256,192,5032,none,.jpeg
180__none__227507,C:\Users\aryan\OneDrive\Desktop\project_new\semantic-photo-intelligence\car_angle_dataset\180\227507.jpeg,180,256,144,4301,none,.jpeg
90__none__57711,C:\Users\aryan\OneDrive\Desktop\project_new\semantic-photo-intelligence\car_angle_dataset\90\57711.jpeg,90,256,192,5158,none,.jpeg
0__none__187273,C:\Users\aryan\OneDrive\Desktop\project_new\semantic-photo-intelligence\car_angle_dataset\0\187273.jpeg,0,256,144,5083,none,.jpeg
0__none__196499,C:\Users\aryan\OneDrive\Desktop\project_new\semantic-photo-intelligence\car_angle_dataset\0\196499.jpeg,0,256,192,5725,none,.jpeg
90__none__144072,C:\Users\aryan\OneDrive\Desktop\project_new\semantic-photo-intelligence\car_angle_dataset\90\144072.jpeg,90,256,144,4070,none,.jpeg
0__none__193683,C:\Users\aryan\OneDrive\Desktop\project_new\semantic-photo-intelligence\car_angle_dataset\0\193683.jpeg,0,256,192,8267,none,.jpeg
270__none__376633,C:\Users\aryan\OneDrive\Desktop\project_new\semantic-photo-intelligence\car_angle_dataset\270\376633.jpeg,270,256,144,4085,none,.jpeg
0__none__429372,C:\Users\aryan\OneDrive\Desktop\project_new\semantic-photo-intelligence\car_angle_dataset\0\429372.jpeg,0,256,170,7331,none,.jpeg
180__none__376260,C:\Users\aryan\OneDrive\Desktop\project_new\semantic-photo-intelligence\car_angle_dataset\180\376260.jpeg,180,256,192,3929,none,.jpeg
0__none__411851,C:\Users\aryan\OneDrive\Desktop\project_new\semantic-photo-intelligence\car_angle_dataset\0\411851.jpeg,0,256,144,5800,none,.jpeg
130__none__276551,C:\Users\aryan\OneDrive\Desktop\project_new\semantic-photo-intelligence\car_angle_dataset\130\276551.jpeg,130,256,144,4568,none,.jpeg
90__none__176873,C:\Users\aryan\OneDrive\Desktop\project_new\semantic-photo-intelligence\car_angle_dataset\90\176873.jpeg,90,256,144,2510,none,.jpeg
0__none__185676,C:\Users\aryan\OneDrive\Desktop\project_new\semantic-photo-intelligence\car_angle_dataset\0\185676.jpeg,0,256,144,3658,none,.jpeg
270__none__445513,C:\Users\aryan\OneDrive\Desktop\project_new\semantic-photo-intelligence\car_angle_dataset\270\445513.jpeg,270,256,192,4323,none,.jpeg
270__none__416919,C:\Users\aryan\OneDrive\Desktop\project_new\semantic-photo-intelligence\car_angle_dataset\270\416919.jpeg,270,256,144,4355,none,.jpeg
90__none__148237,C:\Users\aryan\OneDrive\Desktop\project_new\semantic-photo-intelligence\car_angle_dataset\90\148237.jpeg,90,256,192,5576,none,.jpeg
0__none__225479,C:\Users\aryan\OneDrive\Desktop\project_new\semantic-photo-intelligence\car_angle_dataset\0\225479.jpeg,0,256,191,5932,none,.jpeg
0__none__462949,C:\Users\aryan\OneDrive\Desktop\project_new\semantic-photo-intelligence\car_angle_dataset\0\462949.jpeg,0,256,192,4910,none,.jpeg
0__none__118185,C:\Users\aryan\OneDrive\Desktop\project_new\semantic-photo-intelligence\car_angle_dataset\0\118185.jpeg,0,256,144,3674,none,.jpeg
180__none__254039,C:\Users\aryan\OneDrive\Desktop\project_new\semantic-photo-intelligence\car_angle_dataset\180\254039.jpeg,180,256,191,8298,none,.jpeg
270__none__363325,C:\Users\aryan\OneDrive\Desktop\project_new\semantic-photo-intelligence\car_angle_dataset\270\363325.jpeg,270,256,192,4154,none,.jpeg
130__none__147942,C:\Users\aryan\OneDrive\Desktop\project_new\semantic-photo-intelligence\car_angle_dataset\130\147942.jpeg,130,256,144,5506,none,.jpeg
130__none__315711,C:\Users\aryan\OneDrive\Desktop\project_new\semantic-photo-intelligence\car_angle_dataset\130\315711.jpeg,130,256,144,3882,none,.jpeg
130__none__212331,C:\Users\aryan\OneDrive\Desktop\project_new\semantic-photo-intelligence\car_angle_dataset\130\212331.jpeg,130,256,144,3426,none,.jpeg
130__none__343919,C:\Users\aryan\OneDrive\Desktop\project_new\semantic-photo-intelligence\car_angle_dataset\130\343919.jpeg,130,256,144,3338,none,.jpeg
90__none__117844,C:\Users\aryan\OneDrive\Desktop\project_new\semantic-photo-intelligence\car_angle_dataset\90\117844.jpeg,90,256,144,4418,none,.jpeg
90__none__198598,C:\Users\aryan\OneDrive\Desktop\project_new\semantic-photo-intelligence\car_angle_dataset\90\198598.jpeg,90,256,144,5298,none,.jpeg
0__none__223146,C:\Users\aryan\OneDrive\Desktop\project_new\semantic-photo-intelligence\car_angle_dataset\0\223146.jpeg,0,256,144,3253,none,.jpeg
180__none__232534,C:\Users\aryan\OneDrive\Desktop\project_new\semantic-photo-intelligence\car_angle_dataset\180\232534.jpeg,180,256,144,3702,none,.jpeg
180__none__118298,C:\Users\aryan\OneDrive\Desktop\project_new\semantic-photo-intelligence\car_angle_dataset\180\118298.jpeg,180,256,144,4111,none,.jpeg
270__none__422087,C:\Users\aryan\OneDrive\Desktop\project_new\semantic-photo-intelligence\car_angle_dataset\270\422087.jpeg,270,256,191,4950,none,.jpeg
90__none__19631,C:\Users\aryan\OneDrive\Desktop\project_new\semantic-photo-intelligence\car_angle_dataset\90\19631.jpeg,90,256,144,4119,none,.jpeg
90__none__215520,C:\Users\aryan\OneDrive\Desktop\project_new\semantic-photo-intelligence\car_angle_dataset\90\215520.jpeg,90,256,144,3154,none,.jpeg
270__none__220465,C:\Users\aryan\OneDrive\Desktop\project_new\semantic-photo-intelligence\car_angle_dataset\270\220465.jpeg,270,256,192,4909,none,.jpeg
0__none__132994,C:\Users\aryan\OneDrive\Desktop\project_new\semantic-photo-intelligence\car_angle_dataset\0\132994.jpeg,0,256,192,7744,none,.jpeg
180__none__184045,C:\Users\aryan\OneDrive\Desktop\project_new\semantic-photo-intelligence\car_angle_dataset\180\184045.jpeg,180,256,144,2867,none,.jpeg
90__none__279599,C:\Users\aryan\OneDrive\Desktop\project_new\semantic-photo-intelligence\car_angle_dataset\90\279599.jpeg,90,256,144,4783,none,.jpeg
270__none__430207,C:\Users\aryan\OneDrive\Desktop\project_new\semantic-photo-intelligence\car_angle_dataset\270\430207.jpeg,270,256,192,4945,none,.jpeg
130__none__188308,C:\Users\aryan\OneDrive\Desktop\project_new\semantic-photo-intelligence\car_angle_dataset\130\188308.jpeg,130,256,192,4668,none,.jpeg
270__none__336039,C:\Users\aryan\OneDrive\Desktop\project_new\semantic-photo-intelligence\car_angle_dataset\270\336039.jpeg,270,256,192,4886,none,.jpeg
180__none__409034,C:\Users\aryan\OneDrive\Desktop\project_new\semantic-photo-intelligence\car_angle_dataset\180\409034.jpeg,180,256,192,4704,none,.jpeg
130__none__281009,C:\Users\aryan\OneDrive\Desktop\project_new\semantic-photo-intelligence\car_angle_dataset\130\281009.jpeg,130,256,144,4658,none,.jpeg
130__none__191179,C:\Users\aryan\OneDrive\Desktop\project_new\semantic-photo-intelligence\car_angle_dataset\130\191179.jpeg,130,256,192,3811,none,.jpeg
180__none__135110,C:\Users\aryan\OneDrive\Desktop\project_new\semantic-photo-intelligence\car_angle_dataset\180\135110.jpeg,180,256,144,3406,none,.jpeg
270__none__361066,C:\Users\aryan\OneDrive\Desktop\project_new\semantic-photo-intelligence\car_angle_dataset\270\361066.jpeg,270,256,192,4966,none,.jpeg
0__none__107396,C:\Users\aryan\OneDrive\Desktop\project_new\semantic-photo-intelligence\car_angle_dataset\0\107396.jpeg,0,256,144,3463,none,.jpeg
180__none__457665,C:\Users\aryan\OneDrive\Desktop\project_new\semantic-photo-intelligence\car_angle_dataset\180\457665.jpeg,180,256,192,6781,none,.jpeg
90__none__9724,C:\Users\aryan\OneDrive\Desktop\project_new\semantic-photo-intelligence\car_angle_dataset\90\9724.jpeg,90,256,144,3929,none,.jpeg
90__none__290239,C:\Users\aryan\OneDrive\Desktop\project_new\semantic-photo-intelligence\car_angle_dataset\90\290239.jpeg,90,256,192,5998,none,.jpeg
90__none__309360,C:\Users\aryan\OneDrive\Desktop\project_new\semantic-photo-intelligence\car_angle_dataset\90\309360.jpeg,90,256,144,4640,none,.jpeg
90__none__65179,C:\Users\aryan\OneDrive\Desktop\project_new\semantic-photo-intelligence\car_angle_dataset\90\65179.jpeg,90,256,144,3583,none,.jpeg
0__none__331947,C:\Users\aryan\OneDrive\Desktop\project_new\semantic-photo-intelligence\car_angle_dataset\0\331947.jpeg,0,256,144,3559,none,.jpeg
0__none__255345,C:\Users\aryan\OneDrive\Desktop\project_new\semantic-photo-intelligence\car_angle_dataset\0\255345.jpeg,0,256,144,4823,none,.jpeg
180__none__183603,C:\Users\aryan\OneDrive\Desktop\project_new\semantic-photo-intelligence\car_angle_dataset\180\183603.jpeg,180,256,144,4159,none,.jpeg
0__none__325688,C:\Users\aryan\OneDrive\Desktop\project_new\semantic-photo-intelligence\car_angle_dataset\0\325688.jpeg,0,256,192,8643,none,.jpeg
90__none__77121,C:\Users\aryan\OneDrive\Desktop\project_new\semantic-photo-intelligence\car_angle_dataset\90\77121.jpeg,90,256,191,4740,none,.jpeg
90__none__30156,C:\Users\aryan\OneDrive\Desktop\project_new\semantic-photo-intelligence\car_angle_dataset\90\30156.jpeg,90,256,144,4136,none,.jpeg
0__none__272385,C:\Users\aryan\OneDrive\Desktop\project_new\semantic-photo-intelligence\car_angle_dataset\0\272385.jpeg,0,256,144,3733,none,.jpeg
130__none__107941,C:\Users\aryan\OneDrive\Desktop\project_new\semantic-photo-intelligence\car_angle_dataset\130\107941.jpeg,130,256,144,5806,none,.jpeg
270__none__240408,C:\Users\aryan\OneDrive\Desktop\project_new\semantic-photo-intelligence\car_angle_dataset\270\240408.jpeg,270,256,192,3618,none,.jpeg
0__none__305536,C:\Users\aryan\OneDrive\Desktop\project_new\semantic-photo-intelligence\car_angle_dataset\0\305536.jpeg,0,256,192,7095,none,.jpeg
90__none__278235,C:\Users\aryan\OneDrive\Desktop\project_new\semantic-photo-intelligence\car_angle_dataset\90\278235.jpeg,90,256,191,4634,none,.jpeg
180__none__222214,C:\Users\aryan\OneDrive\Desktop\project_new\semantic-photo-intelligence\car_angle_dataset\180\222214.jpeg,180,256,144,4615,none,.jpeg
130__none__376374,C:\Users\aryan\OneDrive\Desktop\project_new\semantic-photo-intelligence\car_angle_dataset\130\376374.jpeg,130,256,144,3614,none,.jpeg
130__none__489171,C:\Users\aryan\OneDrive\Desktop\project_new\semantic-photo-intelligence\car_angle_dataset\130\489171.jpeg,130,256,192,3978,none,.jpeg
0__none__285221,C:\Users\aryan\OneDrive\Desktop\project_new\semantic-photo-intelligence\car_angle_dataset\0\285221.jpeg,0,256,192,7431,none,.jpeg
270__none__393589,C:\Users\aryan\OneDrive\Desktop\project_new\semantic-photo-intelligence\car_angle_dataset\270\393589.jpeg,270,256,192,5566,none,.jpeg
180__none__148695,C:\Users\aryan\OneDrive\Desktop\project_new\semantic-photo-intelligence\car_angle_dataset\180\148695.jpeg,180,256,144,3544,none,.jpeg
90__none__15012,C:\Users\aryan\OneDrive\Desktop\project_new\semantic-photo-intelligence\car_angle_dataset\90\15012.jpeg,90,256,144,3342,none,.jpeg
270__none__344630,C:\Users\aryan\OneDrive\Desktop\project_new\semantic-photo-intelligence\car_angle_dataset\270\344630.jpeg,270,256,144,5079,none,.jpeg
180__none__321632,C:\Users\aryan\OneDrive\Desktop\project_new\semantic-photo-intelligence\car_angle_dataset\180\321632.jpeg,180,256,144,3673,none,.jpeg
180__none__268035,C:\Users\aryan\OneDrive\Desktop\project_new\semantic-photo-intelligence\car_angle_dataset\180\268035.jpeg,180,256,192,6001,none,.jpeg
270__none__351710,C:\Users\aryan\OneDrive\Desktop\project_new\semantic-photo-intelligence\car_angle_dataset\270\351710.jpeg,270,256,144,4020,none,.jpeg
180__none__470199,C:\Users\aryan\OneDrive\Desktop\project_new\semantic-photo-intelligence\car_angle_dataset\180\470199.jpeg,180,256,192,3635,none,.jpeg
270__none__484031,C:\Users\aryan\OneDrive\Desktop\project_new\semantic-photo-intelligence\car_angle_dataset\270\484031.jpeg,270,256,144,5708,none,.jpeg
0__none__333820,C:\Users\aryan\OneDrive\Desktop\project_new\semantic-photo-intelligence\car_angle_dataset\0\333820.jpeg,0,256,144,4288,none,.jpeg
90__none__197414,C:\Users\aryan\OneDrive\Desktop\project_new\semantic-photo-intelligence\car_angle_dataset\90\197414.jpeg,90,256,144,4241,none,.jpeg
130__none__79908,C:\Users\aryan\OneDrive\Desktop\project_new\semantic-photo-intelligence\car_angle_dataset\130\79908.jpeg,130,256,144,2540,none,.jpeg
180__none__310646,C:\Users\aryan\OneDrive\Desktop\project_new\semantic-photo-intelligence\car_angle_dataset\180\310646.jpeg,180,256,144,3729,none,.jpeg
130__none__325243,C:\Users\aryan\OneDrive\Desktop\project_new\semantic-photo-intelligence\car_angle_dataset\130\325243.jpeg,130,256,144,5438,none,.jpeg
270__none__364006,C:\Users\aryan\OneDrive\Desktop\project_new\semantic-photo-intelligence\car_angle_dataset\270\364006.jpeg,270,256,192,3570,none,.jpeg
90__none__206869,C:\Users\aryan\OneDrive\Desktop\project_new\semantic-photo-intelligence\car_angle_dataset\90\206869.jpeg,90,256,192,5800,none,.jpeg
180__none__166507,C:\Users\aryan\OneDrive\Desktop\project_new\semantic-photo-intelligence\car_angle_dataset\180\166507.jpeg,180,256,144,4112,none,.jpeg
0__none__121545,C:\Users\aryan\OneDrive\Desktop\project_new\semantic-photo-intelligence\car_angle_dataset\0\121545.jpeg,0,256,144,4734,none,.jpeg
90__none__254793,C:\Users\aryan\OneDrive\Desktop\project_new\semantic-photo-intelligence\car_angle_dataset\90\254793.jpeg,90,256,144,5343,none,.jpeg
130__none__283216,C:\Users\aryan\OneDrive\Desktop\project_new\semantic-photo-intelligence\car_angle_dataset\130\283216.jpeg,130,256,144,2693,none,.jpeg
180__none__174189,C:\Users\aryan\OneDrive\Desktop\project_new\semantic-photo-intelligence\car_angle_dataset\180\174189.jpeg,180,256,144,4149,none,.jpeg
130__none__183864,C:\Users\aryan\OneDrive\Desktop\project_new\semantic-photo-intelligence\car_angle_dataset\130\183864.jpeg,130,256,192,4668,none,.jpeg
130__none__406803,C:\Users\aryan\OneDrive\Desktop\project_new\semantic-photo-intelligence\car_angle_dataset\130\406803.jpeg,130,256,144,3167,none,.jpeg
180__none__268805,C:\Users\aryan\OneDrive\Desktop\project_new\semantic-photo-intelligence\car_angle_dataset\180\268805.jpeg,180,256,170,5031,none,.jpeg
270__none__349800,C:\Users\aryan\OneDrive\Desktop\project_new\semantic-photo-intelligence\car_angle_dataset\270\349800.jpeg,270,256,144,4174,none,.jpeg
0__none__308555,C:\Users\aryan\OneDrive\Desktop\project_new\semantic-photo-intelligence\car_angle_dataset\0\308555.jpeg,0,256,170,7022,none,.jpeg
90__none__326001,C:\Users\aryan\OneDrive\Desktop\project_new\semantic-photo-intelligence\car_angle_dataset\90\326001.jpeg,90,256,144,3722,none,.jpeg
0__none__342480,C:\Users\aryan\OneDrive\Desktop\project_new\semantic-photo-intelligence\car_angle_dataset\0\342480.jpeg,0,256,192,7191,none,.jpeg
0__none__80771,C:\Users\aryan\OneDrive\Desktop\project_new\semantic-photo-intelligence\car_angle_dataset\0\80771.jpeg,0,256,192,5654,none,.jpeg
90__none__330631,C:\Users\aryan\OneDrive\Desktop\project_new\semantic-photo-intelligence\car_angle_dataset\90\330631.jpeg,90,256,192,4302,none,.jpeg
130__none__389459,C:\Users\aryan\OneDrive\Desktop\project_new\semantic-photo-intelligence\car_angle_dataset\130\389459.jpeg,130,256,192,4021,none,.jpeg
90__none__172506,C:\Users\aryan\OneDrive\Desktop\project_new\semantic-photo-intelligence\car_angle_dataset\90\172506.jpeg,90,256,144,4459,none,.jpeg
130__none__482880,C:\Users\aryan\OneDrive\Desktop\project_new\semantic-photo-intelligence\car_angle_dataset\130\482880.jpeg,130,256,192,5588,none,.jpeg
270__none__420264,C:\Users\aryan\OneDrive\Desktop\project_new\semantic-photo-intelligence\car_angle_dataset\270\420264.jpeg,270,256,191,5977,none,.jpeg
180__none__374440,C:\Users\aryan\OneDrive\Desktop\project_new\semantic-photo-intelligence\car_angle_dataset\180\374440.jpeg,180,256,192,5344,none,.jpeg
270__none__211205,C:\Users\aryan\OneDrive\Desktop\project_new\semantic-photo-intelligence\car_angle_dataset\270\211205.jpeg,270,256,144,3627,none,.jpeg
270__none__260863,C:\Users\aryan\OneDrive\Desktop\project_new\semantic-photo-intelligence\car_angle_dataset\270\260863.jpeg,270,256,191,4700,none,.jpeg
270__none__460030,C:\Users\aryan\OneDrive\Desktop\project_new\semantic-photo-intelligence\car_angle_dataset\270\460030.jpeg,270,256,191,4240,none,.jpeg
180__none__68998,C:\Users\aryan\OneDrive\Desktop\project_new\semantic-photo-intelligence\car_angle_dataset\180\68998.jpeg,180,256,144,3147,none,.jpeg
130__none__473750,C:\Users\aryan\OneDrive\Desktop\project_new\semantic-photo-intelligence\car_angle_dataset\130\473750.jpeg,130,256,144,3886,none,.jpeg
90__none__15313,C:\Users\aryan\OneDrive\Desktop\project_new\semantic-photo-intelligence\car_angle_dataset\90\15313.jpeg,90,256,192,5689,none,.jpeg
180__none__168261,C:\Users\aryan\OneDrive\Desktop\project_new\semantic-photo-intelligence\car_angle_dataset\180\168261.jpeg,180,256,192,3264,none,.jpeg
270__none__225717,C:\Users\aryan\OneDrive\Desktop\project_new\semantic-photo-intelligence\car_angle_dataset\270\225717.jpeg,270,256,144,3272,none,.jpeg
270__none__397742,C:\Users\aryan\OneDrive\Desktop\project_new\semantic-photo-intelligence\car_angle_dataset\270\397742.jpeg,270,256,192,5224,none,.jpeg
0__none__189448,C:\Users\aryan\OneDrive\Desktop\project_new\semantic-photo-intelligence\car_angle_dataset\0\189448.jpeg,0,256,144,4268,none,.jpeg
270__none__375338,C:\Users\aryan\OneDrive\Desktop\project_new\semantic-photo-intelligence\car_angle_dataset\270\375338.jpeg,270,256,192,4304,none,.jpeg
130__none__379509,C:\Users\aryan\OneDrive\Desktop\project_new\semantic-photo-intelligence\car_angle_dataset\130\379509.jpeg,130,256,144,3400,none,.jpeg
0__none__173571,C:\Users\aryan\OneDrive\Desktop\project_new\semantic-photo-intelligence\car_angle_dataset\0\173571.jpeg,0,256,192,5151,none,.jpeg
180__none__199516,C:\Users\aryan\OneDrive\Desktop\project_new\semantic-photo-intelligence\car_angle_dataset\180\199516.jpeg,180,256,144,3462,none,.jpeg
130__none__93522,C:\Users\aryan\OneDrive\Desktop\project_new\semantic-photo-intelligence\car_angle_dataset\130\93522.jpeg,130,256,144,5305,none,.jpeg
90__none__186653,C:\Users\aryan\OneDrive\Desktop\project_new\semantic-photo-intelligence\car_angle_dataset\90\186653.jpeg,90,256,144,4320,none,.jpeg
180__none__317722,C:\Users\aryan\OneDrive\Desktop\project_new\semantic-photo-intelligence\car_angle_dataset\180\317722.jpeg,180,256,144,3774,none,.jpeg
0__none__110566,C:\Users\aryan\OneDrive\Desktop\project_new\semantic-photo-intelligence\car_angle_dataset\0\110566.jpeg,0,256,144,3064,none,.jpeg
0__none__477000,C:\Users\aryan\OneDrive\Desktop\project_new\semantic-photo-intelligence\car_angle_dataset\0\477000.jpeg,0,256,192,6115,none,.jpeg
270__none__370348,C:\Users\aryan\OneDrive\Desktop\project_new\semantic-photo-intelligence\car_angle_dataset\270\370348.jpeg,270,256,192,4838,none,.jpeg
270__none__396370,C:\Users\aryan\OneDrive\Desktop\project_new\semantic-photo-intelligence\car_angle_dataset\270\396370.jpeg,270,256,144,6030,none,.jpeg
0__none__162866,C:\Users\aryan\OneDrive\Desktop\project_new\semantic-photo-intelligence\car_angle_dataset\0\162866.jpeg,0,256,144,2785,none,.jpeg
0__none__419785,C:\Users\aryan\OneDrive\Desktop\project_new\semantic-photo-intelligence\car_angle_dataset\0\419785.jpeg,0,256,192,5642,none,.jpeg
0__none__298201,C:\Users\aryan\OneDrive\Desktop\project_new\semantic-photo-intelligence\car_angle_dataset\0\298201.jpeg,0,256,144,4678,none,.jpeg
0__none__205430,C:\Users\aryan\OneDrive\Desktop\project_new\semantic-photo-intelligence\car_angle_dataset\0\205430.jpeg,0,256,192,6825,none,.jpeg
0__none__286702,C:\Users\aryan\OneDrive\Desktop\project_new\semantic-photo-intelligence\car_angle_dataset\0\286702.jpeg,0,256,144,2775,none,.jpeg
270__none__205434,C:\Users\aryan\OneDrive\Desktop\project_new\semantic-photo-intelligence\car_angle_dataset\270\205434.jpeg,270,256,192,6031,none,.jpeg
0__none__439335,C:\Users\aryan\OneDrive\Desktop\project_new\semantic-photo-intelligence\car_angle_dataset\0\439335.jpeg,0,256,191,5504,none,.jpeg
130__none__151358,C:\Users\aryan\OneDrive\Desktop\project_new\semantic-photo-intelligence\car_angle_dataset\130\151358.jpeg,130,256,192,4668,none,.jpeg
270__none__492009,C:\Users\aryan\OneDrive\Desktop\project_new\semantic-photo-intelligence\car_angle_dataset\270\492009.jpeg,270,256,192,5179,none,.jpeg
90__none__134421,C:\Users\aryan\OneDrive\Desktop\project_new\semantic-photo-intelligence\car_angle_dataset\90\134421.jpeg,90,256,144,4130,none,.jpeg
130__none__115723,C:\Users\aryan\OneDrive\Desktop\project_new\semantic-photo-intelligence\car_angle_dataset\130\115723.jpeg,130,256,144,3635,none,.jpeg
180__none__320595,C:\Users\aryan\OneDrive\Desktop\project_new\semantic-photo-intelligence\car_angle_dataset\180\320595.jpeg,180,256,192,5793,none,.jpeg
90__none__399,C:\Users\aryan\OneDrive\Desktop\project_new\semantic-photo-intelligence\car_angle_dataset\90\399.jpeg,90,256,192,5451,none,.jpeg
90__none__304132,C:\Users\aryan\OneDrive\Desktop\project_new\semantic-photo-intelligence\car_angle_dataset\90\304132.jpeg,90,256,192,4439,none,.jpeg
0__none__432670,C:\Users\aryan\OneDrive\Desktop\project_new\semantic-photo-intelligence\car_angle_dataset\0\432670.jpeg,0,256,192,4490,none,.jpeg
130__none__98424,C:\Users\aryan\OneDrive\Desktop\project_new\semantic-photo-intelligence\car_angle_dataset\130\98424.jpeg,130,256,144,3855,none,.jpeg
130__none__131467,C:\Users\aryan\OneDrive\Desktop\project_new\semantic-photo-intelligence\car_angle_dataset\130\131467.jpeg,130,256,144,4243,none,.jpeg
130__none__440024,C:\Users\aryan\OneDrive\Desktop\project_new\semantic-photo-intelligence\car_angle_dataset\130\440024.jpeg,130,256,144,3723,none,.jpeg
270__none__428352,C:\Users\aryan\OneDrive\Desktop\project_new\semantic-photo-intelligence\car_angle_dataset\270\428352.jpeg,270,256,144,4486,none,.jpeg
180__none__123977,C:\Users\aryan\OneDrive\Desktop\project_new\semantic-photo-intelligence\car_angle_dataset\180\123977.jpeg,180,256,144,4586,none,.jpeg
270__none__280847,C:\Users\aryan\OneDrive\Desktop\project_new\semantic-photo-intelligence\car_angle_dataset\270\280847.jpeg,270,256,144,4404,none,.jpeg
180__none__454068,C:\Users\aryan\OneDrive\Desktop\project_new\semantic-photo-intelligence\car_angle_dataset\180\454068.jpeg,180,256,192,4920,none,.jpeg
90__none__91778,C:\Users\aryan\OneDrive\Desktop\project_new\semantic-photo-intelligence\car_angle_dataset\90\91778.jpeg,90,256,144,4110,none,.jpeg
180__none__428330,C:\Users\aryan\OneDrive\Desktop\project_new\semantic-photo-intelligence\car_angle_dataset\180\428330.jpeg,180,256,144,3060,none,.jpeg
130__none__170588,C:\Users\aryan\OneDrive\Desktop\project_new\semantic-photo-intelligence\car_angle_dataset\130\170588.jpeg,130,256,144,3780,none,.jpeg
130__none__413924,C:\Users\aryan\OneDrive\Desktop\project_new\semantic-photo-intelligence\car_angle_dataset\130\413924.jpeg,130,256,192,7626,none,.jpeg
270__none__322786,C:\Users\aryan\OneDrive\Desktop\project_new\semantic-photo-intelligence\car_angle_dataset\270\322786.jpeg,270,256,144,4275,none,.jpeg
0__none__456434,C:\Users\aryan\OneDrive\Desktop\project_new\semantic-photo-intelligence\car_angle_dataset\0\456434.jpeg,0,256,192,3658,none,.jpeg
180__none__253713,C:\Users\aryan\OneDrive\Desktop\project_new\semantic-photo-intelligence\car_angle_dataset\180\253713.jpeg,180,256,144,3384,none,.jpeg
0__none__446674,C:\Users\aryan\OneDrive\Desktop\project_new\semantic-photo-intelligence\car_angle_dataset\0\446674.jpeg,0,256,192,3537,none,.jpeg
90__none__51568,C:\Users\aryan\OneDrive\Desktop\project_new\semantic-photo-intelligence\car_angle_dataset\90\51568.jpeg,90,256,144,3903,none,.jpeg
